instance,sat_result,status,runtime_seconds,peak_memory_mb,memory_metric,solver,solver_backend,solver_binary,solver_message,maxsat_backend_preference,resolved_uwrmaxsat_bin,precedence_mode,encoding_variant,domain_mode,objective,objective_value,proven_optimum,objective_participant_count,objective_participants,idle_range_pstar,all_participant_idle_range,total_internal_idle_slots,initial_schedule_candidates,reduced_schedule_candidates,removed_schedule_candidates,n_vars,n_hard_clauses,n_soft_clauses,n_total_clauses,n_objective_lits,precedence_direct_edges,precedence_closure_edges,precedence_max_distance,participant_internal_idle_slots,busy_participants_per_slot,assignment,schedule_by_slot,validation_errors,enabled_constraints,error_type,error_message,message_type
forum-13.fixed020-Forb,SAT,OPTIMAL,0.976051,96.281,peak_process_tree_rss_mb,maxsat,UWrMaxSAT,/home/adminlinux/solver-build/uwrmaxsat/build/release/bin/uwrmaxsat,process exit code=30,uwrmaxsat,/home/adminlinux/solver-build/uwrmaxsat/build/release/bin/uwrmaxsat,staircase,imp12+,reduced,internal_idle_slot_range_pstar,10,10,58,"1,2,3,4,5,6,7,8,9,10,11,12,13,14,15,16,18,19,23,24,25,26,27,28,29,30,31,32,33,34,35,36,37,38,39,40,41,42,44,45,46,47,48,49,50,52,53,54,56,57,59,60,62,63,64,65,66,70",10,12,242,1957,1713,244,64731,141057,19,141076,19,0,0,0,"4,4,10,2,2,6,2,2,6,5,12,7,4,2,4,2,0,5,5,0,0,0,9,2,2,8,2,2,2,4,2,2,4,4,2,4,11,4,5,8,2,4,0,9,2,12,2,8,2,6,0,2,2,2,0,5,4,0,2,2,0,2,2,2,2,5,0,0,0,2","6,8,6,8,20,26,26,26,24,28,24,20,22,12,10,8,4,6,8,8,8","5,8,9,6,12,11,7,13,1,15,5,2,6,19,18,20,10,21,4,7,5,6,8,13,7,11,6,7,2,5,9,8,10,7,5,9,11,10,13,12,12,10,14,14,15,13,12,10,5,13,11,16,17,18,21,14,19,6,10,9,11,8,9,8,20,10,21,13,12,5,8,2,3,6,11,7,10,4,6,5,9,8,10,13,7,12,11,1,11,20,9,7,8,15,16,14,6,19,9,7,10,5,1,8,10,3,6,11,8,9,12,7,13,12,13,8,9,11,10,7,6,3,12,10,13,9,5,6,14,15,4,11,16,7,16,8,20,11,9,21,18,6,15,4,17,2,14,19,13,7,10,12,8,6",1:M9 M88 M103 | 2:M12 M29 M72 M146 | 3:M73 M106 M122 | 4:M19 M78 M131 M144 | 5:M1 M11 M21 M30 M35 M49 M70 M80 M102 M127 | 6:M4 M13 M22 M27 M58 M74 M79 M97 M107 M121 M128 M142 M154 | 7:M7 M20 M25 M28 M34 M76 M85 M92 M100 M112 M120 M134 M150 | 8:M2 M23 M32 M62 M64 M71 M82 M93 M104 M109 M116 M136 M153 | 9:M3 M31 M36 M60 M63 M81 M91 M99 M110 M117 M126 M139 | 10:M17 M33 M38 M42 M48 M59 M66 M77 M83 M101 M105 M119 M124 M151 | 11:M6 M26 M37 M51 M61 M75 M87 M89 M108 M118 M132 M138 | 12:M5 M40 M41 M47 M69 M86 M111 M114 M123 M152 | 13:M8 M24 M39 M46 M50 M68 M84 M113 M115 M125 M149 | 14:M43 M44 M56 M96 M129 M147 | 15:M10 M45 M94 M130 M143 | 16:M52 M95 M133 M135 | 17:M53 M145 | 18:M15 M54 M141 | 19:M14 M57 M98 M148 | 20:M16 M65 M90 M137 | 21:M18 M55 M67 M140,,"objective-only optimization: no hard upper bound on objective gap | unary domain filtering + participant matching GAC + slot saturation | distance-aware explicit E* bounds and cycle detection | (20),(22)-(27) exactly once over fully reduced domains | (19) participant atMost-one per slot | (46),(47) clustered table capacity with compact forward channeling | (28) sparse shared suffix-ladder precedence over distance-labelled E* | linear P* first/last span encoding: B(p)=last-first+1-|Mp| | exact schedule <-> usedSlot channeling | (43) exactly |Mp| reduced usedSlot variables | (44) atMost 2|L| busy participants per slot | (45) exact even number of busy participants | exact max/min objective gap over P* with no hard upper bound",,,result
forum-13.fixed040-Forb,SAT,OPTIMAL,0.654497,80.621,peak_process_tree_rss_mb,maxsat,UWrMaxSAT,/home/adminlinux/solver-build/uwrmaxsat/build/release/bin/uwrmaxsat,process exit code=30,uwrmaxsat,/home/adminlinux/solver-build/uwrmaxsat/build/release/bin/uwrmaxsat,staircase,imp12+,reduced,internal_idle_slot_range_pstar,12,12,58,"1,2,3,4,5,6,7,8,9,10,11,12,13,14,15,16,18,19,23,24,25,26,27,28,29,30,31,32,33,34,35,36,37,38,39,40,41,42,44,45,46,47,48,49,50,52,53,54,56,57,59,60,62,63,64,65,66,70",12,14,581,1480,1108,372,48244,105346,19,105365,19,0,0,0,"4,9,13,10,9,12,7,8,7,12,11,7,12,14,7,6,0,11,14,0,0,0,14,13,5,12,6,10,14,2,14,14,14,14,10,9,11,14,13,12,4,9,0,14,14,14,14,14,3,14,0,4,2,14,0,11,7,0,10,14,0,4,11,8,9,6,0,0,0,7","28,20,20,16,14,16,8,10,18,20,16,16,28,8,8,6,8,10,12,12,14","3,9,2,13,7,5,12,4,1,19,15,18,21,20,3,9,10,17,4,12,3,13,1,2,7,9,13,7,2,9,11,3,8,8,5,2,11,12,13,1,12,4,21,18,14,13,10,1,3,15,18,16,17,20,1,21,19,6,10,13,11,9,3,18,20,19,21,1,5,4,8,2,3,6,11,13,12,11,2,1,5,9,13,10,4,6,3,12,15,20,13,9,10,19,1,14,6,21,5,3,10,13,6,1,10,5,4,2,1,8,12,13,11,13,6,2,1,11,10,8,9,5,10,20,1,16,2,11,6,19,21,14,17,9,3,15,13,14,20,21,19,18,7,4,17,2,1,16,6,13,10,4,12,1",1:M9 M23 M40 M48 M55 M68 M80 M95 M104 M109 M117 M125 M147 M154 | 2:M3 M24 M29 M36 M72 M79 M108 M116 M127 M146 | 3:M1 M15 M21 M32 M49 M63 M73 M87 M100 M135 | 4:M8 M19 M42 M70 M85 M107 M144 M152 | 5:M6 M35 M69 M81 M99 M106 M122 | 6:M58 M74 M86 M97 M103 M115 M129 M149 | 7:M5 M25 M28 M143 | 8:M33 M34 M71 M110 M120 | 9:M2 M16 M26 M30 M62 M82 M92 M121 M134 | 10:M17 M47 M59 M84 M93 M101 M105 M119 M123 M151 | 11:M31 M37 M61 M75 M78 M113 M118 M128 | 12:M7 M20 M38 M41 M77 M88 M111 M153 | 13:M4 M22 M27 M39 M46 M60 M76 M83 M91 M102 M112 M114 M137 M150 | 14:M45 M96 M132 M138 | 15:M11 M50 M89 M136 | 16:M52 M126 M148 | 17:M18 M53 M133 M145 | 18:M12 M44 M51 M64 M142 | 19:M10 M57 M66 M94 M130 M141 | 20:M14 M54 M65 M90 M124 M139 | 21:M13 M43 M56 M67 M98 M131 M140,,"objective-only optimization: no hard upper bound on objective gap | unary domain filtering + participant matching GAC + slot saturation | distance-aware explicit E* bounds and cycle detection | (20),(22)-(27) exactly once over fully reduced domains | (19) participant atMost-one per slot | (46),(47) clustered table capacity with compact forward channeling | (28) sparse shared suffix-ladder precedence over distance-labelled E* | linear P* first/last span encoding: B(p)=last-first+1-|Mp| | exact schedule <-> usedSlot channeling | (43) exactly |Mp| reduced usedSlot variables | (44) atMost 2|L| busy participants per slot | (45) exact even number of busy participants | exact max/min objective gap over P* with no hard upper bound",,,result
forum-13crafb.fixed020-Forb,SAT,OPTIMAL,1.107548,97.141,peak_process_tree_rss_mb,maxsat,UWrMaxSAT,/home/adminlinux/solver-build/uwrmaxsat/build/release/bin/uwrmaxsat,process exit code=30,uwrmaxsat,/home/adminlinux/solver-build/uwrmaxsat/build/release/bin/uwrmaxsat,staircase,imp12+,reduced,internal_idle_slot_range_pstar,17,17,56,"1,2,3,4,7,8,9,10,12,13,14,15,16,17,18,19,20,21,22,23,24,25,26,28,29,30,31,32,33,36,37,38,39,40,41,42,43,44,45,47,48,51,53,54,56,57,58,59,60,61,62,63,64,65,66,76",17,17,700,2545,2138,407,64594,146261,20,146281,20,0,0,0,"12,13,10,14,0,0,7,3,6,13,0,16,15,11,15,17,15,8,11,13,15,11,16,9,16,15,0,17,2,6,12,17,10,0,0,16,17,6,14,15,17,15,11,17,16,0,17,0,0,0,15,0,12,11,0,17,17,4,17,17,12,0,17,7,15,17,0,0,0,0,0,0,0,0,0,16","28,28,22,20,18,14,16,14,20,18,16,14,12,12,12,10,12,10,14,28,24,28","10,14,10,6,3,11,2,2,17,21,6,5,3,12,18,21,2,17,16,15,20,7,21,4,8,5,17,14,9,11,2,9,9,19,1,9,4,20,2,10,19,1,5,14,19,13,20,9,2,11,14,12,21,16,10,13,15,20,2,22,21,12,3,16,20,22,6,1,15,22,7,5,20,12,21,18,2,3,4,8,11,1,7,2,19,21,22,1,22,3,10,4,22,18,15,21,13,17,20,16,14,19,22,20,22,13,21,21,17,1,7,4,11,10,18,22,1,11,3,7,6,2,9,20,2,20,8,22,3,4,2,8,9,5,13,19,11,20,22,16,14,17,7,1,18,4,1,5,19,3,5,6,1,20,9,21,10,8,15,12,22,1,4,1,4,5,10,8,9,7,3,2,6,11,12,1,20,13,7,21,4,3,8,6,5,2,22,15,9,3,12,20,10,1,22",1:M35 M42 M68 M82 M88 M110 M117 M144 M147 M153 M162 M164 M176 M194 | 2:M7 M8 M17 M31 M39 M49 M59 M77 M84 M122 M125 M131 M172 M186 | 3:M5 M13 M63 M78 M90 M119 M129 M150 M171 M182 M190 | 4:M24 M37 M79 M92 M112 M130 M146 M163 M165 M181 | 5:M12 M26 M43 M72 M134 M148 M151 M166 M185 | 6:M4 M11 M67 M121 M152 M173 M184 | 7:M22 M71 M83 M111 M120 M143 M170 M179 | 8:M25 M80 M127 M132 M158 M168 M183 | 9:M29 M32 M33 M36 M48 M123 M133 M155 M169 M189 | 10:M1 M3 M40 M55 M91 M114 M157 M167 M193 | 11:M6 M30 M50 M81 M113 M118 M137 M174 | 12:M14 M52 M62 M74 M160 M175 M191 | 13:M46 M56 M97 M106 M135 M178 | 14:M2 M28 M44 M51 M101 M141 | 15:M20 M57 M69 M95 M159 M188 | 16:M19 M54 M64 M100 M140 | 17:M9 M18 M27 M98 M109 M142 | 18:M15 M76 M94 M115 M145 | 19:M34 M41 M45 M85 M102 M136 M149 | 20:M21 M38 M47 M58 M65 M73 M99 M104 M124 M126 M138 M154 M177 M192 | 21:M10 M16 M23 M53 M61 M75 M86 M96 M107 M108 M156 M180 | 22:M60 M66 M70 M87 M89 M93 M103 M105 M116 M128 M139 M161 M187 M195,,"objective-only optimization: no hard upper bound on objective gap | unary domain filtering + participant matching GAC + slot saturation | distance-aware explicit E* bounds and cycle detection | (20),(22)-(27) exactly once over fully reduced domains | (19) participant atMost-one per slot | (46),(47) clustered table capacity with compact forward channeling | (28) sparse shared suffix-ladder precedence over distance-labelled E* | linear P* first/last span encoding: B(p)=last-first+1-|Mp| | exact schedule <-> usedSlot channeling | (43) exactly |Mp| reduced usedSlot variables | (44) atMost 2|L| busy participants per slot | (45) exact even number of busy participants | exact max/min objective gap over P* with no hard upper bound",,,result
forum-13crafb.fixed040-Forb,UNSAT,UNSAT,0.617654,79.363,peak_process_tree_rss_mb,maxsat,UWrMaxSAT,/home/adminlinux/solver-build/uwrmaxsat/build/release/bin/uwrmaxsat,process exit code=20,uwrmaxsat,/home/adminlinux/solver-build/uwrmaxsat/build/release/bin/uwrmaxsat,staircase,imp12+,reduced,internal_idle_slot_range_pstar,,,56,"1,2,3,4,7,8,9,10,12,13,14,15,16,17,18,19,20,21,22,23,24,25,26,28,29,30,31,32,33,36,37,38,39,40,41,42,43,44,45,47,48,51,53,54,56,57,58,59,60,61,62,63,64,65,66,76",,,,1991,1862,129,63271,140161,20,140181,20,0,0,0,,,,,,"objective-only optimization: no hard upper bound on objective gap | unary domain filtering + participant matching GAC + slot saturation | distance-aware explicit E* bounds and cycle detection | (20),(22)-(27) exactly once over fully reduced domains | (19) participant atMost-one per slot | (46),(47) clustered table capacity with compact forward channeling | (28) sparse shared suffix-ladder precedence over distance-labelled E* | linear P* first/last span encoding: B(p)=last-first+1-|Mp| | exact schedule <-> usedSlot channeling | (43) exactly |Mp| reduced usedSlot variables | (44) atMost 2|L| busy participants per slot | (45) exact even number of busy participants | exact max/min objective gap over P* with no hard upper bound",,,result
forum-13crafc.fixed020-Forb,SAT,OPTIMAL,0.951622,96.277,peak_process_tree_rss_mb,maxsat,UWrMaxSAT,/home/adminlinux/solver-build/uwrmaxsat/build/release/bin/uwrmaxsat,process exit code=30,uwrmaxsat,/home/adminlinux/solver-build/uwrmaxsat/build/release/bin/uwrmaxsat,staircase,imp12+,reduced,internal_idle_slot_range_pstar,10,10,58,"1,2,3,4,5,6,7,8,9,10,11,12,13,14,15,16,18,19,23,24,25,26,27,28,29,30,31,32,33,34,35,36,37,38,39,40,41,42,44,45,46,47,48,49,50,52,53,54,56,57,59,60,62,63,64,65,66,70",10,12,248,1957,1713,244,64867,141381,19,141400,19,0,0,0,"3,4,10,2,2,9,2,2,6,5,11,7,2,2,6,2,0,5,6,0,0,0,9,3,2,8,2,3,2,4,2,2,4,4,2,4,11,4,7,8,2,4,0,9,2,12,2,8,2,6,0,2,2,2,0,5,4,0,2,2,0,2,2,2,2,5,0,0,0,2","8,8,14,12,16,24,24,24,24,24,24,24,22,12,8,8,4,4,8,8,8","5,8,9,6,3,11,7,12,1,15,5,12,4,3,19,20,10,21,4,5,13,6,8,2,7,11,6,7,2,1,9,8,3,7,5,6,11,10,13,12,12,10,14,14,15,13,12,8,5,13,11,16,17,18,21,14,19,6,10,9,11,11,9,8,20,10,21,8,13,7,9,2,3,6,11,12,10,4,6,5,9,8,10,13,7,12,11,1,11,20,9,7,16,10,8,14,6,19,9,7,10,5,1,3,10,3,8,11,9,7,12,4,13,12,13,8,9,11,10,7,6,3,8,12,13,9,6,5,14,15,4,11,16,7,16,13,20,15,12,21,18,6,9,4,17,2,14,19,12,7,10,13,8,6",1:M9 M30 M88 M103 | 2:M24 M29 M72 M146 | 3:M5 M14 M33 M73 M104 M106 M122 | 4:M13 M19 M78 M112 M131 M144 | 5:M1 M11 M20 M35 M49 M80 M102 M128 | 6:M4 M22 M27 M36 M58 M74 M79 M97 M121 M127 M142 M154 | 7:M7 M25 M28 M34 M70 M85 M92 M100 M110 M120 M134 M150 | 8:M2 M23 M32 M48 M64 M68 M82 M95 M107 M116 M123 M153 | 9:M3 M31 M60 M63 M71 M81 M91 M99 M109 M117 M126 M143 | 10:M17 M38 M42 M59 M66 M77 M83 M94 M101 M105 M119 M151 | 11:M6 M26 M37 M51 M61 M62 M75 M87 M89 M108 M118 M132 | 12:M8 M12 M40 M41 M47 M76 M86 M111 M114 M124 M139 M149 | 13:M21 M39 M46 M50 M69 M84 M113 M115 M125 M136 M152 | 14:M43 M44 M56 M96 M129 M147 | 15:M10 M45 M130 M138 | 16:M52 M93 M133 M135 | 17:M53 M145 | 18:M54 M141 | 19:M15 M57 M98 M148 | 20:M16 M65 M90 M137 | 21:M18 M55 M67 M140,,"objective-only optimization: no hard upper bound on objective gap | unary domain filtering + participant matching GAC + slot saturation | distance-aware explicit E* bounds and cycle detection | (20),(22)-(27) exactly once over fully reduced domains | (19) participant atMost-one per slot | (46),(47) clustered table capacity with compact forward channeling | (28) sparse shared suffix-ladder precedence over distance-labelled E* | linear P* first/last span encoding: B(p)=last-first+1-|Mp| | exact schedule <-> usedSlot channeling | (43) exactly |Mp| reduced usedSlot variables | (44) atMost 2|L| busy participants per slot | (45) exact even number of busy participants | exact max/min objective gap over P* with no hard upper bound",,,result
forum-13crafc.fixed040-Forb,SAT,OPTIMAL,0.668464,79.602,peak_process_tree_rss_mb,maxsat,UWrMaxSAT,/home/adminlinux/solver-build/uwrmaxsat/build/release/bin/uwrmaxsat,process exit code=30,uwrmaxsat,/home/adminlinux/solver-build/uwrmaxsat/build/release/bin/uwrmaxsat,staircase,imp12+,reduced,internal_idle_slot_range_pstar,12,12,58,"1,2,3,4,5,6,7,8,9,10,11,12,13,14,15,16,18,19,23,24,25,26,27,28,29,30,31,32,33,34,35,36,37,38,39,40,41,42,44,45,46,47,48,49,50,52,53,54,56,57,59,60,62,63,64,65,66,70",12,14,559,1480,1108,372,49174,106877,19,106896,19,0,0,0,"4,9,13,9,9,11,6,8,7,12,11,14,7,12,6,6,0,12,14,0,0,0,13,12,5,12,6,14,14,8,7,14,14,13,8,9,10,14,12,11,4,8,0,14,12,14,14,14,2,14,0,4,2,14,0,8,7,0,10,12,0,4,9,8,8,5,0,0,0,6","16,24,24,16,12,16,14,12,22,22,16,14,24,6,4,8,8,14,12,14,10","5,9,2,13,8,12,3,4,1,19,18,4,21,20,3,9,10,17,4,13,3,9,2,11,7,2,3,7,2,9,13,12,8,8,5,3,11,13,2,1,12,10,20,18,16,13,9,2,3,15,18,16,17,20,2,21,19,6,10,13,11,9,3,18,20,19,21,4,7,5,8,2,3,6,10,13,12,7,5,1,3,9,2,10,4,6,13,12,16,20,4,9,10,19,18,14,6,21,5,3,10,13,6,1,10,1,13,3,11,4,12,5,2,6,7,2,1,11,10,8,13,7,10,20,1,9,8,11,6,18,19,14,17,9,11,15,13,18,20,21,19,16,7,4,17,2,3,14,6,9,10,11,1,12",1:M9 M40 M80 M104 M106 M117 M125 M153 | 2:M3 M23 M26 M29 M39 M48 M55 M72 M83 M113 M116 M146 | 3:M7 M15 M21 M27 M36 M49 M63 M73 M81 M100 M108 M147 | 4:M8 M12 M19 M68 M85 M91 M110 M144 | 5:M1 M35 M70 M79 M99 M112 | 6:M58 M74 M86 M97 M103 M114 M129 M149 | 7:M25 M28 M69 M78 M115 M122 M143 | 8:M5 M33 M34 M71 M120 M127 | 9:M2 M16 M22 M30 M47 M62 M82 M92 M126 M134 M150 | 10:M17 M42 M59 M75 M84 M93 M101 M105 M119 M123 M151 | 11:M24 M37 M61 M109 M118 M128 M135 M152 | 12:M6 M32 M41 M77 M88 M111 M154 | 13:M4 M20 M31 M38 M46 M60 M76 M87 M102 M107 M121 M137 | 14:M96 M132 M148 | 15:M50 M136 | 16:M45 M52 M89 M142 | 17:M18 M53 M133 M145 | 18:M11 M44 M51 M64 M95 M130 M138 | 19:M10 M57 M66 M94 M131 M141 | 20:M14 M43 M54 M65 M90 M124 M139 | 21:M13 M56 M67 M98 M140,,"objective-only optimization: no hard upper bound on objective gap | unary domain filtering + participant matching GAC + slot saturation | distance-aware explicit E* bounds and cycle detection | (20),(22)-(27) exactly once over fully reduced domains | (19) participant atMost-one per slot | (46),(47) clustered table capacity with compact forward channeling | (28) sparse shared suffix-ladder precedence over distance-labelled E* | linear P* first/last span encoding: B(p)=last-first+1-|Mp| | exact schedule <-> usedSlot channeling | (43) exactly |Mp| reduced usedSlot variables | (44) atMost 2|L| busy participants per slot | (45) exact even number of busy participants | exact max/min objective gap over P* with no hard upper bound",,,result
forum-14.fixed020-Forb,SAT,OPTIMAL,1.936475,146.375,peak_process_tree_rss_mb,maxsat,UWrMaxSAT,/home/adminlinux/solver-build/uwrmaxsat/build/release/bin/uwrmaxsat,process exit code=30,uwrmaxsat,/home/adminlinux/solver-build/uwrmaxsat/build/release/bin/uwrmaxsat,staircase,imp12+,reduced,internal_idle_slot_range_pstar,10,10,72,"1,2,3,4,5,6,8,9,11,12,14,17,19,20,21,22,23,24,25,26,27,28,29,30,31,32,33,34,35,36,37,38,39,40,41,42,43,44,45,46,47,48,49,50,51,52,53,54,55,56,57,58,59,60,61,62,63,64,65,66,67,68,69,70,71,72,73,74,75,76,77,78",10,10,619,4362,3544,818,110062,240393,20,240413,20,0,0,0,"8,10,10,10,10,10,0,10,0,0,8,9,0,10,0,0,8,0,10,10,10,8,10,4,6,10,10,9,9,10,10,10,10,10,10,5,10,8,10,10,10,10,10,10,10,1,10,8,8,10,10,10,10,10,10,10,2,6,10,4,0,10,10,10,10,10,10,0,10,10,10,10,0,10,10,10,10,8","22,26,24,26,26,32,38,38,36,24,32,34,34,24,28,10,22,18,20,20,28,42","22,8,11,21,12,14,21,14,15,13,13,2,5,1,9,8,4,3,11,12,6,11,17,10,22,6,18,15,7,22,21,4,7,13,21,8,9,17,12,1,3,18,19,19,7,5,17,20,21,11,22,6,11,2,3,4,12,9,13,20,21,14,12,6,14,22,20,20,22,17,15,12,4,14,3,18,9,20,15,10,3,13,7,8,5,4,22,3,15,8,21,11,13,7,12,8,6,8,22,10,9,13,4,21,22,7,8,9,15,6,14,13,8,1,22,3,11,10,12,9,2,7,1,10,9,8,6,11,12,7,2,2,17,19,7,1,11,13,22,8,5,9,19,22,4,13,12,10,6,1,6,14,12,18,2,5,19,7,13,17,15,2,15,8,13,14,16,17,6,18,22,5,12,11,14,2,10,15,11,3,22,8,7,5,21,21,17,18,22,19,4,9,15,16,7,15,20,8,20,9,5,3,13,6,7,12,16,21,22,15,2,18,14,17,19,8,13,20,16,15,1,13,19,22,3,4,8,6,18,12,10,21,2,5,11,7,9,17,14,20,6,1,13,15,14,7,8,9,22,13,5,4,9,21,7,19,16,22,2,7,11,5,6,10,8,12,9,3,1,4,11,17,10,4,18,1,5,2,12,6,7,11,9,9,19,21,22,10,20,22,11,2,12,8,5,1,7,4,9,6,3,10",1:M14 M40 M114 M123 M136 M150 M221 M242 M269 M276 M296 | 2:M12 M54 M121 M131 M132 M155 M162 M176 M211 M233 M259 M278 M292 | 3:M18 M41 M55 M75 M81 M88 M116 M180 M202 M225 M268 M301 | 4:M17 M32 M56 M73 M86 M103 M145 M191 M226 M252 M270 M274 M298 | 5:M13 M46 M85 M141 M156 M172 M184 M201 M234 M251 M262 M277 M295 | 6:M21 M26 M52 M64 M97 M110 M127 M149 M151 M169 M204 M228 M241 M263 M280 M300 | 7:M29 M33 M45 M83 M94 M106 M122 M130 M135 M158 M183 M195 M205 M236 M246 M255 M260 M281 M297 | 8:M2 M16 M36 M84 M90 M96 M98 M107 M113 M126 M140 M164 M182 M198 M216 M227 M247 M265 M294 | 9:M15 M37 M58 M77 M101 M108 M120 M125 M142 M192 M200 M237 M248 M253 M267 M283 M284 M299 | 10:M24 M80 M100 M118 M124 M148 M177 M231 M264 M273 M288 M302 | 11:M3 M19 M22 M50 M53 M92 M117 M128 M137 M174 M179 M235 M261 M271 M282 M291 | 12:M5 M20 M39 M57 M63 M72 M95 M119 M129 M147 M153 M173 M206 M230 M266 M279 M293 | 13:M10 M11 M34 M59 M82 M93 M102 M112 M138 M146 M159 M165 M203 M217 M222 M243 M250 | 14:M6 M8 M62 M65 M74 M111 M152 M166 M175 M213 M239 M245 | 15:M9 M28 M71 M79 M89 M109 M161 M163 M178 M193 M196 M210 M220 M244 | 16:M167 M194 M207 M219 M257 | 17:M23 M38 M47 M70 M133 M160 M168 M187 M214 M238 M272 | 18:M27 M42 M76 M154 M170 M188 M212 M229 M275 | 19:M43 M44 M134 M143 M157 M190 M215 M223 M256 M285 | 20:M48 M60 M67 M68 M78 M197 M199 M218 M240 M289 | 21:M4 M7 M31 M35 M49 M61 M91 M104 M185 M186 M208 M232 M254 M286 | 22:M1 M25 M30 M51 M66 M69 M87 M99 M105 M115 M139 M144 M171 M181 M189 M209 M224 M249 M258 M287 M290,,"objective-only optimization: no hard upper bound on objective gap | unary domain filtering + participant matching GAC + slot saturation | distance-aware explicit E* bounds and cycle detection | (20),(22)-(27) exactly once over fully reduced domains | (19) participant atMost-one per slot | (46),(47) clustered table capacity with compact forward channeling | (28) sparse shared suffix-ladder precedence over distance-labelled E* | linear P* first/last span encoding: B(p)=last-first+1-|Mp| | exact schedule <-> usedSlot channeling | (43) exactly |Mp| reduced usedSlot variables | (44) atMost 2|L| busy participants per slot | (45) exact even number of busy participants | exact max/min objective gap over P* with no hard upper bound",,,result
forum-14.fixed040-Forb,SAT,OPTIMAL,1.185986,123.188,peak_process_tree_rss_mb,maxsat,UWrMaxSAT,/home/adminlinux/solver-build/uwrmaxsat/build/release/bin/uwrmaxsat,process exit code=30,uwrmaxsat,/home/adminlinux/solver-build/uwrmaxsat/build/release/bin/uwrmaxsat,staircase,imp12+,reduced,internal_idle_slot_range_pstar,16,16,72,"1,2,3,4,5,6,8,9,11,12,14,17,19,20,21,22,23,24,25,26,27,28,29,30,31,32,33,34,35,36,37,38,39,40,41,42,43,44,45,46,47,48,49,50,51,52,53,54,55,56,57,58,59,60,61,62,63,64,65,66,67,68,69,70,71,72,73,74,75,76,77,78",16,16,556,3328,2182,1146,88870,184350,19,184369,19,0,0,0,"9,12,8,11,14,14,0,10,0,0,16,0,0,15,0,0,5,0,12,10,10,6,9,0,6,9,16,6,5,11,16,8,2,10,9,1,3,3,7,12,13,12,13,9,9,1,5,1,5,10,12,12,1,8,9,8,2,0,5,3,0,8,10,5,14,12,9,0,1,10,11,9,0,6,13,3,15,7","14,12,24,22,22,24,20,32,30,32,30,36,18,22,26,26,28,28,32,38,44,44","22,8,21,20,12,22,21,14,15,13,21,12,11,10,9,8,7,6,5,4,22,11,17,22,21,19,20,15,10,5,21,17,22,21,20,8,15,16,13,14,7,18,19,21,2,12,20,19,17,16,15,9,10,11,7,8,12,8,22,21,19,17,12,19,22,6,20,20,22,19,16,12,4,21,18,19,22,9,15,11,17,18,16,14,7,13,12,11,21,20,19,17,18,16,12,11,6,22,20,10,21,1,14,21,22,16,8,11,18,6,4,21,12,22,21,9,6,2,12,10,5,4,3,10,9,8,6,11,12,5,3,11,20,18,16,15,10,13,21,8,19,19,22,19,4,21,14,17,22,1,20,22,12,18,17,11,19,3,4,12,16,15,10,9,19,22,20,14,5,18,8,6,12,11,21,2,10,13,19,18,17,8,16,5,15,22,17,18,20,7,4,5,16,9,17,22,3,8,20,10,21,3,9,6,7,22,16,3,22,21,10,20,14,17,18,15,13,9,7,19,1,17,21,22,11,5,8,20,6,14,10,4,2,3,12,16,13,15,18,13,3,1,13,20,19,16,21,9,22,15,3,14,9,20,18,14,17,6,10,7,11,4,6,12,8,9,3,5,2,1,14,8,9,4,10,9,5,8,12,1,7,10,11,18,15,21,20,20,3,15,11,12,10,5,6,3,8,1,9,4,2,7",1:M102 M150 M221 M242 M270 M280 M298 | 2:M45 M118 M176 M233 M269 M301 | 3:M123 M131 M158 M197 M202 M208 M234 M241 M251 M267 M289 M296 | 4:M20 M73 M111 M122 M145 M159 M191 M232 M262 M274 M300 | 5:M19 M30 M121 M130 M169 M184 M192 M226 M268 M277 M294 | 6:M18 M66 M97 M110 M117 M127 M172 M204 M229 M258 M263 M295 | 7:M17 M41 M55 M85 M190 M205 M219 M260 M281 M302 | 8:M2 M16 M36 M56 M58 M107 M126 M140 M171 M182 M198 M227 M265 M272 M278 M297 | 9:M15 M52 M78 M116 M125 M164 M194 M203 M218 M248 M253 M266 M273 M276 M299 | 10:M14 M29 M53 M100 M120 M124 M137 M163 M177 M200 M211 M231 M259 M275 M282 M293 | 11:M13 M22 M54 M80 M88 M96 M108 M128 M132 M156 M174 M225 M261 M283 M291 | 12:M5 M12 M46 M57 M63 M72 M87 M95 M113 M119 M129 M153 M160 M173 M235 M264 M279 M292 | 13:M10 M39 M86 M138 M178 M217 M237 M240 M243 | 14:M8 M40 M84 M103 M147 M168 M213 M230 M252 M256 M271 | 15:M9 M28 M37 M51 M79 M136 M162 M185 M216 M238 M250 M285 M290 | 16:M38 M50 M71 M83 M94 M106 M135 M161 M183 M193 M207 M236 M246 | 17:M23 M32 M49 M62 M81 M92 M148 M155 M181 M187 M195 M214 M222 M257 | 18:M42 M75 M82 M93 M109 M134 M154 M170 M180 M188 M215 M239 M255 M284 | 19:M26 M43 M48 M61 M64 M70 M76 M91 M141 M142 M144 M157 M165 M179 M220 M245 | 20:M4 M27 M35 M47 M67 M68 M90 M99 M133 M151 M167 M189 M199 M212 M228 M244 M254 M287 M288 | 21:M3 M7 M11 M25 M31 M34 M44 M60 M74 M89 M101 M104 M112 M115 M139 M146 M175 M201 M210 M223 M247 M286 | 22:M1 M6 M21 M24 M33 M59 M65 M69 M77 M98 M105 M114 M143 M149 M152 M166 M186 M196 M206 M209 M224 M249,,"objective-only optimization: no hard upper bound on objective gap | unary domain filtering + participant matching GAC + slot saturation | distance-aware explicit E* bounds and cycle detection | (20),(22)-(27) exactly once over fully reduced domains | (19) participant atMost-one per slot | (46),(47) clustered table capacity with compact forward channeling | (28) sparse shared suffix-ladder precedence over distance-labelled E* | linear P* first/last span encoding: B(p)=last-first+1-|Mp| | exact schedule <-> usedSlot channeling | (43) exactly |Mp| reduced usedSlot variables | (44) atMost 2|L| busy participants per slot | (45) exact even number of busy participants | exact max/min objective gap over P* with no hard upper bound",,,result
forumt-14.fixed020-Forb,SAT,OPTIMAL,0.459034,53.742,peak_process_tree_rss_mb,maxsat,UWrMaxSAT,/home/adminlinux/solver-build/uwrmaxsat/build/release/bin/uwrmaxsat,process exit code=30,uwrmaxsat,/home/adminlinux/solver-build/uwrmaxsat/build/release/bin/uwrmaxsat,staircase,imp12+,reduced,internal_idle_slot_range_pstar,2,2,59,"1,2,3,4,5,6,7,8,9,10,11,12,13,14,15,16,17,18,20,21,22,23,24,25,26,27,28,29,30,31,32,33,34,35,36,37,38,39,40,41,42,43,44,45,46,47,48,49,50,51,52,53,54,55,56,57,58,59,60",2,2,49,1870,1318,552,21640,49832,7,49839,7,0,0,0,"0,0,2,0,2,0,0,2,0,0,2,0,2,0,0,0,2,2,0,0,0,2,0,0,0,0,2,1,0,2,2,2,0,0,2,0,0,0,2,0,0,0,0,0,1,0,2,2,0,2,1,0,1,0,2,2,2,1,2,2","46,48,48,52,48,48,50,46,46,42","8,10,7,5,3,6,1,2,5,6,2,8,4,7,3,10,5,9,2,4,6,1,7,2,10,3,1,4,10,1,8,1,10,2,9,8,2,3,5,4,10,3,2,6,9,7,8,3,7,9,1,4,8,9,1,3,7,2,4,6,5,10,6,9,4,5,3,2,1,7,1,8,5,10,6,9,3,1,7,9,5,6,4,2,10,8,2,5,8,1,6,4,5,3,4,7,6,8,9,5,6,2,7,4,1,6,3,4,6,1,7,9,4,8,9,7,10,1,3,6,5,10,3,8,4,2,7,6,3,1,8,4,2,1,4,10,5,6,8,9,3,7,9,8,10,1,6,8,9,7,1,9,6,2,4,5,10,8,7,3,4,7,1,3,2,9,6,10,5,10,8,3,5,7,4,5,1,8,3,1,2,7,1,4,5,2,7,2,8,3,5,9,9,2,4,6,9,8,7,5,2,5,6,9,4,3,10,2,7,8,10,7,5,6,9,10,10,7,4,3,2,5,8,7,4,1,6,10,6,9,2,3,4,9,3,5,4",1:M7 M22 M27 M30 M32 M51 M55 M69 M71 M78 M90 M105 M110 M118 M130 M134 M146 M151 M163 M177 M180 M183 M226 | 2:M8 M11 M19 M24 M34 M37 M43 M58 M68 M84 M87 M102 M126 M133 M154 M165 M181 M186 M188 M194 M201 M208 M221 M231 | 3:M5 M15 M26 M38 M42 M48 M56 M67 M77 M94 M107 M119 M123 M129 M141 M160 M164 M172 M179 M190 M206 M220 M232 M235 | 4:M13 M20 M28 M40 M52 M59 M65 M83 M92 M95 M104 M108 M113 M125 M132 M135 M155 M161 M175 M184 M195 M205 M219 M225 M233 M237 | 5:M4 M9 M17 M39 M61 M66 M73 M81 M88 M93 M100 M121 M137 M156 M169 M173 M176 M185 M191 M200 M202 M213 M222 M236 | 6:M6 M10 M21 M44 M60 M63 M75 M82 M91 M97 M101 M106 M109 M120 M128 M138 M147 M153 M167 M196 M203 M214 M227 M229 | 7:M3 M14 M23 M46 M49 M57 M70 M79 M96 M103 M111 M116 M127 M142 M150 M159 M162 M174 M182 M187 M199 M209 M212 M218 M224 | 8:M1 M12 M31 M36 M47 M53 M72 M86 M89 M98 M114 M124 M131 M139 M144 M148 M158 M171 M178 M189 M198 M210 M223 | 9:M18 M35 M45 M50 M54 M64 M76 M80 M99 M112 M115 M140 M143 M149 M152 M166 M192 M193 M197 M204 M215 M230 M234 | 10:M2 M16 M25 M29 M33 M41 M62 M74 M85 M117 M122 M136 M145 M157 M168 M170 M207 M211 M216 M217 M228,,"objective-only optimization: no hard upper bound on objective gap | unary domain filtering + participant matching GAC + slot saturation | distance-aware explicit E* bounds and cycle detection | (20),(22)-(27) exactly once over fully reduced domains | (19) participant atMost-one per slot | (46),(47) clustered table capacity with compact forward channeling | (28) sparse shared suffix-ladder precedence over distance-labelled E* | linear P* first/last span encoding: B(p)=last-first+1-|Mp| | exact schedule <-> usedSlot channeling | (43) exactly |Mp| reduced usedSlot variables | (44) atMost 2|L| busy participants per slot | (45) exact even number of busy participants | exact max/min objective gap over P* with no hard upper bound",,,result
forumt-14.fixed040-Forb,UNSAT,UNSAT,0.304874,39.613,peak_process_tree_rss_mb,maxsat,UWrMaxSAT,/home/adminlinux/solver-build/uwrmaxsat/build/release/bin/uwrmaxsat,process exit code=20,uwrmaxsat,/home/adminlinux/solver-build/uwrmaxsat/build/release/bin/uwrmaxsat,staircase,imp12+,reduced,internal_idle_slot_range_pstar,,,59,"1,2,3,4,5,6,7,8,9,10,11,12,13,14,15,16,17,18,20,21,22,23,24,25,26,27,28,29,30,31,32,33,34,35,36,37,38,39,40,41,42,43,44,45,46,47,48,49,50,51,52,53,54,55,56,57,58,59,60",,,,1467,999,468,18165,40066,7,40073,7,0,0,0,,,,,,"objective-only optimization: no hard upper bound on objective gap | unary domain filtering + participant matching GAC + slot saturation | distance-aware explicit E* bounds and cycle detection | (20),(22)-(27) exactly once over fully reduced domains | (19) participant atMost-one per slot | (46),(47) clustered table capacity with compact forward channeling | (28) sparse shared suffix-ladder precedence over distance-labelled E* | linear P* first/last span encoding: B(p)=last-first+1-|Mp| | exact schedule <-> usedSlot channeling | (43) exactly |Mp| reduced usedSlot variables | (44) atMost 2|L| busy participants per slot | (45) exact even number of busy participants | exact max/min objective gap over P* with no hard upper bound",,,result
forumt-14crafc.fixed020-Forb,SAT,OPTIMAL,0.511523,54.281,peak_process_tree_rss_mb,maxsat,UWrMaxSAT,/home/adminlinux/solver-build/uwrmaxsat/build/release/bin/uwrmaxsat,process exit code=30,uwrmaxsat,/home/adminlinux/solver-build/uwrmaxsat/build/release/bin/uwrmaxsat,staircase,imp12+,reduced,internal_idle_slot_range_pstar,2,2,59,"1,2,3,4,5,6,7,8,9,10,11,12,13,14,15,16,17,18,20,21,22,23,24,25,26,27,28,29,30,31,32,33,34,35,36,37,38,39,40,41,42,43,44,45,46,47,48,49,50,51,52,53,54,55,56,57,58,59,60",2,2,46,1870,1318,552,23049,52146,7,52153,7,0,0,0,"0,0,2,1,2,0,0,0,1,0,2,0,1,0,0,0,2,2,0,0,0,2,0,0,0,0,2,2,0,2,1,0,0,0,2,1,0,0,1,0,0,0,0,0,2,0,2,1,0,2,1,0,1,0,2,2,2,1,2,2","46,46,48,50,46,48,50,50,48,42","3,2,8,9,7,10,1,6,5,6,6,7,3,9,2,10,4,1,5,10,4,5,7,9,2,3,6,4,7,1,8,7,4,6,10,4,2,8,5,7,10,3,9,6,4,8,7,3,10,9,8,6,2,10,1,6,9,2,4,7,5,4,3,1,6,5,8,2,9,10,4,6,5,10,1,2,3,9,6,4,5,10,1,2,7,8,6,5,3,1,8,2,7,2,3,8,9,4,2,6,9,8,7,10,1,4,8,5,9,1,6,3,7,5,2,7,9,1,3,10,8,3,2,8,4,8,6,7,3,10,1,7,3,7,4,8,2,5,1,10,9,7,5,8,3,2,6,4,5,1,6,9,1,2,7,4,5,8,10,3,6,5,1,3,8,9,2,4,10,10,9,3,5,1,4,5,7,8,6,1,3,7,1,4,3,2,6,4,8,3,10,9,9,1,4,8,9,3,7,5,2,9,2,8,4,6,10,5,1,3,4,7,1,5,6,8,9,7,4,3,7,2,8,6,4,1,9,10,5,6,7,2,9,10,9,8,5",1:M7 M18 M30 M55 M64 M75 M83 M90 M105 M110 M118 M131 M139 M150 M153 M163 M174 M180 M183 M194 M209 M213 M226 | 2:M2 M15 M25 M37 M53 M58 M68 M76 M84 M92 M94 M99 M115 M123 M137 M146 M154 M167 M186 M201 M203 M222 M232 | 3:M1 M13 M26 M42 M48 M63 M77 M89 M95 M112 M119 M122 M129 M133 M145 M160 M164 M172 M181 M185 M190 M198 M210 M220 | 4:M17 M21 M28 M33 M36 M45 M59 M62 M71 M80 M98 M106 M125 M135 M148 M156 M168 M175 M184 M188 M195 M205 M211 M219 M225 | 5:M9 M19 M22 M39 M61 M66 M73 M81 M88 M108 M114 M138 M143 M149 M157 M162 M173 M176 M200 M208 M214 M229 M237 | 6:M8 M10 M11 M27 M34 M44 M52 M56 M65 M72 M79 M87 M100 M111 M127 M147 M151 M161 M179 M187 M206 M215 M224 M230 | 7:M5 M12 M23 M29 M32 M40 M47 M60 M85 M93 M103 M113 M116 M128 M132 M134 M142 M155 M177 M182 M199 M212 M218 M221 M231 | 8:M3 M31 M38 M46 M51 M67 M86 M91 M96 M102 M107 M121 M124 M126 M136 M144 M158 M165 M178 M189 M196 M204 M216 M223 M236 | 9:M4 M14 M24 M43 M50 M57 M69 M78 M97 M101 M109 M117 M141 M152 M166 M171 M192 M193 M197 M202 M217 M227 M233 M235 | 10:M6 M16 M20 M35 M41 M49 M54 M70 M74 M82 M104 M120 M130 M140 M159 M169 M170 M191 M207 M228 M234,,"objective-only optimization: no hard upper bound on objective gap | unary domain filtering + participant matching GAC + slot saturation | distance-aware explicit E* bounds and cycle detection | (20),(22)-(27) exactly once over fully reduced domains | (19) participant atMost-one per slot | (46),(47) clustered table capacity with compact forward channeling | (28) sparse shared suffix-ladder precedence over distance-labelled E* | linear P* first/last span encoding: B(p)=last-first+1-|Mp| | exact schedule <-> usedSlot channeling | (43) exactly |Mp| reduced usedSlot variables | (44) atMost 2|L| busy participants per slot | (45) exact even number of busy participants | exact max/min objective gap over P* with no hard upper bound",,,result
forumt-14crafc.fixed040-Forb,UNSAT,UNSAT,0.305926,41.605,peak_process_tree_rss_mb,maxsat,UWrMaxSAT,/home/adminlinux/solver-build/uwrmaxsat/build/release/bin/uwrmaxsat,process exit code=20,uwrmaxsat,/home/adminlinux/solver-build/uwrmaxsat/build/release/bin/uwrmaxsat,staircase,imp12+,reduced,internal_idle_slot_range_pstar,,,59,"1,2,3,4,5,6,7,8,9,10,11,12,13,14,15,16,17,18,20,21,22,23,24,25,26,27,28,29,30,31,32,33,34,35,36,37,38,39,40,41,42,43,44,45,46,47,48,49,50,51,52,53,54,55,56,57,58,59,60",,,,1467,999,468,21794,45734,7,45741,7,0,0,0,,,,,,"objective-only optimization: no hard upper bound on objective gap | unary domain filtering + participant matching GAC + slot saturation | distance-aware explicit E* bounds and cycle detection | (20),(22)-(27) exactly once over fully reduced domains | (19) participant atMost-one per slot | (46),(47) clustered table capacity with compact forward channeling | (28) sparse shared suffix-ladder precedence over distance-labelled E* | linear P* first/last span encoding: B(p)=last-first+1-|Mp| | exact schedule <-> usedSlot channeling | (43) exactly |Mp| reduced usedSlot variables | (44) atMost 2|L| busy participants per slot | (45) exact even number of busy participants | exact max/min objective gap over P* with no hard upper bound",,,result
forumt-14crafd.fixed020-Forb,SAT,OPTIMAL,0.463135,54.012,peak_process_tree_rss_mb,maxsat,UWrMaxSAT,/home/adminlinux/solver-build/uwrmaxsat/build/release/bin/uwrmaxsat,process exit code=30,uwrmaxsat,/home/adminlinux/solver-build/uwrmaxsat/build/release/bin/uwrmaxsat,staircase,imp12+,reduced,internal_idle_slot_range_pstar,4,4,59,"1,2,3,4,5,6,7,8,9,10,11,12,13,14,15,16,17,18,20,21,22,23,24,25,26,27,28,29,30,31,32,33,34,35,36,37,38,39,40,41,42,43,44,45,46,47,48,49,50,51,52,53,54,55,56,57,58,59,60",4,4,85,1865,1332,533,22776,52204,7,52211,7,0,0,0,"0,0,0,0,4,0,4,3,1,0,4,0,4,2,0,0,2,2,0,0,0,4,0,0,0,0,2,0,0,4,0,4,0,4,0,2,0,0,4,0,0,0,0,0,2,0,4,4,0,4,4,0,4,0,4,4,2,0,1,2","46,48,46,50,44,44,46,48,50,50","1,10,7,5,8,6,2,9,9,8,1,6,4,6,7,3,8,10,9,1,5,6,10,5,7,3,9,7,1,8,2,4,7,9,1,1,8,3,7,6,10,4,7,3,9,5,1,10,5,7,9,4,2,8,6,10,9,2,6,1,8,5,8,2,1,10,3,6,7,5,9,4,4,1,5,10,8,5,8,2,9,6,3,1,10,7,4,6,1,10,8,5,3,4,2,4,2,9,1,3,8,4,10,5,6,9,8,10,2,7,9,3,4,8,5,2,6,9,7,9,8,5,5,4,1,2,10,7,3,6,4,9,8,6,9,3,10,8,4,7,2,1,9,2,3,5,7,6,1,3,2,3,8,4,7,6,9,1,5,10,6,10,2,7,3,1,9,3,6,10,8,4,2,5,4,8,1,7,10,2,10,9,3,4,2,6,5,1,2,10,4,3,10,9,3,5,2,10,8,4,7,2,4,5,10,7,1,3,6,9,9,7,4,6,8,5,3,4,2,7,10,9,8,6,1,1,3,2,5,7,8,4,3,10,4,2",1:M1 M11 M20 M29 M35 M36 M47 M60 M65 M74 M84 M89 M99 M125 M142 M149 M158 M166 M177 M188 M207 M225 M226 | 2:M7 M31 M53 M58 M64 M80 M95 M97 M109 M116 M126 M141 M144 M151 M163 M173 M180 M185 M189 M197 M202 M219 M228 M236 | 3:M16 M26 M38 M44 M67 M83 M93 M100 M112 M129 M136 M145 M150 M152 M165 M168 M183 M192 M195 M208 M217 M227 M233 | 4:M13 M32 M42 M52 M72 M73 M87 M94 M96 M102 M113 M124 M131 M139 M154 M172 M175 M184 M191 M200 M203 M213 M218 M232 M235 | 5:M4 M21 M24 M46 M49 M62 M70 M75 M78 M92 M104 M115 M122 M123 M146 M159 M174 M187 M196 M204 M216 M229 | 6:M6 M12 M14 M22 M40 M55 M59 M68 M82 M88 M105 M117 M130 M134 M148 M156 M161 M169 M186 M209 M214 M224 | 7:M3 M15 M25 M28 M33 M39 M43 M50 M69 M86 M110 M119 M128 M140 M147 M155 M164 M178 M201 M206 M212 M220 M230 | 8:M5 M10 M17 M30 M37 M54 M61 M63 M77 M79 M91 M101 M107 M114 M121 M133 M138 M153 M171 M176 M199 M215 M223 M231 | 9:M8 M9 M19 M27 M34 M45 M51 M57 M71 M81 M98 M106 M111 M118 M120 M132 M135 M143 M157 M167 M182 M194 M210 M211 M222 | 10:M2 M18 M23 M41 M48 M56 M66 M76 M85 M90 M103 M108 M127 M137 M160 M162 M170 M179 M181 M190 M193 M198 M205 M221 M234,,"objective-only optimization: no hard upper bound on objective gap | unary domain filtering + participant matching GAC + slot saturation | distance-aware explicit E* bounds and cycle detection | (20),(22)-(27) exactly once over fully reduced domains | (19) participant atMost-one per slot | (46),(47) clustered table capacity with compact forward channeling | (28) sparse shared suffix-ladder precedence over distance-labelled E* | linear P* first/last span encoding: B(p)=last-first+1-|Mp| | exact schedule <-> usedSlot channeling | (43) exactly |Mp| reduced usedSlot variables | (44) atMost 2|L| busy participants per slot | (45) exact even number of busy participants | exact max/min objective gap over P* with no hard upper bound",,,result
forumt-14crafd.fixed040-Forb,UNSAT,UNSAT,0.323546,37.641,peak_process_tree_rss_mb,maxsat,UWrMaxSAT,/home/adminlinux/solver-build/uwrmaxsat/build/release/bin/uwrmaxsat,process exit code=20,uwrmaxsat,/home/adminlinux/solver-build/uwrmaxsat/build/release/bin/uwrmaxsat,staircase,imp12+,reduced,internal_idle_slot_range_pstar,,,59,"1,2,3,4,5,6,7,8,9,10,11,12,13,14,15,16,17,18,20,21,22,23,24,25,26,27,28,29,30,31,32,33,34,35,36,37,38,39,40,41,42,43,44,45,46,47,48,49,50,51,52,53,54,55,56,57,58,59,60",,,,1464,872,592,21359,43819,7,43826,7,0,0,0,,,,,,"objective-only optimization: no hard upper bound on objective gap | unary domain filtering + participant matching GAC + slot saturation | distance-aware explicit E* bounds and cycle detection | (20),(22)-(27) exactly once over fully reduced domains | (19) participant atMost-one per slot | (46),(47) clustered table capacity with compact forward channeling | (28) sparse shared suffix-ladder precedence over distance-labelled E* | linear P* first/last span encoding: B(p)=last-first+1-|Mp| | exact schedule <-> usedSlot channeling | (43) exactly |Mp| reduced usedSlot variables | (44) atMost 2|L| busy participants per slot | (45) exact even number of busy participants | exact max/min objective gap over P* with no hard upper bound",,,result
forumt-14crafe.fixed020-Forb,SAT,OPTIMAL,0.504764,51.145,peak_process_tree_rss_mb,maxsat,UWrMaxSAT,/home/adminlinux/solver-build/uwrmaxsat/build/release/bin/uwrmaxsat,process exit code=30,uwrmaxsat,/home/adminlinux/solver-build/uwrmaxsat/build/release/bin/uwrmaxsat,staircase,imp12+,reduced,internal_idle_slot_range_pstar,4,4,59,"1,2,3,4,5,6,7,8,9,10,11,12,13,14,15,16,17,18,20,21,22,23,24,25,26,27,28,29,30,31,32,33,34,35,36,37,38,39,40,41,42,43,44,45,46,47,48,49,50,51,52,53,54,55,56,57,58,59,60",4,4,74,1865,1332,533,22907,52486,7,52493,7,0,0,0,"0,0,0,0,4,0,3,2,1,0,3,0,2,1,0,0,2,2,0,0,0,4,0,0,0,0,1,0,0,4,0,4,0,3,0,2,0,0,4,0,0,0,0,0,2,0,2,4,0,4,3,0,4,0,4,4,2,0,1,2","48,46,48,48,48,44,48,48,48,46","4,3,7,5,8,6,2,9,8,4,9,8,4,2,9,6,8,10,1,7,5,8,10,9,6,3,1,7,8,6,5,4,3,4,1,3,1,8,7,6,4,10,9,3,5,7,1,10,5,9,8,4,2,7,6,6,9,2,1,10,8,5,4,2,1,9,3,6,8,5,10,7,4,9,1,3,10,6,2,3,5,8,1,9,10,7,4,2,6,5,3,1,7,4,9,2,1,6,7,10,2,4,10,3,6,9,8,10,3,7,2,5,2,4,3,8,6,7,1,10,8,5,6,2,5,9,10,7,3,1,10,8,4,9,8,4,1,5,10,7,6,3,9,6,5,2,7,4,8,3,2,3,8,4,7,6,9,1,5,10,6,3,2,10,5,1,7,10,1,3,8,4,2,5,9,8,7,4,1,2,7,3,10,5,2,9,5,9,2,10,1,3,6,7,1,5,2,10,8,3,7,2,4,9,10,7,1,3,8,6,9,5,4,6,5,7,1,4,2,9,10,5,8,6,3,7,3,1,4,5,9,8,9,1,4,2",1:M19 M27 M35 M37 M47 M59 M65 M75 M83 M92 M97 M119 M130 M137 M158 M166 M169 M179 M191 M195 M207 M217 M228 M234 | 2:M7 M14 M53 M58 M64 M79 M88 M96 M101 M111 M113 M124 M146 M151 M163 M173 M180 M185 M189 M197 M202 M219 M236 | 3:M2 M26 M33 M36 M44 M67 M76 M80 M91 M104 M109 M115 M129 M142 M150 M152 M162 M170 M182 M192 M200 M208 M225 M227 | 4:M1 M10 M13 M32 M34 M41 M52 M63 M73 M87 M94 M102 M114 M133 M136 M148 M154 M172 M178 M203 M213 M218 M229 M235 | 5:M4 M21 M31 M45 M49 M62 M70 M81 M90 M112 M122 M125 M138 M145 M159 M165 M174 M184 M187 M196 M212 M215 M222 M230 | 6:M6 M16 M25 M30 M40 M55 M56 M68 M78 M89 M98 M105 M117 M123 M141 M144 M156 M161 M193 M210 M214 M224 | 7:M3 M20 M28 M39 M46 M54 M72 M86 M93 M99 M110 M118 M128 M140 M147 M155 M167 M177 M181 M194 M201 M206 M216 M226 | 8:M5 M9 M12 M17 M22 M29 M38 M51 M61 M69 M82 M107 M116 M121 M132 M135 M149 M153 M171 M176 M199 M209 M223 M232 | 9:M8 M11 M15 M24 M43 M50 M57 M66 M74 M84 M95 M106 M126 M134 M143 M157 M175 M186 M188 M204 M211 M220 M231 M233 | 10:M18 M23 M42 M48 M60 M71 M77 M85 M100 M103 M108 M120 M127 M131 M139 M160 M164 M168 M183 M190 M198 M205 M221,,"objective-only optimization: no hard upper bound on objective gap | unary domain filtering + participant matching GAC + slot saturation | distance-aware explicit E* bounds and cycle detection | (20),(22)-(27) exactly once over fully reduced domains | (19) participant atMost-one per slot | (46),(47) clustered table capacity with compact forward channeling | (28) sparse shared suffix-ladder precedence over distance-labelled E* | linear P* first/last span encoding: B(p)=last-first+1-|Mp| | exact schedule <-> usedSlot channeling | (43) exactly |Mp| reduced usedSlot variables | (44) atMost 2|L| busy participants per slot | (45) exact even number of busy participants | exact max/min objective gap over P* with no hard upper bound",,,result
forumt-14crafe.fixed040-Forb,UNSAT,UNSAT,0.335844,47.797,peak_process_tree_rss_mb,maxsat,UWrMaxSAT,/home/adminlinux/solver-build/uwrmaxsat/build/release/bin/uwrmaxsat,process exit code=20,uwrmaxsat,/home/adminlinux/solver-build/uwrmaxsat/build/release/bin/uwrmaxsat,staircase,imp12+,reduced,internal_idle_slot_range_pstar,,,59,"1,2,3,4,5,6,7,8,9,10,11,12,13,14,15,16,17,18,20,21,22,23,24,25,26,27,28,29,30,31,32,33,34,35,36,37,38,39,40,41,42,43,44,45,46,47,48,49,50,51,52,53,54,55,56,57,58,59,60",,,,1464,872,592,21507,44135,7,44142,7,0,0,0,,,,,,"objective-only optimization: no hard upper bound on objective gap | unary domain filtering + participant matching GAC + slot saturation | distance-aware explicit E* bounds and cycle detection | (20),(22)-(27) exactly once over fully reduced domains | (19) participant atMost-one per slot | (46),(47) clustered table capacity with compact forward channeling | (28) sparse shared suffix-ladder precedence over distance-labelled E* | linear P* first/last span encoding: B(p)=last-first+1-|Mp| | exact schedule <-> usedSlot channeling | (43) exactly |Mp| reduced usedSlot variables | (44) atMost 2|L| busy participants per slot | (45) exact even number of busy participants | exact max/min objective gap over P* with no hard upper bound",,,result
tic-12.fixed020-Forb,SAT,OPTIMAL,0.244635,30.516,peak_process_tree_rss_mb,maxsat,UWrMaxSAT,/home/adminlinux/solver-build/uwrmaxsat/build/release/bin/uwrmaxsat,process exit code=30,uwrmaxsat,/home/adminlinux/solver-build/uwrmaxsat/build/release/bin/uwrmaxsat,staircase,imp12+,reduced,internal_idle_slot_range_pstar,4,4,39,"1,2,3,4,5,6,7,8,9,10,11,12,13,14,15,16,17,18,19,20,21,22,23,24,25,26,27,28,29,30,31,32,33,34,35,36,39,41,42",4,4,28,825,590,235,4075,13252,6,13258,6,0,0,0,"0,2,0,0,0,0,0,2,0,0,0,1,3,0,0,4,0,0,1,1,2,1,1,1,0,0,0,0,4,0,2,1,0,1,0,0,0,0,1,0,0,0","34,30,34,30,30,34,28,30","1,4,5,3,8,8,1,2,3,2,3,2,1,4,6,7,3,8,2,3,4,5,1,5,1,5,6,3,4,7,2,8,2,1,6,4,5,3,4,5,1,8,6,2,3,1,6,8,4,2,6,5,3,8,7,4,1,5,7,7,5,8,6,2,1,7,2,3,6,1,5,7,2,8,6,3,6,4,4,7,8,5,1,3,6,2,6,7,3,5,8,3,8,6,5,1,7,4,2,6,4,3,8,1,7,4,6,3,1,7,2,8,5,1,7,4,6,5,3,8,7,2,1,4,6",1:M1 M7 M13 M23 M25 M34 M41 M46 M57 M65 M70 M83 M96 M104 M109 M114 M123 | 2:M8 M10 M12 M19 M31 M33 M44 M50 M64 M67 M73 M86 M99 M111 M122 | 3:M4 M9 M11 M17 M20 M28 M38 M45 M53 M68 M76 M84 M89 M92 M102 M108 M119 | 4:M2 M14 M21 M29 M36 M39 M49 M56 M78 M79 M98 M101 M106 M116 M124 | 5:M3 M22 M24 M26 M37 M40 M52 M58 M61 M71 M82 M90 M95 M113 M118 | 6:M15 M27 M35 M43 M47 M51 M63 M69 M75 M77 M85 M87 M94 M100 M107 M117 M125 | 7:M16 M30 M55 M59 M60 M66 M72 M80 M88 M97 M105 M110 M115 M121 | 8:M5 M6 M18 M32 M42 M48 M54 M62 M74 M81 M91 M93 M103 M112 M120,,"objective-only optimization: no hard upper bound on objective gap | unary domain filtering + participant matching GAC + slot saturation | distance-aware explicit E* bounds and cycle detection | (20),(22)-(27) exactly once over fully reduced domains | (19) participant atMost-one per slot | (46),(47) clustered table capacity with compact forward channeling | (28) sparse shared suffix-ladder precedence over distance-labelled E* | linear P* first/last span encoding: B(p)=last-first+1-|Mp| | exact schedule <-> usedSlot channeling | (43) exactly |Mp| reduced usedSlot variables | (44) atMost 2|L| busy participants per slot | (45) exact even number of busy participants | exact max/min objective gap over P* with no hard upper bound",,,result
tic-12.fixed040-Forb,UNSAT,UNSAT,0.159857,29.836,peak_process_tree_rss_mb,maxsat,UWrMaxSAT,/home/adminlinux/solver-build/uwrmaxsat/build/release/bin/uwrmaxsat,process exit code=20,uwrmaxsat,/home/adminlinux/solver-build/uwrmaxsat/build/release/bin/uwrmaxsat,staircase,imp12+,reduced,internal_idle_slot_range_pstar,,,39,"1,2,3,4,5,6,7,8,9,10,11,12,13,14,15,16,17,18,19,20,21,22,23,24,25,26,27,28,29,30,31,32,33,34,35,36,39,41,42",,,,650,545,105,3958,12375,6,12381,6,0,0,0,,,,,,"objective-only optimization: no hard upper bound on objective gap | unary domain filtering + participant matching GAC + slot saturation | distance-aware explicit E* bounds and cycle detection | (20),(22)-(27) exactly once over fully reduced domains | (19) participant atMost-one per slot | (46),(47) clustered table capacity with compact forward channeling | (28) sparse shared suffix-ladder precedence over distance-labelled E* | linear P* first/last span encoding: B(p)=last-first+1-|Mp| | exact schedule <-> usedSlot channeling | (43) exactly |Mp| reduced usedSlot variables | (44) atMost 2|L| busy participants per slot | (45) exact even number of busy participants | exact max/min objective gap over P* with no hard upper bound",,,result
tic-12crafc.fixed020-Forb,SAT,OPTIMAL,0.275075,40.184,peak_process_tree_rss_mb,maxsat,UWrMaxSAT,/home/adminlinux/solver-build/uwrmaxsat/build/release/bin/uwrmaxsat,process exit code=30,uwrmaxsat,/home/adminlinux/solver-build/uwrmaxsat/build/release/bin/uwrmaxsat,staircase,imp12+,reduced,internal_idle_slot_range_pstar,4,4,39,"1,2,3,4,5,6,7,8,9,10,11,12,13,14,15,16,17,18,19,20,21,22,23,24,25,26,27,28,29,30,31,32,33,34,35,36,39,41,42",4,4,34,825,590,235,13363,27522,6,27528,6,0,0,0,"0,2,0,0,0,0,2,1,0,0,0,1,3,0,0,1,0,0,3,2,2,0,2,1,0,0,0,0,4,0,4,2,0,2,0,0,0,0,2,0,0,0","28,32,32,32,32,32,30,32","6,4,8,1,3,8,1,4,3,7,8,2,4,5,7,1,3,8,6,5,7,3,3,7,6,1,3,8,4,7,2,5,4,1,6,2,7,3,5,6,1,4,2,8,3,2,5,8,6,1,6,5,8,7,2,4,3,2,5,7,5,2,6,4,3,7,3,1,2,6,5,2,8,1,4,7,6,2,7,2,6,5,4,3,8,1,3,4,6,5,8,1,8,3,5,4,7,6,2,4,8,7,1,6,5,5,8,1,4,7,2,4,3,2,5,6,8,5,2,3,7,8,4,1,6",1:M4 M7 M16 M26 M34 M41 M50 M68 M74 M86 M92 M103 M108 M124 | 2:M12 M31 M36 M43 M46 M55 M58 M62 M69 M72 M78 M80 M99 M111 M114 M119 | 3:M5 M9 M17 M22 M23 M27 M38 M45 M57 M65 M67 M84 M87 M94 M113 M120 | 4:M2 M8 M13 M29 M33 M42 M56 M64 M75 M83 M88 M96 M100 M109 M112 M123 | 5:M14 M20 M32 M39 M47 M52 M59 M61 M71 M82 M90 M95 M105 M106 M115 M118 | 6:M1 M19 M25 M35 M40 M49 M51 M63 M70 M77 M81 M89 M98 M104 M116 M125 | 7:M10 M15 M21 M24 M30 M37 M54 M60 M66 M76 M79 M97 M102 M110 M121 | 8:M3 M6 M11 M18 M28 M44 M48 M53 M73 M85 M91 M93 M101 M107 M117 M122,,"objective-only optimization: no hard upper bound on objective gap | unary domain filtering + participant matching GAC + slot saturation | distance-aware explicit E* bounds and cycle detection | (20),(22)-(27) exactly once over fully reduced domains | (19) participant atMost-one per slot | (46),(47) clustered table capacity with compact forward channeling | (28) sparse shared suffix-ladder precedence over distance-labelled E* | linear P* first/last span encoding: B(p)=last-first+1-|Mp| | exact schedule <-> usedSlot channeling | (43) exactly |Mp| reduced usedSlot variables | (44) atMost 2|L| busy participants per slot | (45) exact even number of busy participants | exact max/min objective gap over P* with no hard upper bound",,,result
tic-12crafc.fixed040-Forb,UNSAT,UNSAT,0.217029,32.883,peak_process_tree_rss_mb,maxsat,UWrMaxSAT,/home/adminlinux/solver-build/uwrmaxsat/build/release/bin/uwrmaxsat,process exit code=20,uwrmaxsat,/home/adminlinux/solver-build/uwrmaxsat/build/release/bin/uwrmaxsat,staircase,imp12+,reduced,internal_idle_slot_range_pstar,,,39,"1,2,3,4,5,6,7,8,9,10,11,12,13,14,15,16,17,18,19,20,21,22,23,24,25,26,27,28,29,30,31,32,33,34,35,36,39,41,42",,,,650,545,105,13256,26665,6,26671,6,0,0,0,,,,,,"objective-only optimization: no hard upper bound on objective gap | unary domain filtering + participant matching GAC + slot saturation | distance-aware explicit E* bounds and cycle detection | (20),(22)-(27) exactly once over fully reduced domains | (19) participant atMost-one per slot | (46),(47) clustered table capacity with compact forward channeling | (28) sparse shared suffix-ladder precedence over distance-labelled E* | linear P* first/last span encoding: B(p)=last-first+1-|Mp| | exact schedule <-> usedSlot channeling | (43) exactly |Mp| reduced usedSlot variables | (44) atMost 2|L| busy participants per slot | (45) exact even number of busy participants | exact max/min objective gap over P* with no hard upper bound",,,result
tic-13.fixed020-Forb,SAT,OPTIMAL,0.43162,52.891,peak_process_tree_rss_mb,maxsat,UWrMaxSAT,/home/adminlinux/solver-build/uwrmaxsat/build/release/bin/uwrmaxsat,process exit code=30,uwrmaxsat,/home/adminlinux/solver-build/uwrmaxsat/build/release/bin/uwrmaxsat,staircase,imp12+,reduced,internal_idle_slot_range_pstar,3,3,45,"1,3,4,5,6,7,8,9,10,11,12,13,14,15,16,17,18,19,20,21,22,23,24,25,26,27,28,29,30,31,32,33,34,35,36,37,38,40,41,42,43,44,45,46,47",3,3,28,1476,1068,408,21842,46690,6,46696,6,0,0,0,"0,0,3,1,0,2,1,2,3,3,0,1,0,0,0,0,1,0,0,0,0,1,0,0,1,1,1,0,0,0,1,0,1,0,0,0,2,0,0,0,0,0,0,0,2,1,0","28,34,34,38,38,38,42,40,34,34","1,7,3,10,2,9,5,8,4,6,8,7,3,5,10,4,1,5,3,7,9,2,7,1,5,4,2,3,6,1,6,7,5,4,9,10,2,3,2,7,5,10,2,3,6,4,1,8,7,8,6,7,2,1,4,6,9,3,10,9,5,2,1,6,10,8,8,7,6,4,2,6,3,10,5,7,4,8,9,10,7,6,9,4,3,1,7,8,10,4,9,6,8,2,7,3,4,3,8,7,5,9,3,5,7,9,10,8,1,2,8,4,9,5,7,9,6,8,5,6,2,1,9,8,6,5,4,10,1,2,8,3,4,10,1,6,9,10,8,6,5,9,10,3,5,10,5,2,4,7,2,5,4,10,1,5,8,4,7,8,2,7,8,2,10,6,4,9,5,7,1,6,8,9,7,3,4,3,6,3",1:M1 M17 M24 M30 M47 M54 M63 M86 M109 M122 M129 M135 M155 M171 | 2:M5 M22 M27 M37 M39 M43 M53 M62 M71 M94 M110 M121 M130 M148 M151 M161 M164 | 3:M3 M13 M19 M28 M38 M44 M58 M73 M85 M96 M98 M103 M132 M144 M176 M178 M180 | 4:M9 M16 M26 M34 M46 M55 M70 M77 M84 M90 M97 M112 M127 M133 M149 M153 M158 M167 M177 | 5:M7 M14 M18 M25 M33 M41 M61 M75 M101 M104 M114 M119 M126 M141 M145 M147 M152 M156 M169 | 6:M10 M29 M31 M45 M51 M56 M64 M69 M72 M82 M92 M117 M120 M125 M136 M140 M166 M172 M179 | 7:M2 M12 M20 M23 M32 M40 M49 M52 M68 M76 M81 M87 M95 M100 M105 M115 M150 M159 M162 M170 M175 | 8:M8 M11 M48 M50 M66 M67 M78 M88 M93 M99 M108 M111 M118 M124 M131 M139 M157 M160 M163 M173 | 9:M6 M21 M35 M57 M60 M79 M83 M91 M102 M106 M113 M116 M123 M137 M142 M168 M174 | 10:M4 M15 M36 M42 M59 M65 M74 M80 M89 M107 M128 M134 M138 M143 M146 M154 M165,,"objective-only optimization: no hard upper bound on objective gap | unary domain filtering + participant matching GAC + slot saturation | distance-aware explicit E* bounds and cycle detection | (20),(22)-(27) exactly once over fully reduced domains | (19) participant atMost-one per slot | (46),(47) clustered table capacity with compact forward channeling | (28) sparse shared suffix-ladder precedence over distance-labelled E* | linear P* first/last span encoding: B(p)=last-first+1-|Mp| | exact schedule <-> usedSlot channeling | (43) exactly |Mp| reduced usedSlot variables | (44) atMost 2|L| busy participants per slot | (45) exact even number of busy participants | exact max/min objective gap over P* with no hard upper bound",,,result
tic-13.fixed040-Forb,SAT,OPTIMAL,0.368919,38.285,peak_process_tree_rss_mb,maxsat,UWrMaxSAT,/home/adminlinux/solver-build/uwrmaxsat/build/release/bin/uwrmaxsat,process exit code=30,uwrmaxsat,/home/adminlinux/solver-build/uwrmaxsat/build/release/bin/uwrmaxsat,staircase,imp12+,reduced,internal_idle_slot_range_pstar,4,4,45,"1,3,4,5,6,7,8,9,10,11,12,13,14,15,16,17,18,19,20,21,22,23,24,25,26,27,28,29,30,31,32,33,34,35,36,37,38,40,41,42,43,44,45,46,47",4,4,77,1152,576,576,16266,31872,6,31878,6,0,0,0,"0,0,3,1,2,2,4,2,4,3,0,4,0,0,4,1,1,0,1,4,4,1,0,4,2,1,2,0,3,2,4,0,2,1,0,2,4,1,0,0,0,3,0,0,2,3,0","38,38,36,34,32,38,40,30,32,42","8,9,5,10,6,1,2,3,4,7,8,4,3,5,10,9,2,6,10,4,5,7,4,2,5,9,10,3,6,6,8,7,2,4,9,1,10,10,2,3,5,1,3,10,6,4,7,8,2,6,2,7,4,10,9,7,1,10,6,3,8,2,1,7,5,6,8,5,2,10,8,10,6,4,1,7,3,9,5,9,7,8,3,10,1,4,7,10,8,1,9,6,5,10,7,3,10,9,8,7,5,3,2,5,6,7,9,4,7,5,8,4,9,1,6,7,6,1,7,6,1,10,1,7,10,3,4,5,8,6,9,6,4,3,1,10,2,2,4,3,10,4,3,9,2,1,3,2,4,6,2,9,4,10,1,2,3,1,5,3,2,9,2,9,6,8,6,5,1,8,8,7,1,7,10,3,1,5,2,7",1:M6 M36 M42 M57 M63 M75 M85 M90 M114 M118 M121 M123 M135 M146 M155 M158 M169 M173 M177 | 2:M7 M17 M24 M33 M39 M49 M51 M62 M69 M103 M137 M138 M145 M148 M151 M156 M161 M163 M179 | 3:M8 M13 M28 M40 M43 M60 M77 M83 M96 M102 M126 M134 M140 M143 M147 M157 M160 M176 | 4:M9 M12 M20 M23 M34 M46 M53 M74 M86 M108 M112 M127 M133 M139 M142 M149 M153 | 5:M3 M14 M21 M25 M41 M65 M68 M79 M93 M101 M104 M110 M128 M159 M168 M178 | 6:M5 M18 M29 M30 M45 M50 M59 M66 M73 M92 M105 M115 M117 M120 M130 M132 M150 M165 M167 | 7:M10 M22 M32 M47 M52 M56 M64 M76 M81 M87 M95 M100 M106 M109 M116 M119 M124 M172 M174 M180 | 8:M1 M11 M31 M48 M61 M67 M71 M82 M89 M99 M111 M129 M166 M170 M171 | 9:M2 M16 M26 M35 M55 M78 M80 M91 M98 M107 M113 M131 M144 M152 M162 M164 | 10:M4 M15 M19 M27 M37 M38 M44 M54 M58 M70 M72 M84 M88 M94 M97 M122 M125 M136 M141 M154 M175,,"objective-only optimization: no hard upper bound on objective gap | unary domain filtering + participant matching GAC + slot saturation | distance-aware explicit E* bounds and cycle detection | (20),(22)-(27) exactly once over fully reduced domains | (19) participant atMost-one per slot | (46),(47) clustered table capacity with compact forward channeling | (28) sparse shared suffix-ladder precedence over distance-labelled E* | linear P* first/last span encoding: B(p)=last-first+1-|Mp| | exact schedule <-> usedSlot channeling | (43) exactly |Mp| reduced usedSlot variables | (44) atMost 2|L| busy participants per slot | (45) exact even number of busy participants | exact max/min objective gap over P* with no hard upper bound",,,result
tic-13crafb.fixed020-Forb,SAT,OPTIMAL,0.443551,51.492,peak_process_tree_rss_mb,maxsat,UWrMaxSAT,/home/adminlinux/solver-build/uwrmaxsat/build/release/bin/uwrmaxsat,process exit code=30,uwrmaxsat,/home/adminlinux/solver-build/uwrmaxsat/build/release/bin/uwrmaxsat,staircase,imp12+,reduced,internal_idle_slot_range_pstar,1,1,44,"1,2,3,4,5,6,7,8,9,10,11,12,13,14,15,16,17,18,19,20,21,22,24,25,26,27,28,29,30,31,32,33,34,35,36,37,38,40,41,42,43,44,45,46",1,1,20,1516,1066,450,20461,44529,8,44537,8,0,0,0,"0,1,0,1,1,0,1,0,1,0,1,0,0,1,0,1,0,1,1,0,1,0,0,0,1,0,0,0,1,0,1,0,1,0,1,0,0,1,0,0,0,0,1,0,1,1","32,34,36,38,42,40,40,38,36,32","5,4,2,3,10,8,2,4,9,8,8,10,5,6,4,8,9,3,10,5,7,6,9,6,10,4,8,2,5,7,1,4,5,10,3,7,6,8,9,10,6,3,2,5,9,8,10,4,4,10,1,7,9,5,2,6,6,1,8,4,7,10,2,3,1,8,7,6,9,8,3,1,8,5,2,10,6,9,7,3,4,4,9,8,5,7,9,4,5,1,8,2,5,3,1,6,1,5,4,7,10,9,7,5,3,6,9,10,8,3,9,6,8,2,7,5,4,10,2,3,10,1,7,6,4,9,5,6,8,7,9,5,3,5,9,7,1,3,6,2,8,4,1,2,4,5,7,10,2,6,1,7,6,2,3,1,1,5,2,1,3,7,4,1,6,4,7,3,9,2,8,10,5,9,8,7,6,3,5,7,2,6,4,3",1:M31 M51 M58 M65 M72 M90 M95 M97 M122 M137 M143 M151 M156 M157 M160 M164 | 2:M3 M7 M28 M43 M55 M63 M75 M92 M114 M119 M140 M144 M149 M154 M159 M170 M181 | 3:M4 M18 M35 M42 M64 M71 M80 M94 M105 M110 M120 M133 M138 M155 M161 M168 M178 M184 | 4:M2 M8 M15 M26 M32 M48 M49 M60 M81 M82 M88 M99 M117 M125 M142 M145 M163 M166 M183 | 5:M1 M13 M20 M29 M33 M44 M54 M74 M85 M89 M93 M98 M104 M116 M127 M132 M134 M146 M158 M173 M179 | 6:M14 M22 M24 M37 M41 M56 M57 M68 M77 M96 M106 M112 M124 M128 M139 M150 M153 M165 M177 M182 | 7:M21 M30 M36 M52 M61 M67 M79 M86 M100 M103 M115 M123 M130 M136 M147 M152 M162 M167 M176 M180 | 8:M6 M10 M11 M16 M27 M38 M46 M59 M66 M70 M73 M84 M91 M109 M113 M129 M141 M171 M175 | 9:M9 M17 M23 M39 M45 M53 M69 M78 M83 M87 M102 M107 M111 M126 M131 M135 M169 M174 | 10:M5 M12 M19 M25 M34 M40 M47 M50 M62 M76 M101 M108 M118 M121 M148 M172,,"objective-only optimization: no hard upper bound on objective gap | unary domain filtering + participant matching GAC + slot saturation | distance-aware explicit E* bounds and cycle detection | (20),(22)-(27) exactly once over fully reduced domains | (19) participant atMost-one per slot | (46),(47) clustered table capacity with compact forward channeling | (28) sparse shared suffix-ladder precedence over distance-labelled E* | linear P* first/last span encoding: B(p)=last-first+1-|Mp| | exact schedule <-> usedSlot channeling | (43) exactly |Mp| reduced usedSlot variables | (44) atMost 2|L| busy participants per slot | (45) exact even number of busy participants | exact max/min objective gap over P* with no hard upper bound",,,result
tic-13crafb.fixed040-Forb,SAT,OPTIMAL,0.316201,33.48,peak_process_tree_rss_mb,maxsat,UWrMaxSAT,/home/adminlinux/solver-build/uwrmaxsat/build/release/bin/uwrmaxsat,process exit code=30,uwrmaxsat,/home/adminlinux/solver-build/uwrmaxsat/build/release/bin/uwrmaxsat,staircase,imp12+,reduced,internal_idle_slot_range_pstar,4,4,44,"1,2,3,4,5,6,7,8,9,10,11,12,13,14,15,16,17,18,19,20,21,22,24,25,26,27,28,29,30,31,32,33,34,35,36,37,38,40,41,42,43,44,45,46",4,4,52,1183,534,649,12811,26057,8,26065,8,0,0,0,"0,2,0,3,3,0,1,0,2,0,4,0,0,1,0,2,0,4,0,0,2,0,0,4,1,0,0,0,1,0,1,0,2,1,4,0,1,3,0,0,0,0,4,0,2,4","34,38,38,34,36,34,36,40,40,38","8,5,3,10,2,7,7,4,8,3,8,10,7,6,7,2,8,6,10,9,7,3,5,8,3,4,9,10,2,5,1,3,5,10,6,7,4,9,8,10,8,9,2,5,7,10,6,1,4,7,1,5,8,9,2,6,6,1,3,7,10,8,4,3,1,4,2,9,8,6,2,1,9,2,5,8,4,6,7,3,10,4,9,8,5,1,9,4,5,6,8,2,5,3,1,3,1,2,4,5,9,9,5,7,3,6,8,10,4,2,10,9,6,8,7,5,1,10,4,8,3,1,10,9,5,2,6,6,8,4,9,5,3,4,9,4,3,10,7,2,6,1,1,7,9,5,7,10,1,2,4,3,2,1,9,10,6,3,2,1,7,8,10,4,9,6,1,3,10,2,8,5,7,2,8,7,5,3,9,10,2,9,6,3",1:M31 M48 M51 M58 M65 M72 M86 M95 M97 M117 M122 M142 M143 M149 M154 M160 M167 | 2:M5 M16 M29 M43 M55 M67 M71 M74 M92 M98 M110 M126 M140 M150 M153 M159 M170 M174 M181 | 3:M3 M10 M22 M25 M32 M59 M64 M80 M94 M96 M105 M121 M133 M137 M152 M158 M168 M178 M184 | 4:M8 M26 M37 M49 M63 M66 M77 M82 M88 M99 M109 M119 M130 M134 M136 M151 M164 | 5:M2 M23 M30 M33 M44 M52 M75 M85 M89 M93 M100 M103 M116 M125 M132 M146 M172 M177 | 6:M14 M18 M35 M47 M56 M57 M70 M78 M90 M106 M113 M127 M128 M141 M157 M166 M183 | 7:M6 M7 M13 M15 M21 M36 M45 M50 M60 M79 M104 M115 M139 M144 M147 M161 M173 M176 | 8:M1 M9 M11 M17 M24 M39 M41 M53 M62 M69 M76 M84 M91 M107 M114 M120 M129 M162 M171 M175 | 9:M20 M27 M38 M42 M54 M68 M73 M83 M87 M101 M102 M112 M124 M131 M135 M145 M155 M165 M179 M182 | 10:M4 M12 M19 M28 M34 M40 M46 M61 M81 M108 M111 M118 M123 M138 M148 M156 M163 M169 M180,,"objective-only optimization: no hard upper bound on objective gap | unary domain filtering + participant matching GAC + slot saturation | distance-aware explicit E* bounds and cycle detection | (20),(22)-(27) exactly once over fully reduced domains | (19) participant atMost-one per slot | (46),(47) clustered table capacity with compact forward channeling | (28) sparse shared suffix-ladder precedence over distance-labelled E* | linear P* first/last span encoding: B(p)=last-first+1-|Mp| | exact schedule <-> usedSlot channeling | (43) exactly |Mp| reduced usedSlot variables | (44) atMost 2|L| busy participants per slot | (45) exact even number of busy participants | exact max/min objective gap over P* with no hard upper bound",,,result
tic-13crafc.fixed020-Forb,SAT,OPTIMAL,0.440532,50.543,peak_process_tree_rss_mb,maxsat,UWrMaxSAT,/home/adminlinux/solver-build/uwrmaxsat/build/release/bin/uwrmaxsat,process exit code=30,uwrmaxsat,/home/adminlinux/solver-build/uwrmaxsat/build/release/bin/uwrmaxsat,staircase,imp12+,reduced,internal_idle_slot_range_pstar,3,3,45,"1,3,4,5,6,7,8,9,10,11,12,13,14,15,16,17,18,19,20,21,22,23,24,25,26,27,28,29,30,31,32,33,34,35,36,37,38,40,41,42,43,44,45,46,47",3,3,57,1476,1068,408,22046,47138,6,47144,6,0,0,0,"0,0,3,1,1,1,3,2,2,2,0,3,0,0,2,1,1,0,1,3,3,1,0,3,2,0,1,0,2,2,3,0,2,0,0,2,3,0,0,0,0,2,0,0,2,3,0","36,36,36,34,38,38,34,38,38,32","3,7,8,10,2,1,5,9,6,4,8,9,3,5,10,9,5,7,3,2,6,1,2,8,5,9,4,3,6,10,3,7,2,4,9,8,6,6,2,3,5,9,4,1,2,3,10,8,5,8,10,7,6,4,8,4,1,9,6,10,4,2,1,3,7,5,8,10,5,7,10,7,6,1,5,4,3,9,2,9,7,6,3,4,1,10,7,5,6,1,9,8,2,10,7,3,6,8,4,1,5,3,2,5,9,10,7,8,6,5,8,4,9,2,3,7,6,10,1,6,5,7,8,10,5,3,4,6,9,1,3,4,6,1,8,2,9,9,4,2,1,5,6,9,3,9,5,2,4,1,2,1,4,10,1,8,2,9,8,6,2,1,6,7,8,9,7,7,8,5,3,1,4,2,5,3,10,7,10,8",1:M6 M22 M44 M57 M63 M74 M85 M90 M100 M119 M130 M134 M141 M150 M152 M155 M162 M172 | 2:M5 M20 M23 M33 M39 M45 M62 M79 M93 M103 M114 M136 M140 M148 M151 M157 M161 M174 | 3:M1 M13 M19 M28 M31 M40 M46 M64 M77 M83 M96 M102 M115 M126 M131 M145 M171 M176 | 4:M10 M27 M34 M43 M54 M56 M61 M76 M84 M99 M112 M127 M132 M139 M149 M153 M173 | 5:M7 M14 M17 M25 M41 M49 M66 M69 M75 M88 M101 M104 M110 M121 M125 M142 M147 M170 M175 | 6:M9 M21 M29 M37 M38 M53 M59 M73 M82 M89 M97 M109 M117 M120 M128 M133 M143 M160 M163 | 7:M2 M18 M32 M52 M65 M70 M72 M81 M87 M95 M107 M116 M122 M164 M167 M168 M178 | 8:M3 M11 M24 M36 M48 M50 M55 M67 M92 M98 M108 M111 M123 M135 M156 M159 M165 M169 M180 | 9:M8 M12 M16 M26 M35 M42 M58 M78 M80 M91 M105 M113 M129 M137 M138 M144 M146 M158 M166 | 10:M4 M15 M30 M47 M51 M60 M68 M71 M86 M94 M106 M118 M124 M154 M177 M179,,"objective-only optimization: no hard upper bound on objective gap | unary domain filtering + participant matching GAC + slot saturation | distance-aware explicit E* bounds and cycle detection | (20),(22)-(27) exactly once over fully reduced domains | (19) participant atMost-one per slot | (46),(47) clustered table capacity with compact forward channeling | (28) sparse shared suffix-ladder precedence over distance-labelled E* | linear P* first/last span encoding: B(p)=last-first+1-|Mp| | exact schedule <-> usedSlot channeling | (43) exactly |Mp| reduced usedSlot variables | (44) atMost 2|L| busy participants per slot | (45) exact even number of busy participants | exact max/min objective gap over P* with no hard upper bound",,,result
tic-13crafc.fixed040-Forb,SAT,OPTIMAL,0.364304,46.43,peak_process_tree_rss_mb,maxsat,UWrMaxSAT,/home/adminlinux/solver-build/uwrmaxsat/build/release/bin/uwrmaxsat,process exit code=30,uwrmaxsat,/home/adminlinux/solver-build/uwrmaxsat/build/release/bin/uwrmaxsat,staircase,imp12+,reduced,internal_idle_slot_range_pstar,4,4,45,"1,3,4,5,6,7,8,9,10,11,12,13,14,15,16,17,18,19,20,21,22,23,24,25,26,27,28,29,30,31,32,33,34,35,36,37,38,40,41,42,43,44,45,46,47",4,4,73,1152,576,576,19846,37419,6,37425,6,0,0,0,"0,0,3,0,2,2,4,1,4,1,0,4,0,0,4,1,1,0,1,4,4,1,0,4,2,1,2,0,3,2,4,0,2,1,0,2,4,1,0,0,0,3,0,0,2,3,0","38,34,38,32,36,38,36,34,36,38","9,8,7,10,6,1,2,3,4,5,8,6,3,5,10,6,2,9,3,7,5,4,4,2,5,9,10,3,6,6,8,7,3,4,9,10,1,10,2,9,5,7,9,3,6,4,10,8,2,9,5,7,6,1,8,7,2,5,6,3,4,2,1,9,5,7,8,9,7,1,3,10,6,5,1,4,7,9,8,8,7,6,3,4,1,10,7,10,6,1,9,8,5,10,7,3,10,9,8,1,5,3,2,5,6,7,3,4,1,2,8,4,9,10,6,7,6,1,7,6,1,10,1,5,10,3,4,7,9,6,9,8,4,1,2,6,10,9,10,3,5,4,3,2,8,5,3,2,4,6,2,1,4,10,1,5,3,1,8,10,2,9,1,9,6,8,2,5,3,8,8,7,1,4,10,3,2,5,2,7",1:M6 M37 M54 M63 M70 M75 M85 M90 M100 M109 M118 M121 M123 M134 M152 M155 M158 M163 M173 | 2:M7 M17 M24 M39 M49 M57 M62 M103 M110 M135 M144 M148 M151 M161 M167 M177 M179 | 3:M8 M13 M19 M28 M33 M44 M60 M71 M83 M96 M102 M107 M126 M140 M143 M147 M157 M169 M176 | 4:M9 M22 M23 M34 M46 M61 M76 M84 M108 M112 M127 M133 M142 M149 M153 M174 | 5:M10 M14 M21 M25 M41 M51 M58 M65 M74 M93 M101 M104 M124 M141 M146 M156 M168 M178 | 6:M5 M12 M16 M29 M30 M45 M53 M59 M73 M82 M89 M105 M115 M117 M120 M130 M136 M150 M165 | 7:M3 M20 M32 M42 M52 M56 M66 M69 M77 M81 M87 M95 M106 M116 M119 M128 M172 M180 | 8:M2 M11 M31 M48 M55 M67 M79 M80 M92 M99 M111 M132 M145 M159 M166 M170 M171 | 9:M1 M18 M26 M35 M40 M43 M50 M64 M68 M78 M91 M98 M113 M129 M131 M138 M162 M164 | 10:M4 M15 M27 M36 M38 M47 M72 M86 M88 M94 M97 M114 M122 M125 M137 M139 M154 M160 M175,,"objective-only optimization: no hard upper bound on objective gap | unary domain filtering + participant matching GAC + slot saturation | distance-aware explicit E* bounds and cycle detection | (20),(22)-(27) exactly once over fully reduced domains | (19) participant atMost-one per slot | (46),(47) clustered table capacity with compact forward channeling | (28) sparse shared suffix-ladder precedence over distance-labelled E* | linear P* first/last span encoding: B(p)=last-first+1-|Mp| | exact schedule <-> usedSlot channeling | (43) exactly |Mp| reduced usedSlot variables | (44) atMost 2|L| busy participants per slot | (45) exact even number of busy participants | exact max/min objective gap over P* with no hard upper bound",,,result
tic-14crafa.fixed020-Forb,SAT,OPTIMAL,0.503529,55.871,peak_process_tree_rss_mb,maxsat,UWrMaxSAT,/home/adminlinux/solver-build/uwrmaxsat/build/release/bin/uwrmaxsat,process exit code=30,uwrmaxsat,/home/adminlinux/solver-build/uwrmaxsat/build/release/bin/uwrmaxsat,staircase,imp12+,reduced,internal_idle_slot_range_pstar,2,2,59,"1,2,3,4,5,6,7,8,9,10,11,12,13,14,15,16,17,18,20,21,22,23,24,25,26,27,28,29,30,31,32,33,34,35,36,37,38,39,40,41,42,43,44,45,46,47,48,49,50,51,52,53,54,55,56,57,58,59,60",2,2,52,1947,1388,559,24537,55376,7,55383,7,0,0,0,"0,0,0,1,2,0,0,2,1,0,1,0,2,0,0,0,2,2,0,0,0,2,0,0,0,0,2,2,0,2,1,2,0,2,2,2,0,0,2,0,0,0,0,0,2,0,2,2,1,1,1,0,2,0,2,0,2,1,2,2","42,44,50,48,50,50,50,46,46,48","7,5,6,3,10,8,1,2,7,6,3,9,7,6,4,10,5,1,5,10,3,8,7,5,2,1,6,4,8,1,4,1,8,9,3,9,2,10,5,8,2,7,4,6,9,10,8,3,6,9,4,8,1,1,6,3,9,2,7,4,5,9,7,3,6,10,4,2,5,1,8,10,5,9,7,2,3,4,6,8,5,9,1,7,2,10,2,8,5,1,3,4,2,9,8,10,5,3,4,6,1,10,5,2,3,5,8,3,6,4,8,5,7,9,5,7,4,2,3,10,1,3,9,4,2,5,10,9,7,6,6,9,2,1,4,8,5,7,3,9,10,7,9,8,6,3,1,2,7,6,4,7,6,9,1,10,3,8,2,5,4,8,5,3,6,1,2,7,10,1,6,10,8,2,4,5,9,10,1,1,3,5,7,4,3,2,6,8,9,5,4,3,7,5,8,2,9,6,7,10,7,3,7,9,6,8,4,2,5,10,9,1,6,4,10,8,10,7,3,9,1,5,6,7,4,2,3,10,6,4,3,7,10,6,4,8,10",1:M7 M18 M26 M30 M32 M53 M54 M70 M83 M90 M101 M121 M134 M147 M155 M166 M170 M179 M180 M212 M221 | 2:M8 M25 M37 M41 M58 M68 M76 M85 M87 M93 M104 M118 M125 M133 M148 M159 M167 M174 M186 M196 M208 M226 | 3:M4 M11 M21 M35 M48 M56 M64 M77 M91 M98 M105 M108 M119 M122 M139 M146 M157 M164 M181 M185 M192 M202 M219 M227 M231 | 4:M15 M28 M31 M43 M51 M60 M67 M78 M92 M99 M110 M117 M124 M135 M151 M161 M175 M184 M191 M207 M214 M225 M230 M235 | 5:M2 M17 M19 M24 M39 M61 M69 M73 M81 M89 M97 M103 M106 M112 M115 M126 M137 M160 M163 M176 M182 M190 M194 M209 M222 | 6:M3 M10 M14 M27 M44 M49 M55 M65 M79 M100 M109 M130 M131 M145 M150 M153 M165 M171 M187 M198 M205 M213 M223 M229 M234 | 7:M1 M9 M13 M23 M42 M59 M63 M75 M84 M113 M116 M129 M138 M142 M149 M152 M168 M183 M193 M199 M201 M203 M218 M224 M232 | 8:M6 M22 M29 M33 M40 M47 M52 M71 M80 M88 M95 M107 M111 M136 M144 M158 M162 M173 M188 M195 M206 M216 M236 | 9:M12 M34 M36 M45 M50 M57 M62 M74 M82 M94 M114 M123 M128 M132 M140 M143 M154 M177 M189 M197 M204 M211 M220 | 10:M5 M16 M20 M38 M46 M66 M72 M86 M96 M102 M120 M127 M141 M156 M169 M172 M178 M200 M210 M215 M217 M228 M233 M237,,"objective-only optimization: no hard upper bound on objective gap | unary domain filtering + participant matching GAC + slot saturation | distance-aware explicit E* bounds and cycle detection | (20),(22)-(27) exactly once over fully reduced domains | (19) participant atMost-one per slot | (46),(47) clustered table capacity with compact forward channeling | (28) sparse shared suffix-ladder precedence over distance-labelled E* | linear P* first/last span encoding: B(p)=last-first+1-|Mp| | exact schedule <-> usedSlot channeling | (43) exactly |Mp| reduced usedSlot variables | (44) atMost 2|L| busy participants per slot | (45) exact even number of busy participants | exact max/min objective gap over P* with no hard upper bound",,,result
tic-14crafa.fixed040-Forb,UNSAT,UNSAT,0.323914,48.406,peak_process_tree_rss_mb,maxsat,UWrMaxSAT,/home/adminlinux/solver-build/uwrmaxsat/build/release/bin/uwrmaxsat,process exit code=20,uwrmaxsat,/home/adminlinux/solver-build/uwrmaxsat/build/release/bin/uwrmaxsat,staircase,imp12+,reduced,internal_idle_slot_range_pstar,,,59,"1,2,3,4,5,6,7,8,9,10,11,12,13,14,15,16,17,18,20,21,22,23,24,25,26,27,28,29,30,31,32,33,34,35,36,37,38,39,40,41,42,43,44,45,46,47,48,49,50,51,52,53,54,55,56,57,58,59,60",,,,1524,891,633,22696,46032,7,46039,7,0,0,0,,,,,,"objective-only optimization: no hard upper bound on objective gap | unary domain filtering + participant matching GAC + slot saturation | distance-aware explicit E* bounds and cycle detection | (20),(22)-(27) exactly once over fully reduced domains | (19) participant atMost-one per slot | (46),(47) clustered table capacity with compact forward channeling | (28) sparse shared suffix-ladder precedence over distance-labelled E* | linear P* first/last span encoding: B(p)=last-first+1-|Mp| | exact schedule <-> usedSlot channeling | (43) exactly |Mp| reduced usedSlot variables | (44) atMost 2|L| busy participants per slot | (45) exact even number of busy participants | exact max/min objective gap over P* with no hard upper bound",,,result
tic-14crafc.fixed020-Forb,SAT,OPTIMAL,0.497611,56.512,peak_process_tree_rss_mb,maxsat,UWrMaxSAT,/home/adminlinux/solver-build/uwrmaxsat/build/release/bin/uwrmaxsat,process exit code=30,uwrmaxsat,/home/adminlinux/solver-build/uwrmaxsat/build/release/bin/uwrmaxsat,staircase,imp12+,reduced,internal_idle_slot_range_pstar,2,2,59,"1,2,3,4,5,6,7,8,9,10,11,12,13,14,15,16,17,18,20,21,22,23,24,25,26,27,28,29,30,31,32,33,34,35,36,37,38,39,40,41,42,43,44,45,46,47,48,49,50,51,52,53,54,55,56,57,58,59,60",2,2,46,1947,1388,559,24827,55996,7,56003,7,0,0,0,"0,0,2,1,1,0,0,2,1,0,2,0,2,0,0,0,2,2,0,0,0,0,0,0,0,0,0,1,0,2,2,1,0,2,0,2,0,0,2,0,0,0,0,0,2,0,2,2,1,1,1,0,2,0,1,2,1,1,2,1","46,46,50,50,50,50,50,48,42,42","7,2,6,8,3,9,1,5,7,4,9,1,6,3,8,10,7,5,3,10,3,8,7,9,2,1,8,4,8,1,4,3,1,8,3,5,2,4,5,3,10,7,4,6,9,2,8,3,7,9,4,8,1,4,10,9,7,2,1,6,5,6,10,9,4,3,1,2,7,5,7,8,5,9,2,10,3,7,1,4,5,9,6,8,10,2,2,5,4,1,3,6,1,3,6,7,5,2,6,5,3,10,9,4,8,4,8,3,3,4,8,10,5,2,9,7,1,10,3,6,5,4,8,5,2,4,6,1,5,9,6,5,2,9,4,8,5,6,7,10,3,7,10,8,5,1,1,2,7,6,5,7,3,9,1,2,4,8,10,6,4,8,5,3,9,7,2,6,10,1,9,4,2,6,2,10,4,1,7,1,2,10,8,4,6,2,7,8,6,5,9,3,7,5,8,2,9,4,3,10,7,8,7,10,1,5,6,2,4,3,9,1,6,5,3,6,10,7,6,1,7,2,3,8,6,9,4,10,3,4,5,1,6,8,7,10,9",1:M7 M12 M26 M30 M33 M53 M59 M67 M79 M90 M93 M117 M128 M146 M147 M155 M170 M178 M180 M205 M212 M220 M232 | 2:M2 M25 M37 M46 M58 M68 M75 M86 M87 M98 M114 M125 M133 M148 M156 M167 M173 M175 M181 M186 M196 M208 M222 | 3:M5 M14 M19 M21 M32 M35 M40 M48 M66 M77 M91 M94 M101 M108 M109 M119 M141 M153 M164 M192 M199 M210 M215 M223 M229 | 4:M10 M28 M31 M38 M43 M51 M54 M65 M80 M89 M104 M106 M110 M122 M126 M135 M157 M161 M172 M177 M184 M198 M209 M227 M230 | 5:M8 M18 M36 M39 M61 M70 M73 M81 M88 M97 M100 M113 M121 M124 M129 M132 M137 M145 M151 M163 M190 M194 M206 M214 M231 | 6:M3 M13 M44 M60 M62 M83 M92 M95 M99 M120 M127 M131 M138 M150 M160 M168 M174 M185 M189 M207 M213 M216 M219 M225 M233 | 7:M1 M9 M17 M23 M42 M49 M57 M69 M71 M78 M96 M116 M139 M142 M149 M152 M166 M179 M187 M193 M201 M203 M218 M221 M235 | 8:M4 M15 M22 M27 M29 M34 M47 M52 M72 M84 M105 M107 M111 M123 M136 M144 M158 M162 M183 M188 M195 M202 M224 M234 | 9:M6 M11 M24 M45 M50 M56 M64 M74 M82 M103 M115 M130 M134 M154 M165 M171 M191 M197 M211 M226 M237 | 10:M16 M20 M41 M55 M63 M76 M85 M102 M112 M118 M140 M143 M159 M169 M176 M182 M200 M204 M217 M228 M236,,"objective-only optimization: no hard upper bound on objective gap | unary domain filtering + participant matching GAC + slot saturation | distance-aware explicit E* bounds and cycle detection | (20),(22)-(27) exactly once over fully reduced domains | (19) participant atMost-one per slot | (46),(47) clustered table capacity with compact forward channeling | (28) sparse shared suffix-ladder precedence over distance-labelled E* | linear P* first/last span encoding: B(p)=last-first+1-|Mp| | exact schedule <-> usedSlot channeling | (43) exactly |Mp| reduced usedSlot variables | (44) atMost 2|L| busy participants per slot | (45) exact even number of busy participants | exact max/min objective gap over P* with no hard upper bound",,,result
tic-14crafc.fixed040-Forb,UNSAT,UNSAT,0.311546,38.234,peak_process_tree_rss_mb,maxsat,UWrMaxSAT,/home/adminlinux/solver-build/uwrmaxsat/build/release/bin/uwrmaxsat,process exit code=20,uwrmaxsat,/home/adminlinux/solver-build/uwrmaxsat/build/release/bin/uwrmaxsat,staircase,imp12+,reduced,internal_idle_slot_range_pstar,,,59,"1,2,3,4,5,6,7,8,9,10,11,12,13,14,15,16,17,18,20,21,22,23,24,25,26,27,28,29,30,31,32,33,34,35,36,37,38,39,40,41,42,43,44,45,46,47,48,49,50,51,52,53,54,55,56,57,58,59,60",,,,1524,891,633,23030,46740,7,46747,7,0,0,0,,,,,,"objective-only optimization: no hard upper bound on objective gap | unary domain filtering + participant matching GAC + slot saturation | distance-aware explicit E* bounds and cycle detection | (20),(22)-(27) exactly once over fully reduced domains | (19) participant atMost-one per slot | (46),(47) clustered table capacity with compact forward channeling | (28) sparse shared suffix-ladder precedence over distance-labelled E* | linear P* first/last span encoding: B(p)=last-first+1-|Mp| | exact schedule <-> usedSlot channeling | (43) exactly |Mp| reduced usedSlot variables | (44) atMost 2|L| busy participants per slot | (45) exact even number of busy participants | exact max/min objective gap over P* with no hard upper bound",,,result
tic-14crafd.fixed020-Forb,SAT,OPTIMAL,0.533556,56.094,peak_process_tree_rss_mb,maxsat,UWrMaxSAT,/home/adminlinux/solver-build/uwrmaxsat/build/release/bin/uwrmaxsat,process exit code=30,uwrmaxsat,/home/adminlinux/solver-build/uwrmaxsat/build/release/bin/uwrmaxsat,staircase,imp12+,reduced,internal_idle_slot_range_pstar,3,3,59,"1,2,3,4,5,6,7,8,9,10,11,12,13,14,15,16,17,18,20,21,22,23,24,25,26,27,28,29,30,31,32,33,34,35,36,37,38,39,40,41,42,43,44,45,46,47,48,49,50,51,52,53,54,55,56,57,58,59,60",3,3,51,1937,1381,556,24753,56100,8,56108,8,0,0,0,"0,0,1,0,0,0,3,1,2,0,2,0,1,2,0,0,2,2,0,0,0,2,0,0,0,0,2,0,0,3,0,2,0,3,0,2,0,0,2,0,0,0,0,0,2,0,3,1,0,3,2,0,0,0,2,2,2,0,0,2","48,48,48,50,46,46,46,50,48,42","8,6,7,4,10,9,2,1,8,2,1,7,4,2,9,6,8,10,7,3,5,5,4,2,1,7,8,7,1,6,2,10,8,7,5,9,8,5,7,6,10,4,9,3,6,2,1,8,5,9,1,4,10,6,2,3,4,2,7,5,1,9,8,2,1,10,6,9,3,5,7,4,4,8,5,6,10,9,2,1,5,8,3,6,10,7,4,5,3,7,10,8,6,4,1,5,1,7,9,2,8,4,3,9,6,2,8,2,4,3,9,3,5,9,4,10,6,7,1,3,4,5,4,10,8,3,1,7,9,2,3,5,10,2,1,6,4,9,5,10,7,3,9,6,5,8,7,3,1,3,2,3,5,4,7,6,9,1,8,10,6,7,2,5,1,3,9,10,9,6,8,1,2,8,10,1,9,4,5,2,6,9,3,10,2,4,9,8,2,10,4,3,8,3,7,5,1,2,8,10,1,2,8,10,1,7,3,4,5,6,9,7,8,4,6,10,9,3,2,5,1,7,8,6,4,3,4,7,5,9,8,6,6,1,3,4",1:M8 M11 M25 M29 M47 M51 M61 M65 M80 M95 M97 M119 M127 M135 M149 M158 M165 M172 M176 M197 M201 M205 M221 M234 | 2:M7 M10 M14 M24 M31 M46 M55 M58 M64 M79 M100 M106 M108 M130 M134 M151 M163 M173 M180 M185 M189 M198 M202 M219 | 3:M20 M44 M56 M69 M83 M89 M103 M110 M112 M120 M126 M131 M142 M148 M150 M152 M166 M183 M192 M194 M207 M218 M226 M235 | 4:M4 M13 M23 M42 M52 M57 M72 M73 M87 M94 M102 M109 M115 M121 M123 M137 M154 M178 M186 M191 M208 M214 M225 M227 M236 | 5:M21 M22 M35 M38 M49 M60 M70 M75 M81 M88 M96 M113 M122 M132 M139 M145 M153 M164 M179 M196 M209 M220 M229 | 6:M2 M16 M30 M40 M45 M54 M67 M76 M84 M93 M105 M117 M136 M144 M156 M161 M170 M181 M210 M215 M224 M232 M233 | 7:M3 M12 M19 M26 M28 M34 M39 M59 M71 M86 M90 M98 M118 M128 M141 M147 M155 M162 M195 M206 M212 M222 M228 | 8:M1 M9 M17 M27 M33 M37 M48 M63 M74 M82 M92 M101 M107 M125 M146 M159 M171 M174 M188 M193 M199 M203 M213 M223 M231 | 9:M6 M15 M36 M43 M50 M62 M68 M78 M99 M104 M111 M114 M129 M138 M143 M157 M167 M169 M177 M182 M187 M211 M217 M230 | 10:M5 M18 M32 M41 M53 M66 M77 M85 M91 M116 M124 M133 M140 M160 M168 M175 M184 M190 M200 M204 M216,,"objective-only optimization: no hard upper bound on objective gap | unary domain filtering + participant matching GAC + slot saturation | distance-aware explicit E* bounds and cycle detection | (20),(22)-(27) exactly once over fully reduced domains | (19) participant atMost-one per slot | (46),(47) clustered table capacity with compact forward channeling | (28) sparse shared suffix-ladder precedence over distance-labelled E* | linear P* first/last span encoding: B(p)=last-first+1-|Mp| | exact schedule <-> usedSlot channeling | (43) exactly |Mp| reduced usedSlot variables | (44) atMost 2|L| busy participants per slot | (45) exact even number of busy participants | exact max/min objective gap over P* with no hard upper bound",,,result
tic-14crafd.fixed040-Forb,UNSAT,UNSAT,0.320478,37.418,peak_process_tree_rss_mb,maxsat,UWrMaxSAT,/home/adminlinux/solver-build/uwrmaxsat/build/release/bin/uwrmaxsat,process exit code=20,uwrmaxsat,/home/adminlinux/solver-build/uwrmaxsat/build/release/bin/uwrmaxsat,staircase,imp12+,reduced,internal_idle_slot_range_pstar,,,59,"1,2,3,4,5,6,7,8,9,10,11,12,13,14,15,16,17,18,20,21,22,23,24,25,26,27,28,29,30,31,32,33,34,35,36,37,38,39,40,41,42,43,44,45,46,47,48,49,50,51,52,53,54,55,56,57,58,59,60",,,,1514,720,794,21734,42736,8,42744,8,0,0,0,,,,,,"objective-only optimization: no hard upper bound on objective gap | unary domain filtering + participant matching GAC + slot saturation | distance-aware explicit E* bounds and cycle detection | (20),(22)-(27) exactly once over fully reduced domains | (19) participant atMost-one per slot | (46),(47) clustered table capacity with compact forward channeling | (28) sparse shared suffix-ladder precedence over distance-labelled E* | linear P* first/last span encoding: B(p)=last-first+1-|Mp| | exact schedule <-> usedSlot channeling | (43) exactly |Mp| reduced usedSlot variables | (44) atMost 2|L| busy participants per slot | (45) exact even number of busy participants | exact max/min objective gap over P* with no hard upper bound",,,result
ticf-13crafa.fixed020-Forb,SAT,OPTIMAL,0.902976,106.75,peak_process_tree_rss_mb,maxsat,UWrMaxSAT,/home/adminlinux/solver-build/uwrmaxsat/build/release/bin/uwrmaxsat,process exit code=30,uwrmaxsat,/home/adminlinux/solver-build/uwrmaxsat/build/release/bin/uwrmaxsat,staircase,imp12+,reduced,internal_idle_slot_range_pstar,10,10,58,"1,2,3,4,5,6,7,8,9,10,11,12,13,14,15,16,18,19,23,24,25,26,27,28,29,30,31,32,33,34,35,36,37,38,39,40,41,42,44,45,46,47,48,49,50,52,53,54,56,57,59,60,62,63,64,65,66,70",10,12,258,2006,1760,246,66375,144693,19,144712,19,0,0,0,"4,2,8,2,2,5,3,2,2,5,12,7,4,2,4,5,0,5,9,0,0,0,11,2,2,8,5,2,3,6,6,7,5,2,2,10,10,2,4,2,2,4,0,9,2,12,2,8,2,3,0,10,2,2,0,5,4,0,2,2,0,2,2,2,2,5,0,0,0,2","8,10,10,12,14,26,18,20,28,28,20,26,24,12,10,8,6,8,4,6,10","5,9,11,6,7,8,12,13,1,14,8,2,6,14,17,18,10,21,4,3,10,6,9,1,7,11,8,7,2,5,6,9,10,13,5,6,11,2,9,12,12,13,18,15,21,13,12,10,12,15,11,16,17,18,21,14,19,6,9,10,11,12,15,8,20,10,21,9,12,7,8,2,3,6,13,11,4,4,5,6,8,13,11,7,9,12,10,1,9,20,10,7,16,13,8,14,6,12,9,7,10,5,1,8,10,3,6,9,8,11,12,4,13,9,11,6,12,13,10,5,7,3,5,10,14,12,6,7,16,9,4,13,15,8,19,13,16,15,9,21,10,3,18,4,17,2,14,20,11,9,10,13,6,12",1:M9 M24 M88 M103 | 2:M12 M29 M38 M72 M146 | 3:M20 M73 M106 M122 M142 | 4:M19 M77 M78 M112 M131 M144 | 5:M1 M30 M35 M79 M102 M120 M123 | 6:M4 M13 M22 M31 M36 M58 M74 M80 M97 M107 M116 M127 M153 | 7:M5 M25 M28 M70 M84 M92 M100 M121 M128 | 8:M6 M11 M27 M64 M71 M81 M95 M104 M109 M134 | 9:M2 M23 M32 M39 M59 M68 M85 M89 M99 M108 M114 M130 M139 M150 | 10:M17 M21 M33 M48 M60 M66 M87 M91 M101 M105 M119 M124 M141 M151 | 11:M3 M26 M37 M51 M61 M76 M83 M110 M115 M149 | 12:M7 M40 M41 M47 M49 M62 M69 M86 M98 M111 M117 M126 M154 | 13:M8 M34 M42 M46 M75 M82 M94 M113 M118 M132 M136 M152 | 14:M10 M14 M56 M96 M125 M147 | 15:M44 M50 M63 M133 M138 | 16:M52 M93 M129 M137 | 17:M15 M53 M145 | 18:M16 M43 M54 M143 | 19:M57 M135 | 20:M65 M90 M148 | 21:M18 M45 M55 M67 M140,,"objective-only optimization: no hard upper bound on objective gap | unary domain filtering + participant matching GAC + slot saturation | distance-aware explicit E* bounds and cycle detection | (20),(22)-(27) exactly once over fully reduced domains | (19) participant atMost-one per slot | (46),(47) clustered table capacity with compact forward channeling | (28) sparse shared suffix-ladder precedence over distance-labelled E* | linear P* first/last span encoding: B(p)=last-first+1-|Mp| | exact schedule <-> usedSlot channeling | (43) exactly |Mp| reduced usedSlot variables | (44) atMost 2|L| busy participants per slot | (45) exact even number of busy participants | exact max/min objective gap over P* with no hard upper bound",,,result
ticf-13crafa.fixed040-Forb,SAT,OPTIMAL,0.667457,81.309,peak_process_tree_rss_mb,maxsat,UWrMaxSAT,/home/adminlinux/solver-build/uwrmaxsat/build/release/bin/uwrmaxsat,process exit code=30,uwrmaxsat,/home/adminlinux/solver-build/uwrmaxsat/build/release/bin/uwrmaxsat,staircase,imp12+,reduced,internal_idle_slot_range_pstar,12,12,58,"1,2,3,4,5,6,7,8,9,10,11,12,13,14,15,16,18,19,23,24,25,26,27,28,29,30,31,32,33,34,35,36,37,38,39,40,41,42,44,45,46,47,48,49,50,52,53,54,56,57,59,60,62,63,64,65,66,70",12,14,584,1522,1144,378,50219,109425,19,109444,19,0,0,0,"4,9,13,10,9,12,7,8,7,12,11,8,13,14,7,6,0,11,14,0,0,0,14,13,5,13,6,10,14,2,14,14,14,14,10,9,11,14,13,12,4,9,0,14,14,14,14,14,3,14,0,4,2,14,0,11,7,0,10,14,0,4,11,8,9,6,0,0,0,7","28,20,20,18,10,18,10,14,14,20,14,16,28,6,4,12,8,10,12,12,14","5,9,2,13,8,12,3,4,1,19,16,18,21,20,3,9,10,17,4,12,3,13,1,2,7,8,3,7,2,11,8,6,13,8,5,2,11,12,13,1,12,4,21,16,18,13,10,1,3,15,18,16,17,20,1,21,19,6,10,13,11,9,3,18,20,19,21,1,7,4,8,2,3,6,11,13,12,7,2,1,5,9,13,10,4,6,3,12,16,20,13,9,10,19,1,14,6,21,4,3,10,13,6,1,10,5,3,2,1,8,12,13,4,13,6,2,1,11,10,8,9,5,10,20,1,16,2,11,6,19,21,14,17,9,14,15,13,11,20,21,19,18,7,4,17,2,1,16,6,13,10,4,12,1",1:M9 M23 M40 M48 M55 M68 M80 M95 M104 M109 M117 M125 M147 M154 | 2:M3 M24 M29 M36 M72 M79 M108 M116 M127 M146 | 3:M7 M15 M21 M27 M49 M63 M73 M87 M100 M107 | 4:M8 M19 M42 M70 M85 M99 M113 M144 M152 | 5:M1 M35 M81 M106 M122 | 6:M32 M58 M74 M86 M97 M103 M115 M129 M149 | 7:M25 M28 M69 M78 M143 | 8:M5 M26 M31 M34 M71 M110 M120 | 9:M2 M16 M62 M82 M92 M121 M134 | 10:M17 M47 M59 M84 M93 M101 M105 M119 M123 M151 | 11:M30 M37 M61 M75 M118 M128 M138 | 12:M6 M20 M38 M41 M77 M88 M111 M153 | 13:M4 M22 M33 M39 M46 M60 M76 M83 M91 M102 M112 M114 M137 M150 | 14:M96 M132 M135 | 15:M50 M136 | 16:M11 M44 M52 M89 M126 M148 | 17:M18 M53 M133 M145 | 18:M12 M45 M51 M64 M142 | 19:M10 M57 M66 M94 M130 M141 | 20:M14 M54 M65 M90 M124 M139 | 21:M13 M43 M56 M67 M98 M131 M140,,"objective-only optimization: no hard upper bound on objective gap | unary domain filtering + participant matching GAC + slot saturation | distance-aware explicit E* bounds and cycle detection | (20),(22)-(27) exactly once over fully reduced domains | (19) participant atMost-one per slot | (46),(47) clustered table capacity with compact forward channeling | (28) sparse shared suffix-ladder precedence over distance-labelled E* | linear P* first/last span encoding: B(p)=last-first+1-|Mp| | exact schedule <-> usedSlot channeling | (43) exactly |Mp| reduced usedSlot variables | (44) atMost 2|L| busy participants per slot | (45) exact even number of busy participants | exact max/min objective gap over P* with no hard upper bound",,,result
ticf-13crafb.fixed020-Forb,SAT,OPTIMAL,1.029328,98.699,peak_process_tree_rss_mb,maxsat,UWrMaxSAT,/home/adminlinux/solver-build/uwrmaxsat/build/release/bin/uwrmaxsat,process exit code=30,uwrmaxsat,/home/adminlinux/solver-build/uwrmaxsat/build/release/bin/uwrmaxsat,staircase,imp12+,reduced,internal_idle_slot_range_pstar,17,17,56,"1,2,3,4,7,8,9,10,12,13,14,15,16,17,18,19,20,21,22,23,24,25,26,28,29,30,31,32,33,36,37,38,39,40,41,42,43,44,45,47,48,51,53,54,56,57,58,59,60,61,62,63,64,65,66,76",17,17,652,2607,2197,410,64994,148116,20,148136,20,0,0,0,"13,12,10,12,0,0,7,3,6,14,0,15,15,11,15,17,15,8,13,13,15,12,16,9,15,15,0,17,2,7,12,16,8,0,0,13,16,6,14,16,17,14,11,10,4,0,1,0,0,0,15,0,11,11,0,17,16,4,16,17,10,0,17,7,14,17,0,0,0,0,0,0,0,0,0,15","28,26,22,28,14,10,12,14,22,18,16,20,14,10,16,10,10,14,18,22,28,18","10,4,3,5,10,2,11,21,2,4,6,5,3,1,20,13,4,16,13,18,20,12,15,6,8,9,18,21,9,12,1,9,9,19,1,9,4,20,18,14,11,19,21,17,17,16,19,9,1,11,14,10,22,13,12,13,15,15,4,22,19,5,3,13,20,21,6,4,12,21,5,12,19,1,21,17,2,3,4,7,11,1,7,2,18,21,22,1,20,8,10,2,4,19,22,15,13,17,20,16,14,18,21,14,22,12,21,16,15,1,10,2,11,10,18,22,1,11,3,7,4,2,9,20,22,21,8,2,9,4,2,3,8,5,19,22,11,20,15,16,14,17,7,1,18,3,2,4,19,8,7,21,1,19,9,20,21,12,15,3,10,2,4,1,3,5,10,6,7,4,9,2,8,11,12,1,20,12,13,21,4,3,8,6,9,2,22,15,21,3,12,1,10,20,5",1:M14 M31 M35 M49 M74 M82 M88 M110 M117 M144 M153 M164 M176 M192 | 2:M6 M9 M77 M84 M92 M112 M122 M128 M131 M147 M162 M172 M186 | 3:M3 M13 M63 M78 M119 M132 M146 M160 M165 M182 M190 | 4:M2 M10 M17 M37 M59 M68 M79 M93 M121 M130 M148 M163 M170 M181 | 5:M4 M12 M62 M71 M134 M166 M195 | 6:M11 M24 M67 M168 M184 | 7:M80 M83 M120 M143 M151 M169 | 8:M25 M90 M127 M133 M150 M173 M183 | 9:M26 M29 M32 M33 M36 M48 M123 M129 M155 M171 M185 | 10:M1 M5 M52 M91 M111 M114 M161 M167 M193 | 11:M7 M41 M50 M81 M113 M118 M137 M174 | 12:M22 M30 M55 M69 M72 M106 M158 M175 M178 M191 | 13:M16 M19 M54 M56 M64 M97 M179 | 14:M40 M51 M101 M104 M141 | 15:M23 M57 M58 M96 M109 M139 M159 M188 | 16:M18 M46 M100 M108 M140 | 17:M44 M45 M76 M98 M142 | 18:M20 M27 M39 M85 M102 M115 M145 | 19:M34 M42 M47 M61 M73 M94 M135 M149 M154 | 20:M15 M21 M38 M65 M89 M99 M124 M138 M156 M177 M194 | 21:M8 M28 M43 M66 M70 M75 M86 M103 M107 M126 M152 M157 M180 M189 | 22:M53 M60 M87 M95 M105 M116 M125 M136 M187,,"objective-only optimization: no hard upper bound on objective gap | unary domain filtering + participant matching GAC + slot saturation | distance-aware explicit E* bounds and cycle detection | (20),(22)-(27) exactly once over fully reduced domains | (19) participant atMost-one per slot | (46),(47) clustered table capacity with compact forward channeling | (28) sparse shared suffix-ladder precedence over distance-labelled E* | linear P* first/last span encoding: B(p)=last-first+1-|Mp| | exact schedule <-> usedSlot channeling | (43) exactly |Mp| reduced usedSlot variables | (44) atMost 2|L| busy participants per slot | (45) exact even number of busy participants | exact max/min objective gap over P* with no hard upper bound",,,result
ticf-13crafb.fixed040-Forb,UNSAT,UNSAT,0.637846,80.43,peak_process_tree_rss_mb,maxsat,UWrMaxSAT,/home/adminlinux/solver-build/uwrmaxsat/build/release/bin/uwrmaxsat,process exit code=20,uwrmaxsat,/home/adminlinux/solver-build/uwrmaxsat/build/release/bin/uwrmaxsat,staircase,imp12+,reduced,internal_idle_slot_range_pstar,,,56,"1,2,3,4,7,8,9,10,12,13,14,15,16,17,18,19,20,21,22,23,24,25,26,28,29,30,31,32,33,36,37,38,39,40,41,42,43,44,45,47,48,51,53,54,56,57,58,59,60,61,62,63,64,65,66,76",,,,2054,2019,35,64460,144754,20,144774,20,0,0,0,,,,,,"objective-only optimization: no hard upper bound on objective gap | unary domain filtering + participant matching GAC + slot saturation | distance-aware explicit E* bounds and cycle detection | (20),(22)-(27) exactly once over fully reduced domains | (19) participant atMost-one per slot | (46),(47) clustered table capacity with compact forward channeling | (28) sparse shared suffix-ladder precedence over distance-labelled E* | linear P* first/last span encoding: B(p)=last-first+1-|Mp| | exact schedule <-> usedSlot channeling | (43) exactly |Mp| reduced usedSlot variables | (44) atMost 2|L| busy participants per slot | (45) exact even number of busy participants | exact max/min objective gap over P* with no hard upper bound",,,result
ticf-13crafc.fixed020-Forb,SAT,OPTIMAL,0.948478,107.258,peak_process_tree_rss_mb,maxsat,UWrMaxSAT,/home/adminlinux/solver-build/uwrmaxsat/build/release/bin/uwrmaxsat,process exit code=30,uwrmaxsat,/home/adminlinux/solver-build/uwrmaxsat/build/release/bin/uwrmaxsat,staircase,imp12+,reduced,internal_idle_slot_range_pstar,10,10,58,"1,2,3,4,5,6,7,8,9,10,11,12,13,14,15,16,18,19,23,24,25,26,27,28,29,30,31,32,33,34,35,36,37,38,39,40,41,42,44,45,46,47,48,49,50,52,53,54,56,57,59,60,62,63,64,65,66,70",10,12,293,2006,1760,246,66507,145009,19,145028,19,0,0,0,"4,10,8,2,2,8,3,2,2,12,12,7,4,2,3,8,0,5,6,0,0,0,11,2,4,9,5,11,3,6,6,7,5,2,2,10,10,2,4,2,2,4,0,9,2,12,2,8,2,3,0,10,2,2,0,11,4,0,2,2,0,2,2,2,2,5,0,0,0,2","12,12,12,10,16,22,18,20,24,22,24,24,24,10,10,8,8,8,6,6,12","5,9,8,6,3,7,12,13,1,14,12,2,5,11,4,17,10,21,4,9,7,3,8,1,7,10,8,7,2,1,6,9,11,13,5,7,11,2,8,10,12,13,18,15,21,13,12,10,12,15,11,16,17,18,21,14,19,6,9,10,11,11,15,8,20,10,21,9,12,5,8,2,3,6,13,11,4,2,5,6,8,13,11,7,9,12,10,1,17,20,18,1,16,13,21,14,6,19,9,7,10,5,1,6,10,3,6,9,8,11,12,7,13,9,11,6,12,13,10,5,7,3,5,8,14,12,6,13,16,9,4,11,15,8,19,13,16,15,9,21,12,3,18,4,17,2,14,20,11,9,10,13,6,12",1:M9 M24 M30 M88 M92 M103 | 2:M12 M29 M38 M72 M78 M146 | 3:M5 M22 M73 M106 M122 M142 | 4:M15 M19 M77 M131 M144 | 5:M1 M13 M35 M70 M79 M102 M120 M123 | 6:M4 M31 M58 M74 M80 M97 M104 M107 M116 M127 M153 | 7:M6 M21 M25 M28 M36 M84 M100 M112 M121 | 8:M3 M23 M27 M39 M64 M71 M81 M109 M124 M134 | 9:M2 M20 M32 M59 M68 M85 M99 M108 M114 M130 M139 M150 | 10:M17 M26 M40 M48 M60 M66 M87 M101 M105 M119 M151 | 11:M14 M33 M37 M51 M61 M62 M76 M83 M110 M115 M132 M149 | 12:M7 M11 M41 M47 M49 M69 M86 M111 M117 M126 M141 M154 | 13:M8 M34 M42 M46 M75 M82 M94 M113 M118 M128 M136 M152 | 14:M10 M56 M96 M125 M147 | 15:M44 M50 M63 M133 M138 | 16:M52 M93 M129 M137 | 17:M16 M53 M89 M145 | 18:M43 M54 M91 M143 | 19:M57 M98 M135 | 20:M65 M90 M148 | 21:M18 M45 M55 M67 M95 M140,,"objective-only optimization: no hard upper bound on objective gap | unary domain filtering + participant matching GAC + slot saturation | distance-aware explicit E* bounds and cycle detection | (20),(22)-(27) exactly once over fully reduced domains | (19) participant atMost-one per slot | (46),(47) clustered table capacity with compact forward channeling | (28) sparse shared suffix-ladder precedence over distance-labelled E* | linear P* first/last span encoding: B(p)=last-first+1-|Mp| | exact schedule <-> usedSlot channeling | (43) exactly |Mp| reduced usedSlot variables | (44) atMost 2|L| busy participants per slot | (45) exact even number of busy participants | exact max/min objective gap over P* with no hard upper bound",,,result
ticf-13crafc.fixed040-Forb,SAT,OPTIMAL,0.700536,82.648,peak_process_tree_rss_mb,maxsat,UWrMaxSAT,/home/adminlinux/solver-build/uwrmaxsat/build/release/bin/uwrmaxsat,process exit code=30,uwrmaxsat,/home/adminlinux/solver-build/uwrmaxsat/build/release/bin/uwrmaxsat,staircase,imp12+,reduced,internal_idle_slot_range_pstar,12,12,58,"1,2,3,4,5,6,7,8,9,10,11,12,13,14,15,16,18,19,23,24,25,26,27,28,29,30,31,32,33,34,35,36,37,38,39,40,41,42,44,45,46,47,48,49,50,52,53,54,56,57,59,60,62,63,64,65,66,70",12,14,544,1522,1144,378,51145,110947,19,110966,19,0,0,0,"4,7,13,10,8,12,8,8,7,12,9,14,2,12,6,6,0,10,14,0,0,0,13,12,5,13,6,14,14,2,14,13,14,14,8,9,9,14,12,10,5,8,0,14,13,12,14,14,2,14,0,3,2,14,0,10,7,0,10,4,0,4,9,8,8,5,0,0,0,6","20,18,24,14,8,18,16,12,20,22,20,16,24,6,6,8,10,12,10,14,10","11,9,2,12,7,13,3,4,1,18,18,16,21,20,5,9,10,17,4,13,3,11,2,10,7,2,3,7,2,1,11,6,12,8,5,12,11,13,3,1,12,4,21,16,20,13,11,2,3,15,18,16,17,20,13,21,19,6,10,3,11,9,3,17,20,19,21,9,7,8,12,2,3,6,11,13,10,9,7,1,5,3,2,10,4,6,13,8,1,20,12,9,10,8,19,14,6,18,4,3,10,13,6,1,10,1,13,3,9,4,12,5,2,9,7,6,1,11,10,8,13,7,10,20,13,15,19,11,6,18,1,14,17,9,14,16,13,8,20,21,19,18,7,4,17,2,3,15,6,1,10,11,9,12",1:M9 M30 M40 M80 M89 M104 M106 M117 M131 M150 | 2:M3 M23 M26 M29 M48 M72 M83 M113 M146 | 3:M7 M21 M27 M39 M49 M60 M63 M73 M82 M100 M108 M147 | 4:M8 M19 M42 M85 M99 M110 M144 | 5:M15 M35 M81 M112 | 6:M32 M58 M74 M86 M97 M103 M116 M129 M149 | 7:M5 M25 M28 M69 M79 M115 M122 M143 | 8:M34 M70 M88 M94 M120 M138 | 9:M2 M16 M62 M68 M78 M92 M109 M114 M134 M153 | 10:M17 M24 M59 M77 M84 M93 M101 M105 M119 M123 M151 | 11:M1 M22 M31 M37 M47 M61 M75 M118 M128 M152 | 12:M4 M33 M36 M41 M71 M91 M111 M154 | 13:M6 M20 M38 M46 M55 M76 M87 M102 M107 M121 M125 M137 | 14:M96 M132 M135 | 15:M50 M126 M148 | 16:M12 M44 M52 M136 | 17:M18 M53 M64 M133 M145 | 18:M10 M11 M51 M98 M130 M142 | 19:M57 M66 M95 M127 M141 | 20:M14 M45 M54 M65 M90 M124 M139 | 21:M13 M43 M56 M67 M140,,"objective-only optimization: no hard upper bound on objective gap | unary domain filtering + participant matching GAC + slot saturation | distance-aware explicit E* bounds and cycle detection | (20),(22)-(27) exactly once over fully reduced domains | (19) participant atMost-one per slot | (46),(47) clustered table capacity with compact forward channeling | (28) sparse shared suffix-ladder precedence over distance-labelled E* | linear P* first/last span encoding: B(p)=last-first+1-|Mp| | exact schedule <-> usedSlot channeling | (43) exactly |Mp| reduced usedSlot variables | (44) atMost 2|L| busy participants per slot | (45) exact even number of busy participants | exact max/min objective gap over P* with no hard upper bound",,,result
ticf-14crafa.fixed020-Forb,SAT,OPTIMAL,2.061345,154.297,peak_process_tree_rss_mb,maxsat,UWrMaxSAT,/home/adminlinux/solver-build/uwrmaxsat/build/release/bin/uwrmaxsat,process exit code=30,uwrmaxsat,/home/adminlinux/solver-build/uwrmaxsat/build/release/bin/uwrmaxsat,staircase,imp12+,reduced,internal_idle_slot_range_pstar,15,15,72,"1,2,3,4,5,6,8,9,11,12,14,17,19,20,21,22,23,24,25,26,27,28,29,30,31,32,33,34,35,36,37,38,39,40,41,42,43,44,45,46,47,48,49,50,51,52,53,54,55,56,57,58,59,60,61,62,63,64,65,66,67,68,69,70,71,72,73,74,75,76,77,78",15,15,763,4768,3859,909,123712,267822,20,267842,20,0,0,0,"9,12,14,10,14,13,0,15,6,0,13,9,0,14,0,0,8,0,12,5,14,12,11,3,5,12,15,8,11,15,15,6,10,11,12,5,15,7,15,15,5,13,12,11,15,5,10,7,15,13,5,15,15,11,10,15,2,0,15,4,12,10,12,12,15,14,11,0,9,15,13,15,0,15,3,15,15,8","36,40,28,18,28,26,20,28,32,26,30,30,32,26,22,20,24,22,18,24,44,30","22,8,15,21,12,16,2,13,17,21,18,7,10,9,11,5,1,8,6,12,5,13,17,13,22,16,14,15,17,13,21,2,16,13,7,8,21,20,14,6,11,18,19,21,14,12,9,22,6,2,19,10,6,2,3,11,12,9,19,2,18,7,15,21,14,17,20,21,22,2,20,1,4,6,16,20,2,5,15,22,1,18,17,16,14,12,4,15,19,14,13,21,2,10,9,2,11,14,21,10,20,10,11,21,2,9,3,7,20,6,14,2,21,9,3,3,2,9,12,5,6,4,11,9,12,8,11,2,10,3,5,15,3,12,13,17,8,14,22,18,7,19,2,21,4,22,6,16,5,12,16,21,10,13,11,15,1,1,17,18,21,6,15,8,7,5,21,17,9,18,12,13,14,22,9,20,13,10,1,3,22,8,4,11,21,9,13,18,21,19,17,22,10,2,11,2,8,1,2,13,20,3,12,21,1,22,18,14,16,21,15,20,19,17,1,22,13,10,17,5,1,14,4,9,20,15,8,3,2,16,21,19,11,12,22,7,6,13,18,1,3,20,13,21,4,22,1,9,11,14,3,5,9,1,15,17,16,21,5,6,11,9,10,1,8,2,12,4,7,3,20,7,1,8,18,8,5,6,1,10,12,3,11,19,5,8,1,13,22,5,11,8,12,9,4,2,10,3,6,5,1,7",1:M17 M72 M81 M157 M158 M179 M198 M205 M215 M221 M240 M247 M254 M264 M273 M279 M287 M301 | 2:M7 M32 M50 M54 M60 M70 M77 M93 M96 M105 M112 M117 M128 M143 M194 M196 M199 M229 M266 M296 | 3:M55 M107 M115 M116 M130 M133 M180 M202 M228 M241 M251 M270 M282 M298 | 4:M73 M87 M122 M145 M183 M223 M245 M268 M295 | 5:M16 M21 M78 M120 M131 M149 M166 M220 M252 M259 M277 M285 M290 M300 | 6:M19 M40 M49 M53 M74 M110 M121 M147 M162 M237 M260 M278 M299 | 7:M12 M35 M62 M108 M141 M165 M236 M269 M272 M302 | 8:M2 M18 M36 M126 M137 M164 M182 M197 M227 M265 M274 M276 M286 M292 | 9:M14 M47 M58 M95 M106 M114 M118 M124 M169 M175 M186 M224 M248 M253 M262 M294 | 10:M13 M52 M94 M100 M102 M129 M153 M178 M193 M218 M263 M280 M297 | 11:M15 M41 M56 M97 M103 M123 M127 M155 M184 M195 M233 M249 M261 M283 M291 | 12:M5 M20 M46 M57 M86 M119 M125 M134 M150 M171 M203 M234 M267 M281 M293 | 13:M8 M22 M24 M30 M34 M91 M135 M154 M172 M177 M187 M200 M217 M238 M243 M288 | 14:M27 M39 M45 M65 M85 M90 M98 M111 M138 M173 M208 M222 M250 | 15:M3 M28 M63 M79 M88 M132 M156 M163 M211 M226 M255 | 16:M6 M26 M33 M75 M84 M148 M151 M209 M230 M257 | 17:M9 M23 M29 M66 M83 M136 M159 M168 M191 M214 M219 M256 | 18:M11 M42 M61 M82 M140 M160 M170 M188 M207 M239 M275 | 19:M43 M51 M59 M89 M142 M190 M213 M232 M284 | 20:M38 M67 M71 M76 M101 M109 M176 M201 M212 M225 M242 M271 | 21:M4 M10 M31 M37 M44 M64 M68 M92 M99 M104 M113 M144 M152 M161 M167 M185 M189 M204 M210 M231 M244 M258 | 22:M1 M25 M48 M69 M80 M139 M146 M174 M181 M192 M206 M216 M235 M246 M289,,"objective-only optimization: no hard upper bound on objective gap | unary domain filtering + participant matching GAC + slot saturation | distance-aware explicit E* bounds and cycle detection | (20),(22)-(27) exactly once over fully reduced domains | (19) participant atMost-one per slot | (46),(47) clustered table capacity with compact forward channeling | (28) sparse shared suffix-ladder precedence over distance-labelled E* | linear P* first/last span encoding: B(p)=last-first+1-|Mp| | exact schedule <-> usedSlot channeling | (43) exactly |Mp| reduced usedSlot variables | (44) atMost 2|L| busy participants per slot | (45) exact even number of busy participants | exact max/min objective gap over P* with no hard upper bound",,,result
ticf-14crafa.fixed040-Forb,SAT,OPTIMAL,1.396407,134.465,peak_process_tree_rss_mb,maxsat,UWrMaxSAT,/home/adminlinux/solver-build/uwrmaxsat/build/release/bin/uwrmaxsat,process exit code=30,uwrmaxsat,/home/adminlinux/solver-build/uwrmaxsat/build/release/bin/uwrmaxsat,staircase,imp12+,reduced,internal_idle_slot_range_pstar,16,16,72,"1,2,3,4,5,6,8,9,11,12,14,17,19,20,21,22,23,24,25,26,27,28,29,30,31,32,33,34,35,36,37,38,39,40,41,42,43,44,45,46,47,48,49,50,51,52,53,54,55,56,57,58,59,60,61,62,63,64,65,66,67,68,69,70,71,72,73,74,75,76,77,78",16,16,553,3598,2386,1212,104515,213168,19,213187,19,0,0,0,"9,5,7,7,14,12,0,10,1,0,16,0,0,11,0,0,7,0,13,13,11,6,9,0,5,4,16,6,4,7,1,13,6,13,9,5,10,1,9,10,11,11,13,12,14,6,0,7,10,10,5,13,2,8,7,14,2,7,9,1,8,8,7,3,10,12,2,0,6,8,10,11,0,7,13,7,2,7","14,12,18,26,16,20,22,30,28,26,30,44,18,18,26,30,32,34,38,36,44,42","22,8,21,20,12,22,21,19,17,20,21,12,11,10,9,8,6,7,2,3,22,13,17,22,21,19,18,15,17,5,21,20,22,21,7,8,17,16,15,14,12,18,19,21,19,13,20,17,16,2,15,10,11,9,8,7,12,12,19,21,22,7,12,18,22,11,20,20,22,19,16,12,4,21,18,19,22,21,15,9,1,18,20,17,14,16,4,12,21,14,20,18,17,15,12,11,14,21,18,10,22,1,18,21,22,16,19,17,18,6,4,1,12,22,21,10,11,2,12,9,5,4,3,10,12,9,8,11,7,6,3,15,5,11,21,13,20,19,18,8,7,16,22,19,4,21,6,17,22,12,20,19,4,17,11,22,16,3,4,11,21,4,10,16,19,20,13,9,6,18,21,12,14,11,21,20,15,13,19,16,5,8,10,11,9,9,13,18,20,8,7,16,19,22,17,16,8,21,15,17,22,3,4,21,6,20,15,19,22,20,10,18,14,17,12,16,13,5,9,20,1,22,18,21,15,14,8,13,7,19,10,6,11,4,12,16,3,17,2,14,3,12,13,22,4,20,19,9,18,12,15,16,9,22,20,18,17,6,5,10,12,9,7,11,8,2,3,4,6,1,14,12,19,8,10,11,5,9,12,1,8,10,7,18,16,8,15,17,19,15,11,12,10,9,6,2,8,3,1,4,5,7",1:M81 M102 M112 M221 M270 M280 M299 | 2:M19 M50 M118 M239 M266 M296 | 3:M20 M123 M131 M158 M202 M237 M241 M267 M298 | 4:M73 M87 M111 M122 M145 M153 M159 M162 M203 M234 M245 M268 M300 | 5:M30 M121 M133 M181 M218 M259 M277 M301 | 6:M17 M110 M130 M147 M169 M205 M232 M258 M269 M295 | 7:M18 M35 M56 M62 M129 M141 M191 M229 M263 M283 M302 | 8:M2 M16 M36 M55 M127 M140 M182 M190 M197 M227 M265 M274 M281 M286 M297 | 9:M15 M54 M80 M120 M126 M168 M185 M186 M219 M248 M253 M262 M278 M294 | 10:M14 M52 M100 M116 M124 M163 M183 M211 M231 M260 M275 M282 M293 | 11:M13 M53 M66 M96 M117 M128 M134 M155 M160 M174 M184 M233 M264 M276 M291 | 12:M5 M12 M41 M57 M58 M63 M72 M88 M95 M113 M119 M125 M150 M172 M215 M235 M242 M250 M261 M272 M279 M292 | 13:M22 M46 M136 M167 M178 M187 M217 M228 M243 | 14:M40 M85 M90 M97 M173 M213 M226 M240 M271 | 15:M28 M39 M51 M79 M94 M132 M177 M199 M207 M225 M251 M287 M290 | 16:M38 M49 M71 M86 M106 M142 M157 M164 M180 M192 M196 M216 M236 M252 M285 | 17:M9 M23 M29 M37 M48 M84 M93 M108 M148 M154 M195 M200 M214 M238 M257 M288 | 18:M27 M42 M64 M75 M82 M92 M99 M103 M109 M139 M170 M188 M212 M223 M249 M256 M284 | 19:M8 M26 M43 M45 M59 M70 M76 M107 M138 M144 M152 M165 M179 M193 M208 M230 M247 M273 M289 | 20:M4 M10 M32 M47 M67 M68 M83 M91 M137 M151 M166 M176 M189 M206 M210 M220 M246 M255 | 21:M3 M7 M11 M25 M31 M34 M44 M60 M74 M78 M89 M98 M104 M115 M135 M146 M161 M171 M175 M198 M204 M224 | 22:M1 M6 M21 M24 M33 M61 M65 M69 M77 M101 M105 M114 M143 M149 M156 M194 M201 M209 M222 M244 M254,,"objective-only optimization: no hard upper bound on objective gap | unary domain filtering + participant matching GAC + slot saturation | distance-aware explicit E* bounds and cycle detection | (20),(22)-(27) exactly once over fully reduced domains | (19) participant atMost-one per slot | (46),(47) clustered table capacity with compact forward channeling | (28) sparse shared suffix-ladder precedence over distance-labelled E* | linear P* first/last span encoding: B(p)=last-first+1-|Mp| | exact schedule <-> usedSlot channeling | (43) exactly |Mp| reduced usedSlot variables | (44) atMost 2|L| busy participants per slot | (45) exact even number of busy participants | exact max/min objective gap over P* with no hard upper bound",,,result
