instance,sat_result,status,runtime_s,n_vars,n_hard_clauses,n_soft_clauses,n_optimization_clauses,n_total_clauses,peak_memory_mb,memory_metric,solver,precedence_mode,staircase,encoding_variant,total_breaks,fairness_gap,participant_breaks,busy_participants_per_slot,assignment,schedule_by_slot,validation_errors,enabled_constraints,error_type,error_message,message_type,n_clauses,n_soft,total_clauses
forum-13.prec15,SAT,OPTIMAL,4.663936,86159,204491,19,0,204510,174.715,peak_process_tree_rss_mb,maxsat,staircase,yes,imp12+,0,0,"0,0,0,0,0,0,0,0,0,0,0,0,0,0,0,0,0,0,0,0,0,0,0,0,0,0,0,0,0,0,0,0,0,0,0,0,0,0,0,0,0,0,0,0,0,0,0,0,0,0,0,0,0,0,0,0,0,0,0,0,0,0,0,0,0,0,0,0,0,0","8,14,24,24,26,28,28,28,28,28,22,22,14,8,4,2,0,0,0,0,0","7,5,9,10,13,8,11,12,6,14,4,6,8,7,2,3,5,9,6,5,3,1,2,4,3,5,6,10,11,12,7,9,8,7,9,10,12,8,11,6,12,13,14,16,15,1,4,3,6,8,9,5,4,3,10,7,2,10,12,11,9,2,6,3,4,5,7,7,13,8,5,11,9,6,12,10,4,9,5,12,11,13,7,4,6,8,10,3,8,3,7,9,4,2,10,5,1,6,12,7,9,10,11,8,6,3,7,10,4,5,2,8,9,6,7,5,11,3,4,10,8,10,6,13,14,8,4,7,5,11,12,3,9,9,4,8,14,1,7,15,3,10,6,5,13,11,2,12,11,9,10,13,12,8",1:M22 M46 M97 M138 | 2:M15 M23 M57 M62 M94 M111 M147 | 3:M16 M21 M25 M48 M54 M64 M88 M90 M106 M118 M132 M141 | 4:M11 M24 M47 M53 M65 M77 M84 M93 M109 M119 M127 M135 | 5:M2 M17 M20 M26 M52 M66 M71 M79 M96 M110 M116 M129 M144 | 6:M9 M12 M19 M27 M40 M49 M63 M74 M85 M98 M105 M114 M123 M143 | 7:M1 M14 M31 M34 M56 M67 M68 M83 M91 M100 M107 M115 M128 M139 | 8:M6 M13 M33 M38 M50 M70 M86 M89 M104 M112 M121 M126 M136 M154 | 9:M3 M18 M32 M35 M51 M61 M73 M78 M92 M101 M113 M133 M134 M150 | 10:M4 M28 M36 M55 M58 M76 M87 M95 M102 M108 M120 M122 M142 M151 | 11:M7 M29 M39 M60 M72 M81 M103 M117 M130 M146 M149 | 12:M8 M30 M37 M41 M59 M75 M80 M99 M131 M148 M153 | 13:M5 M42 M69 M82 M124 M145 M152 | 14:M10 M43 M125 M137 | 15:M45 M140 | 16:M44 | 17: | 18: | 19: | 20: | 21:,,"domain reduction: sessions, fixed meetings, forbidden slots | precedence graph: transitive closure, cycle detection, arc-consistent bounds | (20),(22)-(27) exactly once over reduced domains | (19) participant atMost-one per slot | (46),(47) clustered table capacity with full channeling | (28) staircase/support precedence over reduced domains | usedSlot channeling + exact per-idle-slot break cost | (43) exactly |Mp| reduced usedSlot variables | (44) atMost 2|L| busy participants per slot | (45) exact even number of busy participants | exact unary total-break-slot counts and gap objective | (40) optional hard fairness cap: gap <= 2",,,result,204491,19,204510
forum-13.prec25,UNSAT,UNSAT,0.925913,83912,197755,19,0,197774,144.965,peak_process_tree_rss_mb,maxsat,staircase,yes,imp12+,,,,,,,,"domain reduction: sessions, fixed meetings, forbidden slots | precedence graph: transitive closure, cycle detection, arc-consistent bounds | (20),(22)-(27) exactly once over reduced domains | (19) participant atMost-one per slot | (46),(47) clustered table capacity with full channeling | (28) staircase/support precedence over reduced domains | usedSlot channeling + exact per-idle-slot break cost | (43) exactly |Mp| reduced usedSlot variables | (44) atMost 2|L| busy participants per slot | (45) exact even number of busy participants | exact unary total-break-slot counts and gap objective | (40) optional hard fairness cap: gap <= 2",,,result,197755,19,197774
forum-13crafb.prec15,UNSAT,UNSAT,1.229881,97828,242820,20,0,242840,164.211,peak_process_tree_rss_mb,maxsat,staircase,yes,imp12+,,,,,,,,"domain reduction: sessions, fixed meetings, forbidden slots | precedence graph: transitive closure, cycle detection, arc-consistent bounds | (20),(22)-(27) exactly once over reduced domains | (19) participant atMost-one per slot | (46),(47) clustered table capacity with full channeling | (28) staircase/support precedence over reduced domains | usedSlot channeling + exact per-idle-slot break cost | (43) exactly |Mp| reduced usedSlot variables | (44) atMost 2|L| busy participants per slot | (45) exact even number of busy participants | exact unary total-break-slot counts and gap objective | (40) optional hard fairness cap: gap <= 2",,,result,242820,20,242840
forum-13crafb.prec25,UNSAT,UNSAT,1.178131,100177,245755,20,0,245775,163.945,peak_process_tree_rss_mb,maxsat,staircase,yes,imp12+,,,,,,,,"domain reduction: sessions, fixed meetings, forbidden slots | precedence graph: transitive closure, cycle detection, arc-consistent bounds | (20),(22)-(27) exactly once over reduced domains | (19) participant atMost-one per slot | (46),(47) clustered table capacity with full channeling | (28) staircase/support precedence over reduced domains | usedSlot channeling + exact per-idle-slot break cost | (43) exactly |Mp| reduced usedSlot variables | (44) atMost 2|L| busy participants per slot | (45) exact even number of busy participants | exact unary total-break-slot counts and gap objective | (40) optional hard fairness cap: gap <= 2",,,result,245755,20,245775
forum-13crafc.prec15,SAT,OPTIMAL,6.225009,86293,204811,19,0,204830,179.16,peak_process_tree_rss_mb,maxsat,staircase,yes,imp12+,48,1,"1,0,0,1,1,0,1,1,1,1,0,0,1,1,1,1,0,1,1,0,0,0,1,1,1,1,1,0,1,1,1,1,0,1,1,0,1,1,1,1,1,1,0,1,1,1,1,0,1,1,0,1,1,1,0,1,1,0,0,1,0,1,1,1,1,1,0,0,0,1","10,16,20,20,24,24,24,24,24,24,24,24,20,10,8,6,4,2,0,0,0","4,5,3,9,12,6,10,11,8,14,4,5,8,3,1,6,7,2,2,4,3,5,7,1,12,6,2,4,6,9,3,7,5,6,7,10,12,5,11,9,13,11,14,16,15,2,8,6,2,8,5,10,7,1,6,9,3,9,11,8,7,1,10,15,14,12,13,5,8,10,3,13,12,11,4,6,9,11,4,9,10,13,7,2,8,12,5,3,3,4,7,6,5,8,12,11,9,13,13,9,7,12,11,10,1,3,2,4,7,5,8,10,6,4,12,9,5,10,13,11,7,9,10,18,14,11,17,15,12,8,13,16,6,5,3,6,10,11,9,17,8,12,4,14,2,13,15,16,13,7,11,12,10,8",1:M15 M24 M54 M62 M105 | 2:M18 M19 M27 M46 M49 M84 M107 M145 | 3:M3 M14 M21 M31 M57 M71 M88 M89 M106 M135 | 4:M1 M11 M20 M28 M75 M79 M90 M108 M114 M143 | 5:M2 M12 M22 M33 M38 M51 M68 M87 M93 M110 M117 M134 | 6:M6 M16 M26 M29 M34 M48 M55 M76 M92 M113 M133 M136 | 7:M17 M23 M32 M35 M53 M61 M83 M91 M101 M109 M121 M150 | 8:M9 M13 M47 M50 M60 M69 M85 M94 M111 M130 M141 M154 | 9:M4 M30 M40 M56 M58 M77 M80 M97 M100 M116 M122 M139 | 10:M7 M36 M52 M63 M70 M81 M104 M112 M118 M123 M137 M153 | 11:M8 M39 M42 M59 M74 M78 M96 M103 M120 M126 M138 M151 | 12:M5 M25 M37 M66 M73 M86 M95 M102 M115 M129 M142 M152 | 13:M41 M67 M72 M82 M98 M99 M119 M131 M146 M149 | 14:M10 M43 M65 M125 M144 | 15:M45 M64 M128 M147 | 16:M44 M132 M148 | 17:M127 M140 | 18:M124 | 19: | 20: | 21:,,"domain reduction: sessions, fixed meetings, forbidden slots | precedence graph: transitive closure, cycle detection, arc-consistent bounds | (20),(22)-(27) exactly once over reduced domains | (19) participant atMost-one per slot | (46),(47) clustered table capacity with full channeling | (28) staircase/support precedence over reduced domains | usedSlot channeling + exact per-idle-slot break cost | (43) exactly |Mp| reduced usedSlot variables | (44) atMost 2|L| busy participants per slot | (45) exact even number of busy participants | exact unary total-break-slot counts and gap objective | (40) optional hard fairness cap: gap <= 2",,,result,204811,19,204830
forum-13crafc.prec25,UNSAT,UNSAT,0.969194,84046,198075,19,0,198094,143.469,peak_process_tree_rss_mb,maxsat,staircase,yes,imp12+,,,,,,,,"domain reduction: sessions, fixed meetings, forbidden slots | precedence graph: transitive closure, cycle detection, arc-consistent bounds | (20),(22)-(27) exactly once over reduced domains | (19) participant atMost-one per slot | (46),(47) clustered table capacity with full channeling | (28) staircase/support precedence over reduced domains | usedSlot channeling + exact per-idle-slot break cost | (43) exactly |Mp| reduced usedSlot variables | (44) atMost 2|L| busy participants per slot | (45) exact even number of busy participants | exact unary total-break-slot counts and gap objective | (40) optional hard fairness cap: gap <= 2",,,result,198075,19,198094
forum-14.prec15,UNSAT,UNSAT,1.80335,144047,360895,20,0,360915,219.051,peak_process_tree_rss_mb,maxsat,staircase,yes,imp12+,,,,,,,,"domain reduction: sessions, fixed meetings, forbidden slots | precedence graph: transitive closure, cycle detection, arc-consistent bounds | (20),(22)-(27) exactly once over reduced domains | (19) participant atMost-one per slot | (46),(47) clustered table capacity with full channeling | (28) staircase/support precedence over reduced domains | usedSlot channeling + exact per-idle-slot break cost | (43) exactly |Mp| reduced usedSlot variables | (44) atMost 2|L| busy participants per slot | (45) exact even number of busy participants | exact unary total-break-slot counts and gap objective | (40) optional hard fairness cap: gap <= 2",,,result,360895,20,360915
forum-14.prec25,UNSAT,UNSAT,1.656407,143148,353140,20,0,353160,187.328,peak_process_tree_rss_mb,maxsat,staircase,yes,imp12+,,,,,,,,"domain reduction: sessions, fixed meetings, forbidden slots | precedence graph: transitive closure, cycle detection, arc-consistent bounds | (20),(22)-(27) exactly once over reduced domains | (19) participant atMost-one per slot | (46),(47) clustered table capacity with full channeling | (28) staircase/support precedence over reduced domains | usedSlot channeling + exact per-idle-slot break cost | (43) exactly |Mp| reduced usedSlot variables | (44) atMost 2|L| busy participants per slot | (45) exact even number of busy participants | exact unary total-break-slot counts and gap objective | (40) optional hard fairness cap: gap <= 2",,,result,353140,20,353160
forumt-14.prec15,SAT,OPTIMAL,0.399504,26466,75248,7,0,75255,115.16,peak_process_tree_rss_mb,maxsat,staircase,yes,imp12+,48,2,"0,0,2,1,2,0,0,2,1,0,2,0,2,0,0,0,2,2,0,0,0,2,0,0,0,0,2,2,0,1,2,2,0,2,1,2,0,0,2,0,0,0,0,0,2,0,0,2,0,2,0,0,1,0,2,2,2,0,1,0","42,46,46,48,48,46,52,54,50,42","3,1,7,10,9,8,6,5,3,4,3,7,4,6,9,8,5,10,6,1,5,8,10,8,9,10,4,2,2,10,9,1,4,7,2,1,9,7,8,10,9,5,1,7,2,8,4,8,3,9,7,5,2,5,8,7,2,1,4,3,10,3,6,5,10,8,2,7,9,1,4,2,8,10,6,3,8,9,5,3,6,4,7,2,10,1,6,7,8,3,2,9,9,7,2,1,6,8,7,8,9,6,3,1,10,10,7,6,3,8,5,1,7,2,5,1,8,6,9,3,7,4,9,3,2,6,9,7,8,3,3,8,7,3,2,9,10,6,1,4,8,9,4,5,1,3,4,6,9,5,10,2,8,3,5,1,6,7,9,4,10,3,4,8,9,6,2,5,1,6,9,10,5,4,6,10,7,3,9,5,7,5,4,9,7,2,7,4,8,1,2,5,5,4,2,1,5,10,6,8,7,8,10,5,4,1,7,9,2,6,10,6,4,8,5,7,4,2,1,6,4,3,5,10,8,7,9,2,8,4,3,1,6,5,2,3,4",1:M2 M20 M32 M36 M43 M58 M70 M86 M96 M104 M112 M116 M139 M145 M156 M169 M190 M196 M206 M219 M232 | 2:M28 M29 M35 M45 M53 M57 M67 M72 M84 M91 M95 M114 M125 M135 M152 M167 M186 M191 M195 M209 M218 M228 M235 | 3:M1 M9 M11 M49 M60 M62 M76 M80 M90 M103 M109 M120 M124 M130 M131 M134 M146 M154 M162 M178 M222 M231 M236 | 4:M10 M13 M27 M33 M47 M59 M71 M82 M122 M140 M143 M147 M160 M163 M174 M183 M188 M194 M205 M213 M217 M221 M230 M237 | 5:M8 M17 M21 M42 M52 M54 M64 M79 M111 M115 M144 M150 M155 M168 M173 M180 M182 M192 M193 M197 M204 M215 M223 M234 | 6:M7 M14 M19 M63 M75 M81 M87 M97 M102 M108 M118 M126 M138 M148 M157 M166 M170 M175 M199 M210 M212 M220 M233 | 7:M3 M12 M34 M38 M44 M51 M56 M68 M83 M88 M94 M99 M107 M113 M121 M128 M133 M158 M177 M181 M185 M187 M201 M207 M216 M226 | 8:M6 M16 M22 M24 M39 M46 M48 M55 M66 M73 M77 M89 M98 M100 M110 M117 M129 M132 M141 M153 M164 M189 M200 M202 M214 M225 M229 | 9:M5 M15 M25 M31 M37 M41 M50 M69 M78 M92 M93 M101 M119 M123 M127 M136 M142 M149 M159 M165 M171 M179 M184 M208 M227 | 10:M4 M18 M23 M26 M30 M40 M61 M65 M74 M85 M105 M106 M137 M151 M161 M172 M176 M198 M203 M211 M224,,"domain reduction: sessions, fixed meetings, forbidden slots | precedence graph: transitive closure, cycle detection, arc-consistent bounds | (20),(22)-(27) exactly once over reduced domains | (19) participant atMost-one per slot | (46),(47) clustered table capacity with full channeling | (28) staircase/support precedence over reduced domains | usedSlot channeling + exact per-idle-slot break cost | (43) exactly |Mp| reduced usedSlot variables | (44) atMost 2|L| busy participants per slot | (45) exact even number of busy participants | exact unary total-break-slot counts and gap objective | (40) optional hard fairness cap: gap <= 2",,,result,75248,7,75255
forumt-14.prec25,SAT,OPTIMAL,0.428834,26120,72208,7,0,72215,115.816,peak_process_tree_rss_mb,maxsat,staircase,yes,imp12+,52,2,"0,0,2,1,2,0,0,2,0,0,2,0,2,0,0,0,2,2,0,0,0,2,0,0,0,0,2,2,0,1,2,1,0,2,2,2,0,0,0,0,0,0,0,0,2,0,1,2,1,2,1,0,2,0,2,1,2,1,2,2","46,42,46,50,46,50,50,54,48,42","6,9,7,1,10,8,5,4,5,3,1,10,4,8,6,3,2,7,10,9,8,6,5,5,9,1,3,10,2,3,9,8,2,1,7,3,1,9,7,1,5,9,6,1,8,4,10,4,3,8,6,7,2,10,7,1,3,9,6,8,4,3,4,5,1,8,2,6,9,7,10,8,5,1,2,3,6,5,4,7,9,1,3,2,10,8,1,4,8,3,6,7,6,7,8,9,2,10,4,3,5,1,8,7,6,6,3,7,4,9,10,6,1,10,6,4,2,8,9,7,3,6,3,2,5,3,9,2,7,4,4,8,7,10,3,5,2,1,6,9,8,5,2,9,4,10,10,4,5,7,6,1,5,2,4,9,3,8,7,10,7,3,5,1,2,8,4,6,9,8,7,10,2,3,9,10,5,7,6,8,6,5,3,4,10,2,4,5,6,8,7,1,7,5,8,9,1,4,2,7,8,9,5,8,6,1,3,7,4,2,5,4,10,1,6,2,10,2,9,7,8,4,6,1,9,5,10,3,9,1,8,4,6,9,8,5,4",1:M4 M11 M26 M34 M37 M40 M44 M56 M65 M74 M82 M87 M102 M113 M138 M152 M164 M192 M197 M206 M214 M224 M230 | 2:M17 M29 M33 M53 M67 M75 M84 M97 M117 M124 M128 M137 M143 M154 M165 M173 M186 M199 M210 M216 M218 | 3:M10 M16 M27 M30 M36 M49 M57 M62 M76 M83 M90 M100 M107 M121 M123 M126 M135 M157 M162 M174 M183 M207 M228 | 4:M8 M13 M46 M48 M61 M63 M79 M88 M99 M109 M116 M130 M131 M145 M148 M155 M167 M184 M187 M198 M209 M212 M222 M232 M237 | 5:M7 M9 M23 M24 M41 M64 M73 M78 M101 M125 M136 M142 M149 M153 M163 M177 M182 M188 M194 M203 M211 M226 M236 | 6:M1 M15 M22 M43 M51 M59 M68 M77 M91 M93 M105 M106 M112 M115 M122 M139 M151 M168 M179 M181 M189 M205 M215 M223 M233 | 7:M3 M18 M35 M39 M52 M55 M70 M80 M92 M94 M104 M108 M120 M129 M133 M150 M159 M161 M171 M178 M191 M193 M200 M208 M220 | 8:M6 M14 M21 M32 M45 M50 M60 M66 M72 M86 M89 M95 M103 M118 M132 M141 M158 M166 M170 M180 M190 M195 M201 M204 M221 M231 M235 | 9:M2 M20 M25 M31 M38 M42 M58 M69 M81 M96 M110 M119 M127 M140 M144 M156 M169 M175 M196 M202 M219 M225 M229 M234 | 10:M5 M12 M19 M28 M47 M54 M71 M85 M98 M111 M114 M134 M146 M147 M160 M172 M176 M185 M213 M217 M227,,"domain reduction: sessions, fixed meetings, forbidden slots | precedence graph: transitive closure, cycle detection, arc-consistent bounds | (20),(22)-(27) exactly once over reduced domains | (19) participant atMost-one per slot | (46),(47) clustered table capacity with full channeling | (28) staircase/support precedence over reduced domains | usedSlot channeling + exact per-idle-slot break cost | (43) exactly |Mp| reduced usedSlot variables | (44) atMost 2|L| busy participants per slot | (45) exact even number of busy participants | exact unary total-break-slot counts and gap objective | (40) optional hard fairness cap: gap <= 2",,,result,72208,7,72215
forumt-14crafc.prec15,SAT,OPTIMAL,0.450322,26712,75780,7,0,75787,115.348,peak_process_tree_rss_mb,maxsat,staircase,yes,imp12+,46,2,"0,0,2,1,2,0,0,2,0,0,0,0,2,0,0,0,2,2,0,0,0,2,0,0,0,0,2,2,0,2,1,1,0,2,0,1,0,0,2,0,0,0,0,0,1,0,2,1,1,1,1,0,1,0,2,1,2,1,2,2","42,50,46,50,48,50,48,50,46,44","3,9,4,8,7,10,5,6,4,2,6,7,8,2,9,10,5,4,1,1,4,6,3,6,10,4,9,2,10,8,7,3,9,4,7,4,9,3,8,1,5,10,1,9,2,3,8,7,2,10,6,8,3,2,5,7,1,9,4,10,6,1,3,6,5,10,9,2,4,7,8,5,6,3,10,7,4,2,1,3,8,7,10,9,5,6,2,7,8,4,9,5,6,7,8,2,1,9,4,5,7,8,2,1,6,4,3,7,2,8,9,1,5,3,6,8,10,4,9,1,7,5,7,6,6,9,3,5,10,7,5,4,10,5,2,3,6,9,8,4,7,3,1,9,5,8,8,2,10,5,10,4,6,7,2,1,3,5,9,8,6,2,10,8,3,4,5,9,1,5,6,2,3,1,4,8,6,2,7,7,4,6,5,3,10,8,7,2,1,4,6,3,8,4,3,1,9,10,5,6,5,9,10,3,7,1,2,4,6,8,6,9,7,10,8,2,2,10,1,9,4,5,6,2,1,8,10,3,7,2,4,9,1,5,2,3,8",1:M19 M20 M40 M43 M57 M62 M79 M97 M104 M112 M120 M143 M156 M169 M174 M189 M196 M206 M219 M225 M233 | 2:M10 M14 M28 M45 M49 M54 M68 M78 M87 M96 M103 M109 M135 M148 M155 M162 M172 M178 M188 M207 M216 M217 M224 M230 M235 | 3:M1 M23 M32 M38 M46 M53 M63 M74 M80 M107 M114 M127 M136 M142 M157 M165 M173 M184 M192 M195 M204 M228 M236 | 4:M3 M9 M18 M21 M26 M34 M36 M59 M69 M77 M90 M99 M106 M118 M132 M140 M152 M166 M175 M181 M190 M194 M208 M221 M231 | 5:M7 M17 M41 M55 M65 M72 M85 M92 M100 M113 M122 M128 M131 M134 M145 M150 M158 M167 M170 M183 M199 M201 M222 M234 | 6:M8 M11 M22 M24 M51 M61 M64 M73 M86 M93 M105 M115 M124 M125 M137 M153 M161 M171 M177 M182 M191 M200 M209 M211 M223 | 7:M5 M12 M31 M35 M48 M56 M70 M76 M82 M88 M94 M101 M108 M121 M123 M130 M141 M154 M179 M180 M187 M205 M213 M229 | 8:M4 M13 M30 M39 M47 M52 M71 M81 M89 M95 M102 M110 M116 M139 M146 M147 M160 M164 M176 M186 M193 M210 M215 M226 M237 | 9:M2 M15 M27 M33 M37 M44 M58 M67 M84 M91 M98 M111 M119 M126 M138 M144 M159 M168 M197 M202 M212 M220 M232 | 10:M6 M16 M25 M29 M42 M50 M60 M66 M75 M83 M117 M129 M133 M149 M151 M163 M185 M198 M203 M214 M218 M227,,"domain reduction: sessions, fixed meetings, forbidden slots | precedence graph: transitive closure, cycle detection, arc-consistent bounds | (20),(22)-(27) exactly once over reduced domains | (19) participant atMost-one per slot | (46),(47) clustered table capacity with full channeling | (28) staircase/support precedence over reduced domains | usedSlot channeling + exact per-idle-slot break cost | (43) exactly |Mp| reduced usedSlot variables | (44) atMost 2|L| busy participants per slot | (45) exact even number of busy participants | exact unary total-break-slot counts and gap objective | (40) optional hard fairness cap: gap <= 2",,,result,75780,7,75787
forumt-14crafc.prec25,SAT,OPTIMAL,0.432895,26376,72760,7,0,72767,112.672,peak_process_tree_rss_mb,maxsat,staircase,yes,imp12+,52,2,"0,0,2,0,2,0,0,2,1,0,2,0,2,0,0,0,2,2,0,0,0,2,0,0,0,0,2,2,0,2,2,2,0,2,2,2,0,0,2,0,0,0,0,0,2,0,0,2,1,2,1,0,2,0,2,2,2,0,1,0","44,48,46,50,48,50,50,48,46,44","8,9,6,7,10,5,1,4,7,4,3,6,8,9,4,5,7,10,2,6,5,3,10,3,5,2,1,9,2,8,9,6,3,1,2,3,7,1,5,9,10,5,3,6,1,7,9,1,5,6,3,10,4,10,7,2,1,6,4,9,8,5,6,2,3,8,4,7,1,10,10,8,7,1,9,4,1,9,3,8,5,6,7,4,2,10,5,4,9,2,6,3,6,5,4,8,2,10,4,10,1,2,9,7,8,6,4,8,9,7,10,5,1,6,9,2,4,10,5,7,1,3,2,7,10,6,5,3,8,2,8,7,6,1,2,5,4,9,8,7,10,4,3,2,8,9,6,2,4,7,8,4,3,10,2,7,5,9,1,6,7,5,10,3,1,9,4,8,2,3,5,8,9,6,9,7,3,1,10,6,7,7,3,10,6,2,4,8,7,5,1,2,9,8,4,2,1,7,6,3,6,8,9,10,7,4,5,2,6,3,6,10,8,5,4,5,3,1,8,4,8,2,9,3,7,5,6,1,8,9,4,3,10,5,1,2,4",1:M7 M27 M34 M38 M45 M48 M57 M69 M74 M77 M101 M113 M121 M134 M159 M165 M178 M191 M197 M218 M228 M235 | 2:M19 M26 M29 M35 M56 M64 M85 M90 M97 M102 M116 M123 M130 M135 M144 M148 M155 M169 M186 M192 M196 M208 M222 M236 | 3:M11 M22 M24 M33 M36 M43 M51 M65 M79 M92 M122 M128 M143 M153 M164 M170 M177 M183 M200 M210 M217 M224 M232 | 4:M8 M10 M15 M53 M59 M67 M76 M84 M88 M95 M99 M107 M117 M137 M142 M149 M152 M167 M187 M195 M206 M215 M220 M231 M237 | 5:M6 M16 M21 M25 M39 M42 M49 M62 M81 M87 M94 M112 M119 M127 M136 M157 M162 M171 M190 M207 M214 M216 M226 M234 | 6:M3 M12 M20 M32 M44 M50 M58 M63 M82 M91 M93 M106 M114 M126 M133 M147 M160 M174 M180 M185 M199 M201 M209 M211 M227 | 7:M4 M9 M17 M37 M46 M55 M68 M73 M83 M104 M110 M120 M124 M132 M140 M150 M156 M161 M176 M181 M182 M189 M198 M205 M225 | 8:M1 M13 M30 M61 M66 M72 M80 M96 M105 M108 M129 M131 M139 M145 M151 M168 M172 M188 M194 M202 M213 M219 M221 M229 | 9:M2 M14 M28 M31 M40 M47 M60 M75 M78 M89 M103 M109 M115 M138 M146 M158 M166 M173 M175 M193 M203 M223 M230 | 10:M5 M18 M23 M41 M52 M54 M70 M71 M86 M98 M100 M111 M118 M125 M141 M154 M163 M179 M184 M204 M212 M233,,"domain reduction: sessions, fixed meetings, forbidden slots | precedence graph: transitive closure, cycle detection, arc-consistent bounds | (20),(22)-(27) exactly once over reduced domains | (19) participant atMost-one per slot | (46),(47) clustered table capacity with full channeling | (28) staircase/support precedence over reduced domains | usedSlot channeling + exact per-idle-slot break cost | (43) exactly |Mp| reduced usedSlot variables | (44) atMost 2|L| busy participants per slot | (45) exact even number of busy participants | exact unary total-break-slot counts and gap objective | (40) optional hard fairness cap: gap <= 2",,,result,72760,7,72767
forumt-14crafd.prec15,SAT,OPTIMAL,0.421433,26475,75711,8,0,75719,117.293,peak_process_tree_rss_mb,maxsat,staircase,yes,imp12+,43,2,"0,0,1,0,2,0,2,2,0,0,2,0,1,2,0,0,2,2,0,0,0,1,0,0,0,0,2,0,0,2,0,2,0,2,0,2,0,0,2,0,0,0,0,0,2,0,2,1,0,0,2,0,0,0,2,0,2,0,1,2","46,46,48,46,50,48,50,48,46,44","10,9,4,5,6,3,2,7,10,3,2,10,5,10,9,8,1,2,3,6,4,8,5,9,6,7,3,5,10,2,3,4,3,2,6,9,7,10,4,1,7,6,10,9,2,3,8,6,1,2,10,8,4,3,9,1,7,8,4,2,9,5,8,9,10,7,6,1,3,2,5,4,9,7,6,2,4,8,9,7,5,10,1,2,4,3,6,1,10,5,7,8,3,6,2,8,1,7,4,9,1,5,10,6,7,3,4,10,8,7,9,5,7,10,2,9,3,1,4,5,1,9,8,4,2,7,5,9,1,10,9,2,5,2,6,10,1,4,8,3,5,7,5,3,2,9,8,6,1,8,3,8,6,1,5,7,9,4,10,2,6,2,7,5,4,10,3,7,6,3,9,8,2,2,4,6,10,9,1,8,7,3,1,5,8,6,6,8,7,5,4,3,4,10,5,4,8,6,1,7,1,7,10,9,5,8,2,1,6,3,7,5,8,4,6,7,9,1,10,4,2,3,8,5,6,4,6,5,7,1,9,3,5,3,8,1",1:M17 M40 M49 M56 M68 M83 M88 M97 M101 M118 M121 M129 M137 M149 M154 M179 M183 M199 M201 M208 M218 M230 M236 | 2:M7 M11 M18 M30 M34 M45 M50 M60 M70 M76 M84 M95 M115 M125 M132 M134 M145 M160 M162 M173 M174 M207 M221 | 3:M6 M10 M19 M27 M31 M33 M46 M54 M69 M86 M93 M106 M117 M140 M144 M151 M167 M170 M182 M192 M210 M222 M232 M234 | 4:M3 M21 M32 M39 M53 M59 M72 M77 M85 M99 M107 M119 M124 M138 M158 M165 M175 M191 M193 M196 M214 M220 M226 | 5:M4 M13 M23 M28 M62 M71 M81 M90 M102 M112 M120 M127 M133 M141 M143 M155 M164 M184 M190 M195 M205 M212 M224 M228 M233 | 6:M5 M20 M25 M35 M42 M48 M67 M75 M87 M94 M104 M135 M148 M153 M161 M169 M176 M186 M187 M198 M209 M215 M225 M227 | 7:M8 M26 M37 M41 M57 M66 M74 M80 M91 M98 M105 M110 M113 M126 M142 M156 M163 M168 M181 M189 M200 M202 M211 M216 M229 | 8:M16 M22 M47 M52 M58 M63 M78 M92 M96 M109 M123 M139 M147 M150 M152 M172 M180 M185 M188 M197 M206 M213 M223 M235 | 9:M2 M15 M24 M36 M44 M55 M61 M64 M73 M79 M100 M111 M116 M122 M128 M131 M146 M157 M171 M178 M204 M217 M231 | 10:M1 M9 M12 M14 M29 M38 M43 M51 M65 M82 M89 M103 M108 M114 M130 M136 M159 M166 M177 M194 M203 M219,,"domain reduction: sessions, fixed meetings, forbidden slots | precedence graph: transitive closure, cycle detection, arc-consistent bounds | (20),(22)-(27) exactly once over reduced domains | (19) participant atMost-one per slot | (46),(47) clustered table capacity with full channeling | (28) staircase/support precedence over reduced domains | usedSlot channeling + exact per-idle-slot break cost | (43) exactly |Mp| reduced usedSlot variables | (44) atMost 2|L| busy participants per slot | (45) exact even number of busy participants | exact unary total-break-slot counts and gap objective | (40) optional hard fairness cap: gap <= 2",,,result,75711,8,75719
forumt-14crafd.prec25,SAT,OPTIMAL,0.521634,26107,72419,8,0,72427,116.547,peak_process_tree_rss_mb,maxsat,staircase,yes,imp12+,40,2,"0,0,1,0,2,0,2,0,0,0,1,0,2,1,0,0,2,2,0,0,0,2,0,0,0,0,2,0,0,2,0,0,0,2,0,1,0,0,2,0,0,0,0,0,2,0,2,2,0,2,2,0,0,0,0,2,2,0,0,2","44,48,48,48,48,48,50,48,50,40","9,8,1,5,3,6,2,10,5,2,1,5,7,9,8,6,2,3,10,5,4,2,7,5,9,7,3,8,3,4,1,8,3,4,6,4,7,9,10,5,7,8,5,2,9,10,3,6,1,2,7,3,10,8,9,7,1,4,5,3,6,9,3,9,4,6,8,5,2,10,1,7,1,4,8,10,2,7,9,1,8,10,4,3,6,5,2,6,8,1,5,9,3,2,10,1,4,6,7,5,5,6,9,2,4,8,4,7,2,1,6,6,10,8,2,7,5,3,4,8,3,6,5,10,9,4,3,7,6,2,8,1,9,2,3,9,6,4,7,10,1,5,9,4,10,8,3,2,1,3,9,2,5,1,6,3,7,10,8,4,9,5,1,8,10,7,4,1,2,9,10,4,6,10,7,4,8,5,6,9,7,2,7,6,9,3,7,9,8,4,6,2,7,9,4,8,2,1,7,10,3,10,2,6,9,7,8,5,3,1,8,5,6,4,5,10,6,2,3,7,8,1,4,5,9,4,1,6,2,3,7,5,1,3,8,9",1:M3 M11 M31 M49 M57 M71 M73 M80 M90 M96 M110 M132 M141 M149 M154 M163 M168 M198 M210 M222 M227 M233 | 2:M7 M10 M17 M22 M44 M50 M69 M77 M87 M94 M104 M109 M115 M130 M134 M148 M152 M169 M182 M192 M197 M203 M218 M229 | 3:M5 M18 M27 M29 M33 M47 M52 M60 M63 M84 M93 M118 M121 M127 M135 M147 M150 M156 M186 M201 M209 M219 M230 M234 | 4:M21 M30 M34 M36 M58 M65 M74 M83 M97 M105 M107 M119 M126 M138 M144 M160 M167 M172 M176 M190 M195 M214 M223 M226 | 5:M4 M9 M12 M20 M24 M40 M43 M59 M68 M86 M91 M100 M101 M117 M123 M142 M153 M162 M178 M208 M212 M215 M224 M232 | 6:M6 M16 M35 M48 M61 M66 M85 M88 M98 M102 M111 M112 M122 M129 M137 M155 M173 M179 M184 M191 M204 M213 M217 M228 | 7:M13 M23 M26 M37 M41 M51 M56 M72 M78 M99 M108 M116 M128 M139 M157 M166 M175 M181 M183 M187 M193 M199 M206 M220 M231 | 8:M2 M15 M28 M32 M42 M54 M67 M75 M81 M89 M106 M114 M120 M131 M146 M159 M164 M177 M189 M196 M207 M211 M221 M235 | 9:M1 M14 M25 M38 M45 M55 M62 M64 M79 M92 M103 M125 M133 M136 M143 M151 M161 M170 M180 M185 M188 M194 M205 M225 M236 | 10:M8 M19 M39 M46 M53 M70 M76 M82 M95 M113 M124 M140 M145 M158 M165 M171 M174 M200 M202 M216,,"domain reduction: sessions, fixed meetings, forbidden slots | precedence graph: transitive closure, cycle detection, arc-consistent bounds | (20),(22)-(27) exactly once over reduced domains | (19) participant atMost-one per slot | (46),(47) clustered table capacity with full channeling | (28) staircase/support precedence over reduced domains | usedSlot channeling + exact per-idle-slot break cost | (43) exactly |Mp| reduced usedSlot variables | (44) atMost 2|L| busy participants per slot | (45) exact even number of busy participants | exact unary total-break-slot counts and gap objective | (40) optional hard fairness cap: gap <= 2",,,result,72419,8,72427
forumt-14crafe.prec15,SAT,OPTIMAL,0.657233,26566,75913,8,0,75921,117.848,peak_process_tree_rss_mb,maxsat,staircase,yes,imp12+,40,2,"0,0,1,0,2,0,2,2,1,0,2,0,2,0,0,0,2,2,0,0,0,2,0,0,0,0,2,0,0,0,0,0,0,2,0,2,0,0,1,0,0,0,0,0,2,0,1,0,0,2,2,0,0,0,2,1,2,0,1,2","48,46,48,48,46,46,48,48,48,46","8,5,4,2,6,9,1,10,10,6,2,1,10,9,3,6,1,2,4,7,5,6,2,8,4,7,2,3,10,1,2,5,4,7,3,4,10,9,7,7,1,3,8,4,6,7,2,1,6,3,8,10,7,5,9,2,8,7,5,3,10,9,10,5,9,4,6,3,2,8,7,1,9,7,5,10,1,10,4,8,7,9,3,6,5,1,2,10,7,3,5,8,2,1,6,4,6,1,9,5,10,8,9,6,1,3,5,6,8,7,9,4,6,1,8,5,2,9,7,10,5,8,10,4,3,9,2,8,6,1,4,1,3,8,2,6,5,3,7,1,9,4,3,9,7,10,2,4,1,4,6,10,4,8,5,2,9,1,7,3,7,5,2,6,8,4,3,8,3,4,10,6,1,6,8,1,3,10,5,9,3,4,1,9,6,8,5,10,3,9,8,4,9,8,2,5,1,3,7,4,2,6,4,9,1,10,8,7,5,2,7,10,8,9,7,7,6,3,9,5,1,2,10,8,4,3,5,10,4,6,2,7,2,9,3,5",1:M7 M12 M17 M30 M41 M48 M72 M77 M86 M94 M98 M105 M114 M130 M132 M140 M149 M158 M173 M176 M183 M197 M205 M221 | 2:M4 M11 M18 M23 M27 M31 M47 M56 M69 M87 M93 M117 M127 M135 M147 M156 M163 M195 M201 M210 M222 M231 M233 | 3:M15 M28 M35 M42 M50 M60 M68 M83 M90 M106 M125 M133 M138 M143 M160 M167 M169 M177 M181 M189 M198 M218 M226 M235 | 4:M3 M19 M25 M33 M36 M44 M66 M79 M96 M112 M124 M131 M142 M148 M150 M153 M166 M170 M182 M192 M200 M203 M225 M229 | 5:M2 M21 M32 M54 M59 M64 M75 M85 M91 M100 M107 M116 M121 M137 M155 M162 M179 M187 M196 M209 M220 M227 M236 | 6:M5 M10 M16 M22 M45 M49 M67 M84 M95 M97 M104 M108 M113 M129 M136 M151 M164 M172 M174 M185 M202 M217 M230 | 7:M20 M26 M34 M39 M40 M46 M53 M58 M71 M74 M81 M89 M110 M119 M139 M145 M159 M161 M199 M208 M211 M215 M216 M232 | 8:M1 M24 M43 M51 M57 M70 M80 M92 M102 M109 M115 M122 M128 M134 M154 M165 M168 M175 M186 M191 M194 M207 M213 M224 | 9:M6 M14 M38 M55 M62 M65 M73 M82 M99 M103 M111 M118 M126 M141 M144 M157 M180 M184 M190 M193 M204 M214 M219 M234 | 10:M8 M9 M13 M29 M37 M52 M61 M63 M76 M78 M88 M101 M120 M123 M146 M152 M171 M178 M188 M206 M212 M223 M228,,"domain reduction: sessions, fixed meetings, forbidden slots | precedence graph: transitive closure, cycle detection, arc-consistent bounds | (20),(22)-(27) exactly once over reduced domains | (19) participant atMost-one per slot | (46),(47) clustered table capacity with full channeling | (28) staircase/support precedence over reduced domains | usedSlot channeling + exact per-idle-slot break cost | (43) exactly |Mp| reduced usedSlot variables | (44) atMost 2|L| busy participants per slot | (45) exact even number of busy participants | exact unary total-break-slot counts and gap objective | (40) optional hard fairness cap: gap <= 2",,,result,75913,8,75921
forumt-14crafe.prec25,SAT,OPTIMAL,0.741755,26203,72631,8,0,72639,114.508,peak_process_tree_rss_mb,maxsat,staircase,yes,imp12+,46,2,"0,0,1,0,2,0,1,2,1,0,2,0,2,2,0,0,2,2,0,0,0,1,0,0,0,0,1,0,0,1,0,2,0,1,0,2,0,0,2,0,0,0,0,0,2,0,2,0,0,2,2,0,2,0,2,2,2,0,1,2","46,48,46,48,48,48,48,48,46,46","6,3,10,1,8,9,7,4,4,1,8,3,6,9,10,2,5,7,3,1,4,8,2,9,7,5,2,9,2,1,5,9,5,7,6,8,9,10,4,5,9,10,2,3,1,4,5,4,7,10,2,3,6,5,9,8,4,1,10,6,2,3,1,5,3,6,9,7,4,10,2,8,1,8,3,10,5,6,7,8,3,10,5,1,4,9,2,8,9,2,4,6,3,1,5,6,7,1,8,2,7,3,4,6,2,1,7,3,2,4,6,4,8,6,1,9,7,3,5,10,6,4,2,8,7,6,1,9,10,3,10,5,9,8,9,3,4,10,2,7,6,1,6,2,8,5,9,10,1,7,6,1,3,2,4,10,7,9,5,8,7,9,1,4,2,10,8,2,5,10,7,8,4,8,9,1,6,4,5,7,6,5,4,10,8,3,8,10,5,4,7,3,2,10,8,5,3,2,6,7,10,9,5,6,4,1,7,3,8,2,9,7,4,5,6,8,5,4,3,6,2,1,7,9,10,3,5,10,1,8,6,7,1,2,3,9",1:M4 M10 M20 M30 M45 M58 M63 M73 M84 M94 M98 M106 M115 M127 M142 M149 M152 M163 M176 M206 M222 M229 M233 | 2:M16 M23 M27 M29 M43 M51 M61 M71 M87 M90 M100 M105 M109 M123 M139 M144 M154 M165 M168 M193 M198 M210 M221 M234 | 3:M2 M12 M19 M44 M52 M62 M65 M75 M81 M93 M102 M108 M118 M130 M136 M153 M186 M192 M197 M208 M219 M226 M235 | 4:M8 M9 M21 M39 M46 M48 M57 M69 M85 M91 M103 M110 M112 M122 M137 M155 M164 M173 M178 M183 M190 M205 M213 M218 | 5:M17 M26 M31 M33 M40 M47 M54 M64 M77 M83 M95 M119 M132 M146 M159 M169 M179 M182 M189 M196 M203 M214 M217 M227 | 6:M1 M13 M35 M53 M60 M66 M78 M92 M96 M104 M111 M114 M121 M126 M141 M143 M151 M177 M181 M199 M204 M215 M220 M231 | 7:M7 M18 M25 M34 M49 M68 M79 M97 M101 M107 M117 M125 M140 M150 M157 M161 M171 M180 M191 M200 M207 M212 M223 M232 | 8:M5 M11 M22 M36 M56 M72 M74 M80 M88 M99 M113 M124 M134 M145 M160 M167 M172 M174 M185 M187 M195 M209 M216 M230 | 9:M6 M14 M24 M28 M32 M37 M41 M55 M67 M86 M89 M116 M128 M133 M135 M147 M158 M162 M175 M202 M211 M224 M236 | 10:M3 M15 M38 M42 M50 M59 M70 M76 M82 M120 M129 M131 M138 M148 M156 M166 M170 M184 M188 M194 M201 M225 M228,,"domain reduction: sessions, fixed meetings, forbidden slots | precedence graph: transitive closure, cycle detection, arc-consistent bounds | (20),(22)-(27) exactly once over reduced domains | (19) participant atMost-one per slot | (46),(47) clustered table capacity with full channeling | (28) staircase/support precedence over reduced domains | usedSlot channeling + exact per-idle-slot break cost | (43) exactly |Mp| reduced usedSlot variables | (44) atMost 2|L| busy participants per slot | (45) exact even number of busy participants | exact unary total-break-slot counts and gap objective | (40) optional hard fairness cap: gap <= 2",,,result,72631,8,72639
tic-12.prec15,SAT,OPTIMAL,0.135678,5411,21550,6,0,21556,93.309,peak_process_tree_rss_mb,maxsat,staircase,yes,imp12+,0,0,"0,0,0,0,0,0,0,0,0,0,0,0,0,0,0,0,0,0,0,0,0,0,0,0,0,0,0,0,0,0,0,0,0,0,0,0,0,0,0,0,0,0","24,30,34,32,34,34,32,30","3,4,6,8,5,7,5,8,6,8,2,2,4,3,6,1,5,8,7,2,6,8,3,2,5,6,3,4,1,8,2,7,8,2,7,4,5,6,2,7,4,1,3,8,5,5,1,3,6,2,7,4,3,8,6,2,5,4,8,8,3,1,5,2,7,7,3,5,1,4,8,4,7,3,6,2,7,6,1,7,4,2,3,6,5,8,1,3,4,6,5,4,3,5,7,2,6,1,8,6,5,4,7,1,3,7,5,2,3,4,6,4,6,5,3,1,7,2,1,7,5,3,8,6,4",1:M16 M29 M42 M47 M62 M69 M79 M87 M98 M104 M116 M119 | 2:M11 M12 M20 M24 M31 M34 M39 M50 M56 M64 M76 M82 M96 M108 M118 | 3:M1 M14 M23 M27 M43 M48 M53 M61 M67 M74 M83 M88 M93 M105 M109 M115 M122 | 4:M2 M13 M28 M36 M41 M52 M58 M70 M72 M81 M89 M92 M102 M110 M112 M125 | 5:M5 M7 M17 M25 M37 M45 M46 M57 M63 M68 M85 M91 M94 M101 M107 M114 M121 | 6:M3 M9 M15 M21 M26 M38 M49 M55 M75 M78 M84 M90 M97 M100 M111 M113 M124 | 7:M6 M19 M32 M35 M40 M51 M65 M66 M73 M77 M80 M95 M103 M106 M117 M120 | 8:M4 M8 M10 M18 M22 M30 M33 M44 M54 M59 M60 M71 M86 M99 M123,,"domain reduction: sessions, fixed meetings, forbidden slots | precedence graph: transitive closure, cycle detection, arc-consistent bounds | (20),(22)-(27) exactly once over reduced domains | (19) participant atMost-one per slot | (46),(47) clustered table capacity with full channeling | (28) staircase/support precedence over reduced domains | usedSlot channeling + exact per-idle-slot break cost | (43) exactly |Mp| reduced usedSlot variables | (44) atMost 2|L| busy participants per slot | (45) exact even number of busy participants | exact unary total-break-slot counts and gap objective | (40) optional hard fairness cap: gap <= 2",,,result,21550,6,21556
tic-12.prec25,SAT,OPTIMAL,0.166872,5184,19703,6,0,19709,91.855,peak_process_tree_rss_mb,maxsat,staircase,yes,imp12+,0,0,"0,0,0,0,0,0,0,0,0,0,0,0,0,0,0,0,0,0,0,0,0,0,0,0,0,0,0,0,0,0,0,0,0,0,0,0,0,0,0,0,0,0","26,28,30,34,36,38,32,26","3,5,1,2,7,4,1,5,7,8,4,8,3,7,6,1,2,5,6,2,7,5,6,7,8,5,1,2,3,6,4,7,2,3,8,6,4,5,1,4,3,6,2,5,8,6,4,7,5,3,2,5,4,6,7,8,3,6,3,4,7,8,1,5,6,6,3,4,1,2,7,4,6,1,5,8,5,4,8,3,7,2,4,5,6,1,6,4,5,7,8,5,3,8,4,1,7,2,6,6,3,8,7,2,1,2,1,5,6,3,4,2,6,3,7,5,4,6,2,1,8,4,7,3,5",1:M3 M7 M16 M27 M39 M63 M69 M74 M86 M96 M105 M107 M120 | 2:M4 M17 M20 M28 M33 M43 M51 M70 M82 M98 M104 M106 M112 M119 | 3:M1 M13 M29 M34 M41 M50 M57 M59 M67 M80 M93 M101 M110 M114 M124 | 4:M6 M11 M31 M37 M40 M47 M53 M60 M68 M72 M78 M83 M88 M95 M111 M117 M122 | 5:M2 M8 M18 M22 M26 M38 M44 M49 M52 M64 M75 M77 M84 M89 M92 M108 M116 M125 | 6:M15 M19 M23 M30 M36 M42 M46 M54 M58 M65 M66 M73 M85 M87 M99 M100 M109 M113 M118 | 7:M5 M9 M14 M21 M24 M32 M48 M55 M61 M71 M81 M90 M97 M103 M115 M123 | 8:M10 M12 M25 M35 M45 M56 M62 M76 M79 M91 M94 M102 M121,,"domain reduction: sessions, fixed meetings, forbidden slots | precedence graph: transitive closure, cycle detection, arc-consistent bounds | (20),(22)-(27) exactly once over reduced domains | (19) participant atMost-one per slot | (46),(47) clustered table capacity with full channeling | (28) staircase/support precedence over reduced domains | usedSlot channeling + exact per-idle-slot break cost | (43) exactly |Mp| reduced usedSlot variables | (44) atMost 2|L| busy participants per slot | (45) exact even number of busy participants | exact unary total-break-slot counts and gap objective | (40) optional hard fairness cap: gap <= 2",,,result,19703,6,19709
tic-12crafc.prec15,SAT,OPTIMAL,0.202527,14547,35558,6,0,35564,98.586,peak_process_tree_rss_mb,maxsat,staircase,yes,imp12+,0,0,"0,0,0,0,0,0,0,0,0,0,0,0,0,0,0,0,0,0,0,0,0,0,0,0,0,0,0,0,0,0,0,0,0,0,0,0,0,0,0,0,0,0","30,32,32,32,32,32,32,28","6,2,1,5,8,2,1,3,4,7,6,4,1,8,5,3,2,6,7,1,3,8,7,8,3,2,4,1,6,7,5,8,4,6,7,5,2,1,6,7,2,5,8,3,1,4,3,5,8,6,2,3,7,5,1,4,6,7,4,8,3,6,2,5,4,7,1,2,5,8,4,7,1,8,3,5,6,5,6,5,1,8,3,4,2,7,2,4,5,3,7,5,8,3,6,7,4,2,1,6,3,7,4,2,1,4,5,2,7,6,3,4,2,1,3,8,6,5,4,1,8,6,3,7,2",1:M3 M7 M13 M20 M28 M38 M45 M55 M67 M73 M81 M99 M105 M114 M120 | 2:M2 M6 M17 M26 M37 M41 M51 M63 M68 M85 M87 M98 M104 M108 M113 M125 | 3:M8 M16 M21 M25 M44 M47 M52 M61 M75 M83 M90 M94 M101 M111 M115 M123 | 4:M9 M12 M27 M33 M46 M56 M59 M65 M71 M84 M88 M97 M103 M106 M112 M119 | 5:M4 M15 M31 M36 M42 M48 M54 M64 M69 M76 M78 M80 M89 M92 M107 M118 | 6:M1 M11 M18 M29 M34 M39 M50 M57 M62 M77 M79 M95 M100 M110 M117 M122 | 7:M10 M19 M23 M30 M35 M40 M53 M58 M66 M72 M86 M91 M96 M102 M109 M124 | 8:M5 M14 M22 M24 M32 M43 M49 M60 M70 M74 M82 M93 M116 M121,,"domain reduction: sessions, fixed meetings, forbidden slots | precedence graph: transitive closure, cycle detection, arc-consistent bounds | (20),(22)-(27) exactly once over reduced domains | (19) participant atMost-one per slot | (46),(47) clustered table capacity with full channeling | (28) staircase/support precedence over reduced domains | usedSlot channeling + exact per-idle-slot break cost | (43) exactly |Mp| reduced usedSlot variables | (44) atMost 2|L| busy participants per slot | (45) exact even number of busy participants | exact unary total-break-slot counts and gap objective | (40) optional hard fairness cap: gap <= 2",,,result,35558,6,35564
tic-12crafc.prec25,SAT,OPTIMAL,0.667758,14345,33761,6,0,33767,102.258,peak_process_tree_rss_mb,maxsat,staircase,yes,imp12+,0,0,"0,0,0,0,0,0,0,0,0,0,0,0,0,0,0,0,0,0,0,0,0,0,0,0,0,0,0,0,0,0,0,0,0,0,0,0,0,0,0,0,0,0","30,32,32,32,32,32,32,28","2,3,4,1,8,3,1,3,4,8,7,7,3,2,5,8,1,6,1,2,8,6,7,8,5,6,4,8,3,7,1,2,3,4,6,5,2,7,8,4,5,3,1,6,2,4,6,7,5,3,2,6,5,7,1,3,4,1,3,5,2,4,1,6,7,5,7,4,1,2,6,8,1,5,2,7,6,5,6,4,7,1,2,3,8,5,6,7,5,8,4,8,5,4,6,2,7,3,1,4,5,8,3,7,2,2,3,7,6,4,5,3,6,2,1,8,4,7,2,1,8,5,4,3,6",1:M4 M7 M17 M19 M31 M43 M55 M58 M63 M69 M73 M82 M99 M115 M120 | 2:M1 M14 M20 M32 M37 M45 M51 M61 M70 M75 M83 M96 M105 M106 M114 M119 | 3:M2 M6 M8 M13 M29 M33 M42 M50 M56 M59 M84 M98 M103 M107 M112 M124 | 4:M3 M9 M27 M34 M40 M46 M57 M62 M68 M80 M91 M94 M100 M110 M117 M123 | 5:M15 M25 M36 M41 M49 M53 M60 M66 M74 M78 M86 M89 M93 M101 M111 M122 | 6:M18 M22 M26 M35 M44 M47 M52 M64 M71 M77 M79 M87 M95 M109 M113 M125 | 7:M11 M12 M23 M30 M38 M48 M54 M65 M67 M76 M81 M88 M97 M104 M108 M118 | 8:M5 M10 M16 M21 M24 M28 M39 M72 M85 M90 M92 M102 M116 M121,,"domain reduction: sessions, fixed meetings, forbidden slots | precedence graph: transitive closure, cycle detection, arc-consistent bounds | (20),(22)-(27) exactly once over reduced domains | (19) participant atMost-one per slot | (46),(47) clustered table capacity with full channeling | (28) staircase/support precedence over reduced domains | usedSlot channeling + exact per-idle-slot break cost | (43) exactly |Mp| reduced usedSlot variables | (44) atMost 2|L| busy participants per slot | (45) exact even number of busy participants | exact unary total-break-slot counts and gap objective | (40) optional hard fairness cap: gap <= 2",,,result,33761,6,33767
tic-13.prec15,SAT,OPTIMAL,0.380055,24713,65211,6,0,65217,111.863,peak_process_tree_rss_mb,maxsat,staircase,yes,imp12+,0,0,"0,0,0,0,0,0,0,0,0,0,0,0,0,0,0,0,0,0,0,0,0,0,0,0,0,0,0,0,0,0,0,0,0,0,0,0,0,0,0,0,0,0,0,0,0,0,0","24,30,38,40,42,42,40,40,36,28","10,6,2,9,5,8,1,4,7,3,3,1,2,4,5,6,5,4,8,7,9,2,6,3,8,4,7,5,2,6,3,10,7,5,8,4,9,7,9,8,10,10,9,8,5,3,6,4,7,7,9,10,8,6,5,8,9,4,7,3,2,4,8,9,6,10,1,3,4,5,1,5,2,7,10,6,8,4,9,6,1,4,10,2,5,3,4,5,2,6,7,4,3,9,10,8,2,3,5,7,8,9,6,10,7,5,1,4,4,5,6,7,1,3,2,7,9,5,5,1,3,2,2,4,5,7,8,9,10,3,3,8,9,2,6,5,7,3,5,4,6,10,9,3,8,7,1,9,8,6,8,6,3,1,2,6,9,9,6,7,6,8,4,3,8,1,10,2,6,7,10,6,4,7,8,1,5,3,5,4",1:M7 M12 M67 M71 M81 M107 M113 M120 M147 M154 M166 M176 | 2:M3 M13 M22 M29 M61 M73 M84 M89 M97 M115 M122 M123 M134 M155 M168 | 3:M10 M11 M24 M31 M46 M60 M68 M86 M93 M98 M114 M121 M130 M131 M138 M144 M153 M164 M178 | 4:M8 M14 M18 M26 M36 M48 M58 M62 M69 M78 M82 M87 M92 M108 M109 M124 M140 M163 M173 M180 | 5:M5 M15 M17 M28 M34 M45 M55 M70 M72 M85 M88 M99 M106 M110 M118 M119 M125 M136 M139 M177 M179 | 6:M2 M16 M23 M30 M47 M54 M65 M76 M80 M90 M103 M111 M135 M141 M150 M152 M156 M159 M161 M169 M172 | 7:M9 M20 M27 M33 M38 M49 M50 M59 M74 M91 M100 M105 M112 M116 M126 M137 M146 M160 M170 M174 | 8:M6 M19 M25 M35 M40 M44 M53 M56 M63 M77 M96 M101 M127 M132 M145 M149 M151 M162 M165 M175 | 9:M4 M21 M37 M39 M43 M51 M57 M64 M79 M94 M102 M117 M128 M133 M143 M148 M157 M158 | 10:M1 M32 M41 M42 M52 M66 M75 M83 M95 M104 M129 M142 M167 M171,,"domain reduction: sessions, fixed meetings, forbidden slots | precedence graph: transitive closure, cycle detection, arc-consistent bounds | (20),(22)-(27) exactly once over reduced domains | (19) participant atMost-one per slot | (46),(47) clustered table capacity with full channeling | (28) staircase/support precedence over reduced domains | usedSlot channeling + exact per-idle-slot break cost | (43) exactly |Mp| reduced usedSlot variables | (44) atMost 2|L| busy participants per slot | (45) exact even number of busy participants | exact unary total-break-slot counts and gap objective | (40) optional hard fairness cap: gap <= 2",,,result,65211,6,65217
tic-13.prec25,SAT,OPTIMAL,0.677386,24461,63060,6,0,63066,114.074,peak_process_tree_rss_mb,maxsat,staircase,yes,imp12+,0,0,"0,0,0,0,0,0,0,0,0,0,0,0,0,0,0,0,0,0,0,0,0,0,0,0,0,0,0,0,0,0,0,0,0,0,0,0,0,0,0,0,0,0,0,0,0,0,0","26,38,40,42,42,42,42,36,28,24","1,7,2,3,8,9,5,10,6,4,3,1,4,2,5,4,6,2,8,1,7,5,2,6,4,3,5,7,1,1,3,5,8,2,4,7,6,7,5,6,8,5,7,3,4,10,6,8,9,2,5,6,4,3,6,3,5,7,4,4,8,3,5,2,10,9,7,3,6,5,4,3,8,7,10,5,9,1,2,9,3,1,6,8,7,10,2,5,3,3,7,5,9,10,4,2,9,4,7,8,2,6,6,2,8,10,4,1,7,2,6,9,4,8,10,8,10,7,7,4,5,2,4,8,3,2,10,6,9,5,9,3,10,8,5,1,7,5,2,6,7,2,7,6,1,4,1,6,8,5,9,6,5,4,6,9,8,4,8,6,1,9,9,3,4,10,8,7,5,3,3,6,2,4,2,7,3,7,1,3",1:M1 M12 M20 M29 M30 M78 M82 M108 M136 M145 M147 M161 M179 | 2:M3 M14 M18 M23 M34 M50 M64 M79 M87 M96 M101 M104 M110 M122 M126 M139 M142 M173 M175 | 3:M4 M11 M26 M31 M44 M54 M56 M62 M68 M72 M81 M89 M90 M125 M132 M164 M170 M171 M177 M180 | 4:M10 M13 M16 M25 M35 M45 M53 M59 M60 M71 M95 M98 M107 M113 M120 M123 M146 M154 M158 M165 M174 | 5:M7 M15 M22 M27 M32 M39 M42 M51 M57 M63 M70 M76 M88 M92 M121 M130 M135 M138 M150 M153 M169 | 6:M9 M17 M24 M37 M40 M47 M52 M55 M69 M83 M102 M103 M111 M128 M140 M144 M148 M152 M155 M160 M172 | 7:M2 M21 M28 M36 M38 M43 M58 M67 M74 M85 M91 M99 M109 M118 M119 M137 M141 M143 M168 M176 M178 | 8:M5 M19 M33 M41 M48 M61 M73 M84 M100 M105 M114 M116 M124 M134 M149 M157 M159 M167 | 9:M6 M49 M66 M77 M80 M93 M97 M112 M129 M131 M151 M156 M162 M163 | 10:M8 M46 M65 M75 M86 M94 M106 M115 M117 M127 M133 M166,,"domain reduction: sessions, fixed meetings, forbidden slots | precedence graph: transitive closure, cycle detection, arc-consistent bounds | (20),(22)-(27) exactly once over reduced domains | (19) participant atMost-one per slot | (46),(47) clustered table capacity with full channeling | (28) staircase/support precedence over reduced domains | usedSlot channeling + exact per-idle-slot break cost | (43) exactly |Mp| reduced usedSlot variables | (44) atMost 2|L| busy participants per slot | (45) exact even number of busy participants | exact unary total-break-slot counts and gap objective | (40) optional hard fairness cap: gap <= 2",,,result,63060,6,63066
tic-13crafb.prec15,SAT,OPTIMAL,0.332662,23081,63251,8,0,63259,112.648,peak_process_tree_rss_mb,maxsat,staircase,yes,imp12+,0,0,"0,0,0,0,0,0,0,0,0,0,0,0,0,0,0,0,0,0,0,0,0,0,0,0,0,0,0,0,0,0,0,0,0,0,0,0,0,0,0,0,0,0,0,0,0,0","30,34,36,38,42,42,42,40,34,30","2,8,7,5,10,9,4,5,8,9,6,7,9,4,8,5,10,6,9,8,5,7,3,4,8,7,10,9,3,5,6,8,5,9,1,2,3,7,10,6,8,10,2,3,9,4,1,5,10,9,6,8,4,1,3,7,9,1,5,8,6,4,7,4,3,10,6,8,4,2,7,8,3,7,5,10,1,9,4,2,6,7,4,6,5,6,4,1,10,2,8,3,7,2,1,9,10,7,5,6,3,7,5,8,7,9,4,10,3,10,5,1,6,9,8,3,1,2,10,3,4,5,8,6,9,7,2,1,4,7,2,9,6,3,3,7,6,2,5,1,4,8,2,5,2,3,8,7,1,4,2,6,3,1,6,2,5,5,9,8,7,6,10,4,10,7,3,1,2,6,5,8,9,3,2,6,5,1,4,7,4,5,6,8",1:M35 M47 M54 M58 M77 M88 M95 M112 M117 M128 M140 M149 M154 M168 M178 | 2:M1 M36 M43 M70 M80 M90 M94 M118 M127 M131 M138 M143 M145 M151 M156 M169 M175 | 3:M23 M29 M37 M44 M55 M65 M73 M92 M101 M109 M116 M120 M134 M135 M146 M153 M167 M174 | 4:M7 M14 M24 M46 M53 M62 M64 M69 M79 M83 M87 M107 M121 M129 M141 M150 M164 M179 M181 | 5:M4 M8 M16 M21 M30 M33 M48 M59 M75 M85 M99 M103 M111 M122 M139 M144 M157 M158 M171 M177 M182 | 6:M11 M18 M31 M40 M51 M61 M67 M81 M84 M86 M100 M113 M124 M133 M137 M152 M155 M162 M170 M176 M183 | 7:M3 M12 M22 M26 M38 M56 M63 M71 M74 M82 M93 M98 M102 M105 M126 M130 M136 M148 M161 M166 M180 | 8:M2 M9 M15 M20 M25 M32 M41 M52 M60 M68 M72 M91 M104 M115 M123 M142 M147 M160 M172 M184 | 9:M6 M10 M13 M19 M28 M34 M45 M50 M57 M78 M96 M106 M114 M125 M132 M159 M173 | 10:M5 M17 M27 M39 M42 M49 M66 M76 M89 M97 M108 M110 M119 M163 M165,,"domain reduction: sessions, fixed meetings, forbidden slots | precedence graph: transitive closure, cycle detection, arc-consistent bounds | (20),(22)-(27) exactly once over reduced domains | (19) participant atMost-one per slot | (46),(47) clustered table capacity with full channeling | (28) staircase/support precedence over reduced domains | usedSlot channeling + exact per-idle-slot break cost | (43) exactly |Mp| reduced usedSlot variables | (44) atMost 2|L| busy participants per slot | (45) exact even number of busy participants | exact unary total-break-slot counts and gap objective | (40) optional hard fairness cap: gap <= 2",,,result,63251,8,63259
tic-13crafb.prec25,SAT,OPTIMAL,0.871412,22799,61166,8,0,61174,111.246,peak_process_tree_rss_mb,maxsat,staircase,yes,imp12+,0,0,"0,0,0,0,0,0,0,0,0,0,0,0,0,0,0,0,0,0,0,0,0,0,0,0,0,0,0,0,0,0,0,0,0,0,0,0,0,0,0,0,0,0,0,0,0,0","28,34,36,40,42,42,42,42,34,28","2,8,5,7,9,6,7,5,8,6,1,6,8,5,5,7,3,4,1,8,5,3,10,6,8,3,1,5,2,7,3,2,8,6,10,9,5,4,1,6,9,10,7,3,8,6,2,1,6,3,8,5,9,7,2,4,4,9,10,2,8,5,1,4,10,5,8,9,7,3,6,6,7,5,1,4,9,3,8,2,10,8,4,3,7,4,10,3,5,2,8,1,2,3,4,2,4,6,5,1,9,3,9,4,7,1,2,10,6,6,7,2,4,9,1,10,7,1,4,2,5,6,7,9,10,3,8,3,2,4,7,8,9,5,10,7,5,1,9,3,2,6,8,4,5,10,4,6,7,2,3,4,6,7,9,3,8,5,6,7,9,8,10,1,9,6,2,5,3,7,8,10,4,4,8,9,6,7,5,4,7,6,8,5",1:M11 M19 M27 M39 M48 M63 M75 M92 M100 M106 M115 M118 M138 M164 | 2:M1 M29 M32 M47 M55 M60 M80 M90 M93 M96 M107 M112 M120 M129 M141 M150 M167 | 3:M17 M22 M26 M31 M44 M50 M70 M78 M84 M88 M94 M102 M126 M128 M140 M151 M156 M169 | 4:M18 M38 M56 M57 M64 M76 M83 M86 M95 M97 M104 M113 M119 M130 M144 M147 M152 M173 M174 M180 | 5:M3 M8 M14 M15 M21 M28 M37 M52 M62 M66 M74 M89 M99 M121 M134 M137 M145 M158 M168 M179 M184 | 6:M6 M10 M12 M24 M34 M40 M46 M49 M71 M72 M98 M109 M110 M122 M142 M148 M153 M159 M166 M177 M182 | 7:M4 M7 M16 M30 M43 M54 M69 M73 M85 M105 M111 M117 M123 M131 M136 M149 M154 M160 M170 M178 M181 | 8:M2 M9 M13 M20 M25 M33 M45 M51 M61 M67 M79 M82 M91 M127 M132 M143 M157 M162 M171 M175 M183 | 9:M5 M36 M41 M53 M58 M68 M77 M101 M103 M114 M124 M133 M139 M155 M161 M165 M176 | 10:M23 M35 M42 M59 M65 M81 M87 M108 M116 M125 M135 M146 M163 M172,,"domain reduction: sessions, fixed meetings, forbidden slots | precedence graph: transitive closure, cycle detection, arc-consistent bounds | (20),(22)-(27) exactly once over reduced domains | (19) participant atMost-one per slot | (46),(47) clustered table capacity with full channeling | (28) staircase/support precedence over reduced domains | usedSlot channeling + exact per-idle-slot break cost | (43) exactly |Mp| reduced usedSlot variables | (44) atMost 2|L| busy participants per slot | (45) exact even number of busy participants | exact unary total-break-slot counts and gap objective | (40) optional hard fairness cap: gap <= 2",,,result,61166,8,61174
tic-13crafc.prec15,SAT,OPTIMAL,0.829576,24875,65575,6,0,65581,114.625,peak_process_tree_rss_mb,maxsat,staircase,yes,imp12+,30,1,"0,0,1,1,1,1,1,1,1,1,0,1,0,0,1,1,1,0,1,1,1,1,0,1,1,1,1,0,1,1,1,0,1,0,0,1,1,1,0,0,0,1,0,0,1,1,0","30,38,38,36,38,38,38,38,36,30","8,1,9,10,5,7,2,3,6,4,4,5,9,7,6,9,2,3,8,7,10,5,3,4,6,2,8,1,7,8,10,9,5,2,6,3,7,6,10,5,8,3,6,10,2,4,8,5,9,1,3,5,6,2,1,7,5,4,2,3,10,2,4,7,8,9,10,7,5,8,10,2,6,8,7,3,9,1,5,3,4,5,9,2,7,8,2,4,6,7,1,9,8,5,4,6,5,10,4,7,1,9,1,9,8,7,2,3,6,2,4,9,8,7,1,2,1,6,3,5,4,7,9,6,8,2,10,7,3,5,8,3,9,6,4,2,1,6,5,10,8,4,3,9,1,4,1,10,7,5,7,9,3,6,7,10,8,2,6,6,1,5,3,10,6,4,9,2,8,4,4,5,3,3,2,1,8,3,9,10",1:M2 M28 M50 M55 M78 M91 M101 M103 M115 M117 M137 M145 M147 M161 M176 | 2:M7 M17 M26 M34 M45 M54 M59 M62 M72 M84 M87 M107 M110 M116 M126 M136 M158 M168 M175 | 3:M8 M18 M23 M36 M42 M51 M60 M76 M80 M108 M119 M129 M132 M143 M153 M163 M173 M174 M178 | 4:M10 M11 M24 M46 M58 M63 M81 M88 M95 M99 M111 M121 M135 M142 M146 M166 M170 M171 | 5:M5 M12 M22 M33 M40 M48 M52 M57 M69 M79 M82 M94 M97 M120 M130 M139 M150 M162 M172 | 6:M9 M15 M25 M35 M38 M43 M53 M73 M89 M96 M109 M118 M124 M134 M138 M154 M159 M160 M165 | 7:M6 M14 M20 M29 M37 M56 M64 M68 M75 M85 M90 M100 M106 M114 M122 M128 M149 M151 M155 | 8:M1 M19 M27 M30 M41 M47 M65 M70 M74 M86 M93 M105 M113 M125 M131 M141 M157 M169 M177 | 9:M3 M13 M16 M32 M49 M66 M77 M83 M92 M102 M104 M112 M123 M133 M144 M152 M167 M179 | 10:M4 M21 M31 M39 M44 M61 M67 M71 M98 M127 M140 M148 M156 M164 M180,,"domain reduction: sessions, fixed meetings, forbidden slots | precedence graph: transitive closure, cycle detection, arc-consistent bounds | (20),(22)-(27) exactly once over reduced domains | (19) participant atMost-one per slot | (46),(47) clustered table capacity with full channeling | (28) staircase/support precedence over reduced domains | usedSlot channeling + exact per-idle-slot break cost | (43) exactly |Mp| reduced usedSlot variables | (44) atMost 2|L| busy participants per slot | (45) exact even number of busy participants | exact unary total-break-slot counts and gap objective | (40) optional hard fairness cap: gap <= 2",,,result,65575,6,65581
tic-13crafc.prec25,SAT,OPTIMAL,1.647268,24629,63436,6,0,63442,113.695,peak_process_tree_rss_mb,maxsat,staircase,yes,imp12+,27,1,"0,0,1,1,1,1,1,1,0,1,0,1,0,0,0,1,1,0,1,1,1,1,0,0,1,1,1,0,1,1,1,0,1,1,0,1,0,1,0,0,0,1,0,0,1,1,0","30,36,38,38,38,38,38,38,38,28","6,7,1,3,10,8,2,5,9,4,8,3,4,7,6,5,1,4,6,2,3,9,3,4,2,6,5,8,1,6,1,5,7,9,4,3,8,4,1,2,6,4,6,2,1,9,5,7,8,6,5,9,7,8,8,7,9,4,10,7,9,5,2,1,10,6,7,3,5,2,6,2,10,3,8,9,7,5,1,7,3,4,9,10,8,5,9,8,10,3,8,7,10,2,5,6,10,3,9,1,2,8,8,4,5,9,3,7,8,1,7,6,4,9,10,3,5,4,9,4,7,3,1,9,4,2,5,3,6,10,4,2,10,8,3,1,5,4,6,5,2,2,6,4,8,3,7,10,5,9,8,6,2,6,3,10,7,5,10,8,1,5,3,1,6,7,6,9,2,7,1,4,2,9,3,8,2,7,4,9",1:M3 M17 M29 M31 M39 M45 M64 M79 M100 M110 M123 M136 M161 M164 M171 | 2:M7 M20 M25 M40 M44 M63 M70 M72 M94 M101 M126 M132 M141 M142 M153 M169 M173 M177 | 3:M4 M12 M21 M23 M36 M68 M74 M81 M90 M98 M107 M116 M122 M128 M135 M146 M155 M163 M175 | 4:M10 M13 M18 M24 M35 M38 M42 M58 M82 M104 M113 M118 M120 M125 M131 M138 M144 M172 M179 | 5:M8 M16 M27 M32 M47 M51 M62 M69 M78 M86 M95 M105 M117 M127 M137 M140 M149 M158 M162 | 6:M1 M15 M19 M26 M30 M41 M43 M50 M66 M71 M96 M112 M129 M139 M143 M152 M154 M165 M167 | 7:M2 M14 M33 M48 M53 M56 M60 M67 M77 M80 M92 M108 M111 M121 M147 M157 M166 M170 M178 | 8:M6 M11 M28 M37 M49 M54 M55 M75 M85 M88 M91 M102 M103 M109 M134 M145 M151 M160 M176 | 9:M9 M22 M34 M46 M52 M57 M61 M76 M83 M87 M99 M106 M114 M119 M124 M150 M168 M174 M180 | 10:M5 M59 M65 M73 M84 M89 M93 M97 M115 M130 M133 M148 M156 M159,,"domain reduction: sessions, fixed meetings, forbidden slots | precedence graph: transitive closure, cycle detection, arc-consistent bounds | (20),(22)-(27) exactly once over reduced domains | (19) participant atMost-one per slot | (46),(47) clustered table capacity with full channeling | (28) staircase/support precedence over reduced domains | usedSlot channeling + exact per-idle-slot break cost | (43) exactly |Mp| reduced usedSlot variables | (44) atMost 2|L| busy participants per slot | (45) exact even number of busy participants | exact unary total-break-slot counts and gap objective | (40) optional hard fairness cap: gap <= 2",,,result,63436,6,63442
tic-14crafa.prec15,SAT,OPTIMAL,0.658783,28235,79528,7,0,79535,117.168,peak_process_tree_rss_mb,maxsat,staircase,yes,imp12+,0,0,"0,0,0,0,0,0,0,0,0,0,0,0,0,0,0,0,0,0,0,0,0,0,0,0,0,0,0,0,0,0,0,0,0,0,0,0,0,0,0,0,0,0,0,0,0,0,0,0,0,0,0,0,0,0,0,0,0,0,0,0","40,46,50,52,52,54,52,50,46,32","3,6,10,7,8,5,2,9,3,4,1,8,6,4,9,2,7,3,9,3,5,9,6,10,2,7,5,8,5,10,10,6,1,9,5,4,7,2,9,4,10,6,3,5,4,8,9,8,2,1,5,9,6,9,3,1,2,5,6,8,7,8,7,3,10,4,2,1,6,5,5,6,9,7,4,2,5,6,1,4,2,7,10,9,3,8,5,3,2,1,4,6,7,4,5,3,2,8,8,2,7,5,3,4,10,9,8,7,7,3,5,1,4,9,6,3,8,2,1,4,7,6,3,8,6,4,8,10,5,9,1,9,8,6,4,10,2,7,9,5,3,6,1,7,4,2,6,2,8,10,1,7,2,3,8,4,10,5,6,9,6,5,10,9,1,2,7,3,4,6,7,5,1,2,3,8,10,7,1,3,1,1,6,9,4,8,7,5,4,9,8,6,7,10,4,5,8,7,6,3,8,7,10,1,3,5,9,8,2,4,2,7,3,9,8,4,6,5,4,4,9,2,7,3,8,5,6,1,3,2,6,1,4,5,7,3,6",1:M11 M33 M50 M56 M68 M79 M90 M112 M119 M131 M143 M151 M165 M173 M179 M181 M182 M204 M228 M232 | 2:M7 M16 M25 M38 M49 M57 M67 M76 M81 M89 M97 M100 M118 M137 M146 M148 M153 M166 M174 M209 M211 M222 M230 | 3:M1 M9 M18 M20 M43 M55 M64 M85 M88 M96 M103 M110 M116 M123 M141 M154 M168 M175 M180 M200 M205 M213 M224 M229 M236 | 4:M10 M14 M36 M40 M45 M66 M75 M80 M91 M94 M104 M113 M120 M126 M135 M145 M156 M169 M185 M189 M195 M210 M216 M219 M220 M233 | 5:M6 M21 M27 M29 M35 M44 M51 M58 M70 M71 M77 M87 M95 M102 M111 M129 M140 M158 M162 M172 M188 M196 M206 M218 M226 M234 | 6:M2 M13 M23 M32 M42 M53 M59 M69 M72 M78 M92 M115 M122 M125 M134 M142 M147 M159 M161 M170 M183 M192 M199 M217 M227 M231 M237 | 7:M4 M17 M26 M37 M61 M63 M74 M82 M93 M101 M108 M109 M121 M138 M144 M152 M167 M171 M178 M187 M193 M198 M202 M212 M223 M235 | 8:M5 M12 M28 M46 M48 M60 M62 M86 M98 M99 M107 M117 M124 M127 M133 M149 M155 M176 M186 M191 M197 M201 M208 M215 M225 | 9:M8 M15 M19 M22 M34 M39 M47 M52 M54 M73 M84 M106 M114 M130 M132 M139 M160 M164 M184 M190 M207 M214 M221 | 10:M3 M24 M30 M31 M41 M65 M83 M105 M128 M136 M150 M157 M163 M177 M194 M203,,"domain reduction: sessions, fixed meetings, forbidden slots | precedence graph: transitive closure, cycle detection, arc-consistent bounds | (20),(22)-(27) exactly once over reduced domains | (19) participant atMost-one per slot | (46),(47) clustered table capacity with full channeling | (28) staircase/support precedence over reduced domains | usedSlot channeling + exact per-idle-slot break cost | (43) exactly |Mp| reduced usedSlot variables | (44) atMost 2|L| busy participants per slot | (45) exact even number of busy participants | exact unary total-break-slot counts and gap objective | (40) optional hard fairness cap: gap <= 2",,,result,79528,7,79535
tic-14crafa.prec25,SAT,OPTIMAL,0.749452,27881,76634,7,0,76641,118.539,peak_process_tree_rss_mb,maxsat,staircase,yes,imp12+,0,0,"0,0,0,0,0,0,0,0,0,0,0,0,0,0,0,0,0,0,0,0,0,0,0,0,0,0,0,0,0,0,0,0,0,0,0,0,0,0,0,0,0,0,0,0,0,0,0,0,0,0,0,0,0,0,0,0,0,0,0,0","40,44,48,54,54,54,54,48,44,34","6,10,3,9,8,2,1,5,6,5,4,6,7,9,5,2,8,3,3,6,1,7,3,7,2,4,1,10,10,3,8,7,2,1,8,6,5,4,2,4,6,9,7,2,3,5,10,4,6,9,8,1,5,9,10,4,3,8,2,7,6,2,8,4,1,6,3,5,9,7,9,1,8,4,10,2,4,9,3,6,8,1,2,5,10,7,3,5,6,4,7,2,6,5,1,4,2,7,5,3,8,1,10,6,7,7,10,8,7,2,4,8,1,4,7,3,9,10,5,6,2,1,3,5,6,5,4,8,10,7,4,5,6,4,7,5,1,2,9,8,10,6,4,1,8,9,6,2,3,9,7,9,2,1,6,3,10,8,4,5,2,7,4,8,10,9,3,5,1,6,5,8,9,3,7,9,1,6,10,6,7,4,3,8,1,5,6,8,9,7,5,4,4,7,2,1,4,3,8,6,9,10,8,3,9,2,5,6,7,1,3,4,7,2,5,5,8,4,9,8,9,7,6,2,10,4,3,5,7,9,6,3,5,7,4,3,5",1:M7 M21 M27 M34 M52 M65 M72 M82 M95 M102 M113 M122 M137 M144 M154 M169 M177 M185 M196 M210 | 2:M6 M16 M25 M33 M39 M44 M59 M62 M76 M83 M92 M97 M110 M121 M138 M148 M153 M161 M195 M206 M214 M224 | 3:M3 M18 M19 M23 M30 M45 M57 M67 M79 M87 M100 M116 M123 M149 M156 M167 M174 M183 M198 M204 M211 M227 M232 M236 | 4:M11 M26 M38 M40 M48 M56 M64 M74 M77 M90 M96 M111 M114 M127 M131 M134 M143 M159 M163 M182 M192 M193 M197 M212 M218 M226 M235 | 5:M8 M10 M15 M37 M46 M53 M68 M84 M88 M94 M99 M119 M124 M126 M132 M136 M160 M168 M171 M186 M191 M207 M215 M216 M228 M233 M237 | 6:M1 M9 M12 M20 M36 M41 M49 M61 M66 M80 M89 M93 M104 M120 M125 M133 M142 M147 M155 M170 M178 M180 M187 M200 M208 M223 M231 | 7:M13 M22 M24 M32 M43 M60 M70 M86 M91 M98 M105 M106 M109 M115 M130 M135 M151 M162 M175 M181 M190 M194 M209 M213 M222 M229 M234 | 8:M5 M17 M31 M35 M51 M58 M63 M73 M81 M101 M108 M112 M128 M140 M145 M158 M164 M172 M184 M188 M199 M203 M217 M220 | 9:M4 M14 M42 M50 M54 M69 M71 M78 M117 M139 M146 M150 M152 M166 M173 M176 M189 M201 M205 M219 M221 M230 | 10:M2 M28 M29 M47 M55 M75 M85 M103 M107 M118 M129 M141 M157 M165 M179 M202 M225,,"domain reduction: sessions, fixed meetings, forbidden slots | precedence graph: transitive closure, cycle detection, arc-consistent bounds | (20),(22)-(27) exactly once over reduced domains | (19) participant atMost-one per slot | (46),(47) clustered table capacity with full channeling | (28) staircase/support precedence over reduced domains | usedSlot channeling + exact per-idle-slot break cost | (43) exactly |Mp| reduced usedSlot variables | (44) atMost 2|L| busy participants per slot | (45) exact even number of busy participants | exact unary total-break-slot counts and gap objective | (40) optional hard fairness cap: gap <= 2",,,result,76634,7,76641
tic-14crafc.prec15,SAT,OPTIMAL,0.436835,28457,80012,7,0,80019,116.773,peak_process_tree_rss_mb,maxsat,staircase,yes,imp12+,0,0,"0,0,0,0,0,0,0,0,0,0,0,0,0,0,0,0,0,0,0,0,0,0,0,0,0,0,0,0,0,0,0,0,0,0,0,0,0,0,0,0,0,0,0,0,0,0,0,0,0,0,0,0,0,0,0,0,0,0,0,0","42,44,50,50,50,50,50,50,46,42","1,9,4,8,6,7,2,3,4,3,8,6,3,7,4,10,5,2,8,4,5,1,2,10,7,6,9,3,5,1,10,4,7,3,7,6,5,2,7,1,5,3,1,8,4,7,6,8,1,10,2,5,3,10,6,3,1,8,9,2,7,3,2,8,9,10,7,1,5,4,3,5,8,2,10,6,4,3,1,7,2,6,10,8,9,5,8,5,6,10,7,9,7,5,6,9,8,10,2,4,9,5,1,6,10,4,1,2,4,9,10,8,6,8,10,5,4,1,7,2,3,7,6,9,4,5,3,6,9,7,6,2,4,7,10,5,9,6,8,3,2,7,5,6,1,3,8,6,3,5,7,3,5,10,9,4,8,2,6,1,2,7,10,8,9,3,5,4,1,4,1,9,2,3,4,2,6,9,10,1,3,2,4,8,5,7,8,6,10,7,9,5,5,7,2,9,6,5,4,1,9,9,10,1,3,6,8,5,2,4,7,4,3,8,1,3,8,4,3,9,3,2,1,5,8,7,6,4,10,8,4,9,6,9,10,7,8",1:M1 M22 M30 M40 M43 M49 M57 M68 M79 M103 M107 M118 M145 M160 M169 M171 M180 M200 M204 M215 M223 | 2:M7 M18 M23 M38 M51 M60 M63 M74 M81 M99 M108 M120 M132 M141 M158 M161 M173 M176 M182 M195 M209 M222 | 3:M8 M10 M13 M28 M34 M42 M53 M56 M62 M71 M78 M121 M127 M140 M146 M149 M152 M166 M174 M181 M205 M213 M216 M219 M221 | 4:M3 M9 M15 M20 M32 M45 M70 M77 M100 M106 M109 M117 M125 M133 M156 M168 M170 M175 M183 M199 M210 M212 M218 M228 M231 | 5:M17 M21 M29 M37 M41 M52 M69 M72 M86 M88 M94 M102 M116 M126 M136 M143 M150 M153 M167 M185 M192 M193 M198 M208 M224 | 6:M5 M12 M26 M36 M47 M55 M76 M82 M89 M95 M104 M113 M123 M128 M131 M138 M144 M148 M159 M177 M188 M197 M206 M227 M233 | 7:M6 M14 M25 M33 M35 M39 M46 M61 M67 M80 M91 M93 M119 M122 M130 M134 M142 M151 M162 M186 M190 M194 M211 M226 M236 | 8:M4 M11 M19 M44 M48 M58 M64 M73 M84 M87 M97 M112 M114 M139 M147 M157 M164 M184 M187 M207 M214 M217 M225 M230 M237 | 9:M2 M27 M59 M65 M85 M92 M96 M101 M110 M124 M129 M137 M155 M165 M172 M178 M191 M196 M201 M202 M220 M232 M234 | 10:M16 M24 M31 M50 M54 M66 M75 M83 M90 M98 M105 M111 M115 M135 M154 M163 M179 M189 M203 M229 M235,,"domain reduction: sessions, fixed meetings, forbidden slots | precedence graph: transitive closure, cycle detection, arc-consistent bounds | (20),(22)-(27) exactly once over reduced domains | (19) participant atMost-one per slot | (46),(47) clustered table capacity with full channeling | (28) staircase/support precedence over reduced domains | usedSlot channeling + exact per-idle-slot break cost | (43) exactly |Mp| reduced usedSlot variables | (44) atMost 2|L| busy participants per slot | (45) exact even number of busy participants | exact unary total-break-slot counts and gap objective | (40) optional hard fairness cap: gap <= 2",,,result,80012,7,80019
tic-14crafc.prec25,SAT,OPTIMAL,0.635785,28113,77138,7,0,77145,117.336,peak_process_tree_rss_mb,maxsat,staircase,yes,imp12+,0,0,"0,0,0,0,0,0,0,0,0,0,0,0,0,0,0,0,0,0,0,0,0,0,0,0,0,0,0,0,0,0,0,0,0,0,0,0,0,0,0,0,0,0,0,0,0,0,0,0,0,0,0,0,0,0,0,0,0,0,0,0","46,50,50,50,50,50,50,48,44,36","10,8,5,4,9,6,3,2,3,2,8,7,5,9,10,4,2,6,2,9,6,8,5,7,3,2,4,10,5,1,8,7,1,5,2,1,4,6,5,2,2,5,3,9,6,1,8,9,4,1,6,3,2,7,10,4,1,9,5,6,3,3,6,10,1,7,9,2,5,4,6,7,8,1,9,4,1,9,6,5,2,4,3,8,10,7,5,6,8,7,9,10,6,2,1,5,3,7,3,9,8,2,7,6,10,8,7,10,6,3,5,8,1,4,5,2,3,9,10,8,7,4,6,5,9,7,8,10,6,5,4,10,2,3,7,8,4,5,9,1,10,7,1,6,4,9,4,7,8,9,5,3,4,1,2,8,7,9,6,10,9,5,3,4,10,8,2,6,1,7,6,10,8,1,7,9,3,2,10,3,1,7,4,9,6,3,4,6,1,3,2,5,8,7,4,3,5,6,1,2,8,10,9,5,4,1,8,7,6,2,4,7,8,3,2,8,2,3,1,2,7,4,9,3,1,6,8,5,5,1,7,4,3,3,4,5,2",1:M30 M33 M36 M46 M50 M57 M65 M74 M77 M95 M113 M140 M143 M154 M169 M174 M181 M189 M199 M206 M219 M225 M230 | 2:M8 M10 M17 M19 M26 M35 M40 M41 M53 M68 M81 M94 M102 M116 M133 M155 M167 M178 M191 M200 M210 M215 M217 M220 M237 | 3:M7 M9 M25 M43 M52 M61 M62 M83 M97 M99 M110 M117 M134 M152 M163 M177 M180 M186 M190 M196 M214 M218 M224 M233 M234 | 4:M4 M16 M27 M37 M49 M56 M70 M76 M82 M114 M122 M131 M137 M145 M147 M153 M164 M183 M187 M195 M205 M211 M222 M232 M235 | 5:M3 M13 M23 M29 M34 M39 M42 M59 M69 M80 M87 M96 M111 M115 M124 M130 M138 M151 M162 M192 M197 M204 M228 M229 M236 | 6:M6 M18 M21 M38 M45 M51 M60 M63 M71 M79 M88 M93 M104 M109 M123 M129 M144 M159 M168 M171 M185 M188 M198 M209 M226 | 7:M12 M24 M32 M54 M66 M72 M86 M90 M98 M103 M107 M121 M126 M135 M142 M148 M157 M170 M175 M182 M194 M208 M212 M221 M231 | 8:M2 M11 M22 M31 M47 M73 M84 M89 M101 M106 M112 M120 M127 M136 M149 M156 M166 M173 M193 M201 M207 M213 M216 M227 | 9:M5 M14 M20 M44 M48 M58 M67 M75 M78 M91 M100 M118 M125 M139 M146 M150 M158 M161 M176 M184 M203 M223 | 10:M1 M15 M28 M55 M64 M85 M92 M105 M108 M119 M128 M132 M141 M160 M165 M172 M179 M202,,"domain reduction: sessions, fixed meetings, forbidden slots | precedence graph: transitive closure, cycle detection, arc-consistent bounds | (20),(22)-(27) exactly once over reduced domains | (19) participant atMost-one per slot | (46),(47) clustered table capacity with full channeling | (28) staircase/support precedence over reduced domains | usedSlot channeling + exact per-idle-slot break cost | (43) exactly |Mp| reduced usedSlot variables | (44) atMost 2|L| busy participants per slot | (45) exact even number of busy participants | exact unary total-break-slot counts and gap objective | (40) optional hard fairness cap: gap <= 2",,,result,77138,7,77145
tic-14crafd.prec15,SAT,OPTIMAL,0.446515,28171,79870,8,0,79878,118.938,peak_process_tree_rss_mb,maxsat,staircase,yes,imp12+,0,0,"0,0,0,0,0,0,0,0,0,0,0,0,0,0,0,0,0,0,0,0,0,0,0,0,0,0,0,0,0,0,0,0,0,0,0,0,0,0,0,0,0,0,0,0,0,0,0,0,0,0,0,0,0,0,0,0,0,0,0,0","40,48,48,48,48,50,50,50,48,42","2,6,3,9,8,4,1,7,3,9,5,8,6,10,7,1,8,2,4,5,3,7,5,9,4,3,10,1,8,9,4,3,6,4,1,4,3,7,8,3,5,1,10,9,8,6,4,9,6,4,1,5,10,7,2,8,9,7,10,3,1,2,5,6,10,2,4,3,8,7,1,9,4,10,8,6,2,8,6,9,1,3,5,2,7,4,10,3,6,4,10,5,8,7,9,2,1,9,10,3,9,10,2,8,7,5,2,3,5,6,4,9,10,8,2,6,1,5,7,8,10,9,8,6,5,2,3,4,1,7,6,2,7,2,4,6,9,1,10,5,7,3,7,4,1,8,5,6,9,6,7,5,1,6,10,9,3,8,4,2,7,2,10,6,3,1,4,10,3,7,4,1,8,7,2,4,10,6,8,5,9,7,1,6,9,5,7,4,6,5,2,3,2,5,8,10,9,3,7,1,2,7,6,9,5,4,10,2,3,8,5,4,2,3,8,8,7,1,5,2,4,10,9,3,6,5,8,7,3,6,9,2,8,9,6,5",1:M7 M16 M28 M35 M42 M51 M61 M71 M81 M97 M117 M129 M138 M145 M153 M166 M172 M183 M200 M218 | 2:M1 M18 M55 M62 M66 M77 M84 M96 M103 M107 M115 M126 M132 M134 M160 M162 M175 M191 M193 M201 M208 M213 M220 M232 | 3:M3 M9 M21 M26 M32 M37 M40 M60 M68 M82 M88 M100 M108 M127 M142 M157 M165 M169 M192 M198 M209 M214 M224 M229 | 4:M6 M19 M25 M31 M34 M36 M47 M50 M67 M73 M86 M90 M111 M128 M135 M144 M159 M167 M171 M176 M188 M206 M212 M221 | 5:M11 M20 M23 M41 M52 M63 M83 M92 M106 M109 M118 M125 M140 M147 M152 M180 M186 M190 M194 M205 M211 M219 M226 M236 | 6:M2 M13 M33 M46 M49 M64 M76 M79 M89 M110 M116 M124 M131 M136 M148 M150 M154 M164 M178 M184 M189 M203 M225 M230 M235 | 7:M8 M15 M22 M38 M54 M58 M70 M85 M94 M105 M119 M130 M133 M141 M143 M151 M161 M170 M174 M182 M187 M199 M202 M217 M228 | 8:M5 M12 M17 M29 M39 M45 M56 M69 M75 M78 M93 M104 M114 M120 M123 M146 M158 M173 M179 M195 M210 M215 M216 M227 M233 | 9:M4 M10 M24 M30 M44 M48 M57 M72 M80 M95 M98 M101 M112 M122 M137 M149 M156 M181 M185 M197 M204 M223 M231 M234 | 10:M14 M27 M43 M53 M59 M65 M74 M87 M91 M99 M102 M113 M121 M139 M155 M163 M168 M177 M196 M207 M222,,"domain reduction: sessions, fixed meetings, forbidden slots | precedence graph: transitive closure, cycle detection, arc-consistent bounds | (20),(22)-(27) exactly once over reduced domains | (19) participant atMost-one per slot | (46),(47) clustered table capacity with full channeling | (28) staircase/support precedence over reduced domains | usedSlot channeling + exact per-idle-slot break cost | (43) exactly |Mp| reduced usedSlot variables | (44) atMost 2|L| busy participants per slot | (45) exact even number of busy participants | exact unary total-break-slot counts and gap objective | (40) optional hard fairness cap: gap <= 2",,,result,79870,8,79878
tic-14crafd.prec25,SAT,OPTIMAL,0.55971,27811,76548,8,0,76556,115.125,peak_process_tree_rss_mb,maxsat,staircase,yes,imp12+,0,0,"0,0,0,0,0,0,0,0,0,0,0,0,0,0,0,0,0,0,0,0,0,0,0,0,0,0,0,0,0,0,0,0,0,0,0,0,0,0,0,0,0,0,0,0,0,0,0,0,0,0,0,0,0,0,0,0,0,0,0,0","42,44,50,50,50,50,50,50,46,40","8,10,1,4,6,5,3,9,4,1,3,3,8,3,10,2,7,5,6,1,4,8,9,7,6,4,3,7,3,2,6,5,6,8,6,6,9,7,4,5,9,8,2,1,3,6,5,4,2,1,9,3,10,5,8,6,9,1,4,10,3,5,1,10,7,6,2,3,5,8,4,9,8,7,4,1,2,3,8,9,5,10,7,2,1,4,6,7,6,2,4,5,3,1,8,7,8,6,9,4,8,10,4,6,2,3,4,1,5,2,3,10,9,5,1,7,4,2,6,10,2,7,7,6,4,3,8,9,5,2,5,9,10,4,5,9,8,1,2,7,10,6,10,2,9,3,6,8,7,7,5,1,6,8,2,9,10,7,3,4,8,9,4,2,1,10,5,9,8,10,1,7,3,7,3,8,5,1,6,10,5,1,3,10,8,2,4,3,1,6,5,2,5,3,7,9,10,8,4,6,4,10,8,6,9,2,5,4,3,7,9,8,7,6,7,9,4,7,3,5,6,2,1,8,10,9,1,8,4,2,7,5,3,5,7,9",1:M3 M10 M20 M44 M50 M58 M63 M76 M85 M94 M108 M115 M138 M152 M165 M171 M178 M182 M189 M223 M227 | 2:M16 M30 M43 M49 M67 M77 M84 M90 M105 M110 M118 M121 M130 M139 M144 M155 M164 M186 M192 M206 M222 M230 | 3:M7 M11 M12 M14 M27 M29 M45 M52 M61 M68 M78 M93 M106 M111 M126 M146 M159 M173 M175 M183 M188 M194 M209 M219 M233 | 4:M4 M9 M21 M26 M39 M48 M59 M71 M75 M86 M91 M100 M103 M107 M117 M125 M134 M160 M163 M187 M199 M201 M208 M217 M229 | 5:M6 M18 M32 M40 M47 M54 M62 M69 M81 M92 M109 M114 M129 M131 M135 M151 M167 M177 M181 M191 M193 M207 M220 M232 M234 | 6:M5 M19 M25 M31 M33 M35 M36 M46 M56 M66 M87 M89 M98 M104 M119 M124 M142 M147 M153 M179 M190 M200 M204 M214 M221 | 7:M17 M24 M28 M38 M65 M74 M83 M88 M96 M116 M122 M123 M140 M149 M150 M158 M172 M174 M195 M210 M213 M215 M218 M231 M235 | 8:M1 M13 M22 M34 M42 M55 M70 M73 M79 M95 M97 M101 M127 M137 M148 M154 M161 M169 M176 M185 M198 M203 M212 M224 M228 | 9:M8 M23 M37 M41 M51 M57 M72 M80 M99 M113 M128 M132 M136 M145 M156 M162 M168 M196 M205 M211 M216 M226 M236 | 10:M2 M15 M53 M60 M64 M82 M102 M112 M120 M133 M141 M143 M157 M166 M170 M180 M184 M197 M202 M225,,"domain reduction: sessions, fixed meetings, forbidden slots | precedence graph: transitive closure, cycle detection, arc-consistent bounds | (20),(22)-(27) exactly once over reduced domains | (19) participant atMost-one per slot | (46),(47) clustered table capacity with full channeling | (28) staircase/support precedence over reduced domains | usedSlot channeling + exact per-idle-slot break cost | (43) exactly |Mp| reduced usedSlot variables | (44) atMost 2|L| busy participants per slot | (45) exact even number of busy participants | exact unary total-break-slot counts and gap objective | (40) optional hard fairness cap: gap <= 2",,,result,76548,8,76556
ticf-13crafa.prec15,SAT,OPTIMAL,3.265959,86819,206876,19,0,206895,176.992,peak_process_tree_rss_mb,maxsat,staircase,yes,imp12+,0,0,"0,0,0,0,0,0,0,0,0,0,0,0,0,0,0,0,0,0,0,0,0,0,0,0,0,0,0,0,0,0,0,0,0,0,0,0,0,0,0,0,0,0,0,0,0,0,0,0,0,0,0,0,0,0,0,0,0,0,0,0,0,0,0,0,0,0,0,0,0,0","8,16,20,20,28,28,26,28,28,26,26,24,16,8,4,2,0,0,0,0,0","6,9,12,10,13,8,11,5,7,14,3,8,4,5,7,1,2,6,4,6,5,3,7,2,5,3,7,11,8,10,5,9,6,8,9,11,12,6,10,7,12,13,14,16,15,5,6,2,7,8,11,9,5,6,12,10,4,10,12,13,11,2,9,10,8,12,11,10,6,8,7,12,9,11,3,4,5,9,6,12,11,13,7,5,8,10,4,3,7,5,9,2,6,8,11,4,3,10,12,10,8,13,11,9,8,4,9,5,2,3,1,7,6,4,6,5,1,3,9,7,2,3,7,13,14,9,12,6,4,5,10,11,8,5,6,9,7,8,4,15,3,13,1,11,2,14,10,12,12,9,10,13,11,8",1:M16 M111 M117 M143 | 2:M17 M24 M48 M62 M92 M109 M121 M145 | 3:M11 M22 M26 M75 M88 M97 M110 M118 M122 M141 | 4:M13 M19 M57 M76 M87 M96 M106 M114 M129 M139 | 5:M8 M14 M21 M25 M31 M46 M53 M77 M84 M90 M108 M116 M130 M134 | 6:M1 M18 M20 M33 M38 M47 M54 M69 M79 M93 M113 M115 M128 M135 | 7:M9 M15 M23 M27 M40 M49 M71 M83 M89 M112 M120 M123 M137 | 8:M6 M12 M29 M34 M50 M65 M70 M85 M94 M101 M105 M133 M138 M154 | 9:M2 M32 M35 M52 M63 M73 M78 M91 M104 M107 M119 M126 M136 M150 | 10:M4 M30 M39 M56 M58 M64 M68 M86 M98 M100 M131 M147 M151 | 11:M7 M28 M36 M51 M61 M67 M74 M81 M95 M103 M132 M144 M153 | 12:M3 M37 M41 M55 M59 M66 M72 M80 M99 M127 M148 M149 | 13:M5 M42 M60 M82 M102 M124 M142 M152 | 14:M10 M43 M125 M146 | 15:M45 M140 | 16:M44 | 17: | 18: | 19: | 20: | 21:,,"domain reduction: sessions, fixed meetings, forbidden slots | precedence graph: transitive closure, cycle detection, arc-consistent bounds | (20),(22)-(27) exactly once over reduced domains | (19) participant atMost-one per slot | (46),(47) clustered table capacity with full channeling | (28) staircase/support precedence over reduced domains | usedSlot channeling + exact per-idle-slot break cost | (43) exactly |Mp| reduced usedSlot variables | (44) atMost 2|L| busy participants per slot | (45) exact even number of busy participants | exact unary total-break-slot counts and gap objective | (40) optional hard fairness cap: gap <= 2",,,result,206876,19,206895
ticf-13crafa.prec25,UNSAT,UNSAT,1.01037,84459,199911,19,0,199930,144.234,peak_process_tree_rss_mb,maxsat,staircase,yes,imp12+,,,,,,,,"domain reduction: sessions, fixed meetings, forbidden slots | precedence graph: transitive closure, cycle detection, arc-consistent bounds | (20),(22)-(27) exactly once over reduced domains | (19) participant atMost-one per slot | (46),(47) clustered table capacity with full channeling | (28) staircase/support precedence over reduced domains | usedSlot channeling + exact per-idle-slot break cost | (43) exactly |Mp| reduced usedSlot variables | (44) atMost 2|L| busy participants per slot | (45) exact even number of busy participants | exact unary total-break-slot counts and gap objective | (40) optional hard fairness cap: gap <= 2",,,result,199911,19,199930
ticf-13crafb.prec15,UNSAT,UNSAT,1.201947,101859,250422,20,0,250442,158.648,peak_process_tree_rss_mb,maxsat,staircase,yes,imp12+,,,,,,,,"domain reduction: sessions, fixed meetings, forbidden slots | precedence graph: transitive closure, cycle detection, arc-consistent bounds | (20),(22)-(27) exactly once over reduced domains | (19) participant atMost-one per slot | (46),(47) clustered table capacity with full channeling | (28) staircase/support precedence over reduced domains | usedSlot channeling + exact per-idle-slot break cost | (43) exactly |Mp| reduced usedSlot variables | (44) atMost 2|L| busy participants per slot | (45) exact even number of busy participants | exact unary total-break-slot counts and gap objective | (40) optional hard fairness cap: gap <= 2",,,result,250422,20,250442
ticf-13crafb.prec25,UNSAT,UNSAT,1.298829,102434,250835,20,0,250855,159.223,peak_process_tree_rss_mb,maxsat,staircase,yes,imp12+,,,,,,,,"domain reduction: sessions, fixed meetings, forbidden slots | precedence graph: transitive closure, cycle detection, arc-consistent bounds | (20),(22)-(27) exactly once over reduced domains | (19) participant atMost-one per slot | (46),(47) clustered table capacity with full channeling | (28) staircase/support precedence over reduced domains | usedSlot channeling + exact per-idle-slot break cost | (43) exactly |Mp| reduced usedSlot variables | (44) atMost 2|L| busy participants per slot | (45) exact even number of busy participants | exact unary total-break-slot counts and gap objective | (40) optional hard fairness cap: gap <= 2",,,result,250835,20,250855
ticf-13crafc.prec15,SAT,OPTIMAL,26.34346,86949,207188,19,0,207207,214.906,peak_process_tree_rss_mb,maxsat,staircase,yes,imp12+,46,1,"1,1,1,1,0,1,1,1,0,1,1,1,1,1,1,0,0,1,1,0,0,0,1,0,1,1,1,0,1,1,1,1,1,0,1,1,1,1,1,1,0,1,0,1,1,1,1,1,1,0,0,1,1,1,0,1,1,0,0,0,0,1,0,1,1,1,0,0,0,0","12,12,24,24,24,24,24,24,22,24,24,24,24,8,8,6,0,0,0,0,0","11,5,10,12,13,7,8,4,6,14,2,9,5,8,1,4,6,3,9,5,3,4,7,6,5,3,7,11,13,12,6,9,8,6,11,9,13,7,12,8,13,11,14,16,15,3,6,4,5,12,4,8,6,3,10,9,7,10,13,12,11,1,11,16,12,13,15,13,5,9,7,12,8,10,3,4,6,11,4,9,10,12,8,5,7,13,2,3,8,2,7,3,4,6,11,5,1,10,11,12,8,10,13,7,8,5,10,1,4,9,2,7,3,5,9,6,1,3,2,10,4,6,7,15,14,10,13,11,4,5,12,3,8,7,3,12,6,10,9,13,4,14,5,15,2,11,1,16,8,9,11,12,13,10",1:M15 M62 M97 M108 M117 M147 | 2:M11 M87 M90 M111 M119 M145 | 3:M18 M21 M26 M46 M54 M75 M88 M92 M113 M118 M132 M135 | 4:M8 M16 M22 M48 M51 M76 M79 M93 M109 M121 M129 M141 | 5:M2 M13 M20 M25 M49 M69 M84 M96 M106 M114 M130 M143 | 6:M9 M17 M24 M31 M34 M47 M53 M77 M94 M116 M122 M137 | 7:M6 M23 M27 M38 M57 M71 M85 M91 M104 M112 M123 M134 | 8:M7 M14 M33 M40 M52 M73 M83 M89 M101 M105 M133 M149 | 9:M12 M19 M32 M36 M56 M70 M80 M110 M115 M139 M150 | 10:M3 M55 M58 M74 M81 M98 M102 M107 M120 M126 M138 M154 | 11:M1 M28 M35 M42 M61 M63 M78 M95 M99 M128 M146 M151 | 12:M4 M30 M39 M50 M60 M65 M72 M82 M100 M131 M136 M152 | 13:M5 M29 M37 M41 M59 M66 M68 M86 M103 M127 M140 M153 | 14:M10 M43 M125 M142 | 15:M45 M67 M124 M144 | 16:M44 M64 M148 | 17: | 18: | 19: | 20: | 21:,,"domain reduction: sessions, fixed meetings, forbidden slots | precedence graph: transitive closure, cycle detection, arc-consistent bounds | (20),(22)-(27) exactly once over reduced domains | (19) participant atMost-one per slot | (46),(47) clustered table capacity with full channeling | (28) staircase/support precedence over reduced domains | usedSlot channeling + exact per-idle-slot break cost | (43) exactly |Mp| reduced usedSlot variables | (44) atMost 2|L| busy participants per slot | (45) exact even number of busy participants | exact unary total-break-slot counts and gap objective | (40) optional hard fairness cap: gap <= 2",,,result,207188,19,207207
ticf-13crafc.prec25,UNSAT,UNSAT,0.913593,84589,200223,19,0,200242,154.199,peak_process_tree_rss_mb,maxsat,staircase,yes,imp12+,,,,,,,,"domain reduction: sessions, fixed meetings, forbidden slots | precedence graph: transitive closure, cycle detection, arc-consistent bounds | (20),(22)-(27) exactly once over reduced domains | (19) participant atMost-one per slot | (46),(47) clustered table capacity with full channeling | (28) staircase/support precedence over reduced domains | usedSlot channeling + exact per-idle-slot break cost | (43) exactly |Mp| reduced usedSlot variables | (44) atMost 2|L| busy participants per slot | (45) exact even number of busy participants | exact unary total-break-slot counts and gap objective | (40) optional hard fairness cap: gap <= 2",,,result,200223,19,200242
ticf-14crafa.prec15,SAT,OPTIMAL,538.767129,154495,391617,20,0,391637,367.957,peak_process_tree_rss_mb,maxsat,staircase,yes,imp12+,0,0,"0,0,0,0,0,0,0,0,0,0,0,0,0,0,0,0,0,0,0,0,0,0,0,0,0,0,0,0,0,0,0,0,0,0,0,0,0,0,0,0,0,0,0,0,0,0,0,0,0,0,0,0,0,0,0,0,0,0,0,0,0,0,0,0,0,0,0,0,0,0,0,0,0,0,0,0,0,0","8,14,16,22,30,32,36,44,40,44,44,44,44,42,38,32,26,20,12,8,6,2","7,16,11,13,9,12,7,15,13,14,14,8,11,5,12,6,3,7,9,2,17,14,16,4,3,8,9,10,15,18,13,15,6,8,4,18,12,9,7,14,20,13,11,12,13,17,5,19,15,7,14,8,7,6,12,11,10,9,15,19,11,14,13,13,14,16,11,8,15,17,13,11,16,14,10,13,3,16,7,10,8,4,18,15,9,12,6,11,5,9,6,8,14,3,8,5,10,9,12,5,7,10,8,4,7,9,5,6,18,16,15,17,13,21,10,10,9,5,12,6,2,4,11,5,2,6,4,7,12,8,11,11,14,16,18,13,20,8,9,19,12,17,13,14,10,15,8,12,11,7,12,13,8,17,14,16,6,12,11,10,13,8,9,10,5,14,17,6,19,16,15,13,21,20,10,4,18,16,7,2,3,5,15,1,8,11,10,13,16,18,12,17,15,14,14,12,13,15,10,15,11,14,17,13,16,12,12,11,7,4,5,8,10,14,13,9,6,21,18,13,16,17,10,4,20,19,12,11,14,2,5,6,1,8,3,22,7,15,9,6,9,11,10,9,13,14,7,15,10,11,12,8,13,15,18,14,17,16,9,11,5,12,3,8,1,7,4,6,10,2,16,17,18,19,15,8,9,10,6,7,12,11,5,15,16,14,17,10,8,9,9,10,5,12,3,11,1,6,8,2,4,7",1:M184 M233 M265 M297 | 2:M20 M121 M125 M180 M230 M270 M300 | 3:M17 M25 M77 M94 M181 M235 M263 M295 | 4:M24 M35 M82 M104 M122 M127 M176 M210 M224 M267 M301 | 5:M14 M47 M89 M96 M100 M107 M118 M124 M165 M182 M211 M231 M261 M283 M293 | 6:M16 M33 M54 M87 M91 M108 M120 M126 M157 M168 M217 M232 M240 M268 M279 M298 | 7:M1 M7 M18 M39 M50 M53 M79 M101 M105 M128 M150 M179 M209 M237 M247 M266 M280 M302 | 8:M12 M26 M34 M52 M68 M81 M92 M95 M103 M130 M138 M147 M153 M162 M185 M212 M234 M252 M264 M276 M289 M299 | 9:M5 M19 M27 M38 M58 M85 M90 M98 M106 M117 M139 M163 M216 M239 M241 M244 M259 M277 M290 M291 | 10:M28 M57 M75 M80 M97 M102 M115 M116 M145 M160 M164 M175 M187 M199 M213 M223 M243 M249 M269 M278 M288 M292 | 11:M3 M13 M43 M56 M61 M67 M72 M88 M123 M131 M132 M149 M159 M186 M201 M208 M228 M242 M250 M260 M282 M296 | 12:M6 M15 M37 M44 M55 M86 M99 M119 M129 M141 M148 M151 M158 M191 M196 M206 M207 M227 M251 M262 M281 M294 | 13:M4 M9 M31 M42 M45 M63 M64 M71 M76 M113 M136 M143 M152 M161 M172 M188 M197 M204 M215 M220 M245 M253 | 14:M10 M11 M22 M40 M51 M62 M65 M74 M93 M133 M144 M155 M166 M194 M195 M202 M214 M229 M246 M256 M286 | 15:M8 M29 M32 M49 M59 M69 M84 M111 M146 M171 M183 M193 M198 M200 M238 M248 M254 M275 M284 | 16:M2 M23 M66 M73 M78 M110 M134 M156 M170 M178 M189 M205 M221 M258 M271 M285 | 17:M21 M46 M70 M112 M142 M154 M167 M192 M203 M222 M257 M272 M287 | 18:M30 M36 M83 M109 M135 M177 M190 M219 M255 M273 | 19:M48 M60 M140 M169 M226 M274 | 20:M41 M137 M174 M225 | 21:M114 M173 M218 | 22:M236,,"domain reduction: sessions, fixed meetings, forbidden slots | precedence graph: transitive closure, cycle detection, arc-consistent bounds | (20),(22)-(27) exactly once over reduced domains | (19) participant atMost-one per slot | (46),(47) clustered table capacity with full channeling | (28) staircase/support precedence over reduced domains | usedSlot channeling + exact per-idle-slot break cost | (43) exactly |Mp| reduced usedSlot variables | (44) atMost 2|L| busy participants per slot | (45) exact even number of busy participants | exact unary total-break-slot counts and gap objective | (40) optional hard fairness cap: gap <= 2",,,result,391617,20,391637
ticf-14crafa.prec25,UNSAT,UNSAT,1.863329,153654,384116,20,0,384136,195.973,peak_process_tree_rss_mb,maxsat,staircase,yes,imp12+,,,,,,,,"domain reduction: sessions, fixed meetings, forbidden slots | precedence graph: transitive closure, cycle detection, arc-consistent bounds | (20),(22)-(27) exactly once over reduced domains | (19) participant atMost-one per slot | (46),(47) clustered table capacity with full channeling | (28) staircase/support precedence over reduced domains | usedSlot channeling + exact per-idle-slot break cost | (43) exactly |Mp| reduced usedSlot variables | (44) atMost 2|L| busy participants per slot | (45) exact even number of busy participants | exact unary total-break-slot counts and gap objective | (40) optional hard fairness cap: gap <= 2",,,result,384116,20,384136
