instance,sat_result,status,total_runtime_s,input_parsing_s,constraint_building_s,solver_runtime_s,peak_memory_mb,memory_metric,n_vars,n_hard_clauses,n_soft_clauses,n_total_clauses,solver,solver_cost,fairness_gap,hard_fairness_limit,participant_gap_slots,assignment_by_meeting,schedule_by_slot,validation_status,error_type,error_message
forum-13.prec15,SAT,OPTIMAL,5.684781,0.000626,1.511722,1.923383,222.977,peak_process_tree_rss_mb,131823,368203,19,368222,RC2,0,0,,"0,0,0,0,0,0,0,0,0,0,0,0,0,0,0,0,0,0,0,0,0,0,0,0,0,0,0,0,0,0,0,0,0,0,0,0,0,0,0,0,0,0,0,0,0,0,0,0,0,0,0,0,0,0,0,0,0,0,0,0,0,0,0,0,0,0,0,0,0,0","M1:T5,M2:T4,M3:T8,M4:T11,M5:T10,M6:T7,M7:T9,M8:T3,M9:T6,M10:T14,M11:T4,M12:T7,M13:T5,M14:T8,M15:T6,M16:T1,M17:T2,M18:T3,M19:T2,M20:T7,M21:T5,M22:T3,M23:T6,M24:T4,M25:T7,M26:T6,M27:T7,M28:T11,M29:T10,M30:T13,M31:T9,M32:T8,M33:T12,M34:T6,M35:T9,M36:T11,M37:T12,M38:T7,M39:T10,M40:T8,M41:T12,M42:T13,M43:T14,M44:T16,M45:T15,M46:T6,M47:T8,M48:T3,M49:T6,M50:T11,M51:T9,M52:T10,M53:T7,M54:T4,M55:T12,M56:T8,M57:T5,M58:T11,M59:T12,M60:T13,M61:T10,M62:T5,M63:T11,M64:T13,M65:T10,M66:T12,M67:T9,M68:T9,M69:T4,M70:T10,M71:T6,M72:T13,M73:T8,M74:T11,M75:T12,M76:T7,M77:T5,M78:T9,M79:T5,M80:T12,M81:T11,M82:T13,M83:T10,M84:T3,M85:T7,M86:T8,M87:T6,M88:T4,M89:T3,M90:T5,M91:T8,M92:T4,M93:T6,M94:T10,M95:T11,M96:T9,M97:T2,M98:T7,M99:T12,M100:T13,M101:T9,M102:T10,M103:T11,M104:T8,M105:T7,M106:T3,M107:T8,M108:T2,M109:T9,M110:T4,M111:T1,M112:T6,M113:T5,M114:T5,M115:T10,M116:T9,M117:T11,M118:T3,M119:T4,M120:T6,M121:T7,M122:T6,M123:T11,M124:T13,M125:T14,M126:T9,M127:T12,M128:T5,M129:T4,M130:T7,M131:T10,M132:T3,M133:T8,M134:T4,M135:T3,M136:T10,M137:T5,M138:T9,M139:T8,M140:T15,M141:T6,M142:T12,M143:T7,M144:T14,M145:T13,M146:T11,M147:T2,M148:T16,M149:T12,M150:T8,M151:T10,M152:T13,M153:T11,M154:T9",1:M16 M111 | 2:M17 M19 M97 M108 M147 | 3:M8 M18 M22 M48 M84 M89 M106 M118 M132 M135 | 4:M2 M11 M24 M54 M69 M88 M92 M110 M119 M129 M134 | 5:M1 M13 M21 M57 M62 M77 M79 M90 M113 M114 M128 M137 | 6:M9 M15 M23 M26 M34 M46 M49 M71 M87 M93 M112 M120 M122 M141 | 7:M6 M12 M20 M25 M27 M38 M53 M76 M85 M98 M105 M121 M130 M143 | 8:M3 M14 M32 M40 M47 M56 M73 M86 M91 M104 M107 M133 M139 M150 | 9:M7 M31 M35 M51 M67 M68 M78 M96 M101 M109 M116 M126 M138 M154 | 10:M5 M29 M39 M52 M61 M65 M70 M83 M94 M102 M115 M131 M136 M151 | 11:M4 M28 M36 M50 M58 M63 M74 M81 M95 M103 M117 M123 M146 M153 | 12:M33 M37 M41 M55 M59 M66 M75 M80 M99 M127 M142 M149 | 13:M30 M42 M60 M64 M72 M82 M100 M124 M145 M152 | 14:M10 M43 M125 M144 | 15:M45 M140 | 16:M44 M148 | 17: | 18: | 19: | 20: | 21:,PASSED,,
forum-13.prec25,UNSAT,UNSAT,4.333415,0.015867,1.540789,0.4657,230.699,peak_process_tree_rss_mb,131823,376057,19,376076,RC2,,,,,,1: | 2: | 3: | 4: | 5: | 6: | 7: | 8: | 9: | 10: | 11: | 12: | 13: | 14: | 15: | 16: | 17: | 18: | 19: | 20: | 21:,NOT_RUN,,
forum-13crafb.prec15,UNSAT,UNSAT,4.667877,0.009727,1.819833,0.526115,223.027,peak_process_tree_rss_mb,138450,409255,20,409275,RC2,,,,,,1: | 2: | 3: | 4: | 5: | 6: | 7: | 8: | 9: | 10: | 11: | 12: | 13: | 14: | 15: | 16: | 17: | 18: | 19: | 20: | 21: | 22:,NOT_RUN,,
forum-13crafb.prec25,UNSAT,UNSAT,4.567064,0.002001,1.633246,0.537425,242.238,peak_process_tree_rss_mb,138450,419881,20,419901,RC2,,,,,,1: | 2: | 3: | 4: | 5: | 6: | 7: | 8: | 9: | 10: | 11: | 12: | 13: | 14: | 15: | 16: | 17: | 18: | 19: | 20: | 21: | 22:,NOT_RUN,,
forum-13crafc.prec15,SAT,OPTIMAL,20.124043,0.002002,1.513264,16.358972,243.16,peak_process_tree_rss_mb,131991,368581,19,368600,RC2,1,1,,"1,0,1,0,1,1,1,0,1,1,0,0,1,1,1,1,0,0,1,0,0,0,1,1,1,1,1,0,1,0,0,1,1,1,1,1,1,1,1,1,1,1,0,1,1,1,1,0,1,1,0,1,1,1,0,1,1,0,1,1,0,1,1,1,1,1,0,0,0,1","M1:T8,M2:T2,M3:T5,M4:T7,M5:T10,M6:T4,M7:T11,M8:T3,M9:T6,M10:T14,M11:T5,M12:T2,M13:T4,M14:T7,M15:T8,M16:T1,M17:T6,M18:T3,M19:T5,M20:T7,M21:T2,M22:T3,M23:T1,M24:T4,M25:T5,M26:T8,M27:T3,M28:T4,M29:T5,M30:T8,M31:T6,M32:T10,M33:T9,M34:T6,M35:T8,M36:T12,M37:T13,M38:T9,M39:T11,M40:T10,M41:T12,M42:T13,M43:T14,M44:T17,M45:T15,M46:T2,M47:T4,M48:T5,M49:T5,M50:T9,M51:T12,M52:T3,M53:T6,M54:T4,M55:T10,M56:T7,M57:T8,M58:T9,M59:T13,M60:T12,M61:T11,M62:T3,M63:T9,M64:T14,M65:T12,M66:T11,M67:T10,M68:T3,M69:T6,M70:T10,M71:T4,M72:T12,M73:T8,M74:T9,M75:T11,M76:T7,M77:T13,M78:T9,M79:T3,M80:T12,M81:T10,M82:T13,M83:T6,M84:T2,M85:T8,M86:T11,M87:T4,M88:T5,M89:T7,M90:T1,M91:T8,M92:T3,M93:T4,M94:T6,M95:T10,M96:T5,M97:T2,M98:T11,M99:T13,M100:T8,M101:T10,M102:T11,M103:T12,M104:T7,M105:T2,M106:T4,M107:T5,M108:T1,M109:T10,M110:T7,M111:T3,M112:T9,M113:T6,M114:T6,M115:T9,M116:T7,M117:T13,M118:T12,M119:T11,M120:T4,M121:T5,M122:T6,M123:T11,M124:T18,M125:T16,M126:T9,M127:T17,M128:T13,M129:T15,M130:T7,M131:T14,M132:T12,M133:T10,M134:T6,M135:T5,M136:T1,M137:T4,M138:T2,M139:T12,M140:T16,M141:T8,M142:T11,M143:T3,M144:T15,M145:T10,M146:T13,M147:T14,M148:T9,M149:T13,M150:T8,M151:T12,M152:T11,M153:T9,M154:T7",1:M16 M23 M90 M108 M136 | 2:M2 M12 M21 M46 M84 M97 M105 M138 | 3:M8 M18 M22 M27 M52 M62 M68 M79 M92 M111 M143 | 4:M6 M13 M24 M28 M47 M54 M71 M87 M93 M106 M120 M137 | 5:M3 M11 M19 M25 M29 M48 M49 M88 M96 M107 M121 M135 | 6:M9 M17 M31 M34 M53 M69 M83 M94 M113 M114 M122 M134 | 7:M4 M14 M20 M56 M76 M89 M104 M110 M116 M130 M154 | 8:M1 M15 M26 M30 M35 M57 M73 M85 M91 M100 M141 M150 | 9:M33 M38 M50 M58 M63 M74 M78 M112 M115 M126 M148 M153 | 10:M5 M32 M40 M55 M67 M70 M81 M95 M101 M109 M133 M145 | 11:M7 M39 M61 M66 M75 M86 M98 M102 M119 M123 M142 M152 | 12:M36 M41 M51 M60 M65 M72 M80 M103 M118 M132 M139 M151 | 13:M37 M42 M59 M77 M82 M99 M117 M128 M146 M149 | 14:M10 M43 M64 M131 M147 | 15:M45 M129 M144 | 16:M125 M140 | 17:M44 M127 | 18:M124 | 19: | 20: | 21:,PASSED,,
forum-13crafc.prec25,UNSAT,UNSAT,4.147645,0.001004,1.595859,0.442695,233.492,peak_process_tree_rss_mb,131991,376435,19,376454,RC2,,,,,,1: | 2: | 3: | 4: | 5: | 6: | 7: | 8: | 9: | 10: | 11: | 12: | 13: | 14: | 15: | 16: | 17: | 18: | 19: | 20: | 21:,NOT_RUN,,
forum-14.prec15,SAT,OPTIMAL,11.433354,0.0,2.042948,6.662949,286.508,peak_process_tree_rss_mb,162929,506655,20,506675,RC2,4,4,,"2,3,4,3,2,4,0,4,0,0,4,1,0,4,0,0,4,0,4,4,4,4,4,3,4,4,2,4,3,1,4,4,4,4,4,3,4,4,3,4,4,4,4,4,2,1,4,4,3,4,0,4,1,4,3,3,2,0,1,1,0,4,4,4,2,4,4,0,2,2,4,4,0,4,1,3,3,0","M1:T12,M2:T16,M3:T3,M4:T13,M5:T2,M6:T10,M7:T13,M8:T15,M9:T13,M10:T14,M11:T13,M12:T4,M13:T7,M14:T6,M15:T10,M16:T2,M17:T3,M18:T11,M19:T9,M20:T12,M21:T7,M22:T3,M23:T10,M24:T9,M25:T18,M26:T6,M27:T7,M28:T7,M29:T9,M30:T19,M31:T11,M32:T3,M33:T11,M34:T19,M35:T12,M36:T14,M37:T13,M38:T4,M39:T2,M40:T16,M41:T10,M42:T18,M43:T7,M44:T15,M45:T4,M46:T6,M47:T14,M48:T17,M49:T13,M50:T16,M51:T7,M52:T10,M53:T9,M54:T5,M55:T4,M56:T12,M57:T6,M58:T5,M59:T8,M60:T13,M61:T16,M62:T14,M63:T6,M64:T4,M65:T14,M66:T8,M67:T13,M68:T16,M69:T15,M70:T18,M71:T20,M72:T10,M73:T11,M74:T12,M75:T8,M76:T12,M77:T8,M78:T13,M79:T14,M80:T20,M81:T3,M82:T16,M83:T5,M84:T15,M85:T21,M86:T18,M87:T7,M88:T1,M89:T6,M90:T10,M91:T16,M92:T9,M93:T15,M94:T17,M95:T5,M96:T12,M97:T8,M98:T17,M99:T9,M100:T11,M101:T14,M102:T7,M103:T11,M104:T5,M105:T9,M106:T10,M107:T3,M108:T1,M109:T14,M110:T12,M111:T13,M112:T16,M113:T9,M114:T11,M115:T7,M116:T11,M117:T7,M118:T8,M119:T10,M120:T5,M121:T4,M122:T12,M123:T2,M124:T6,M125:T10,M126:T5,M127:T7,M128:T9,M129:T11,M130:T12,M131:T8,M132:T9,M133:T14,M134:T17,M135:T6,M136:T11,M137:T18,M138:T1,M139:T4,M140:T8,M141:T5,M142:T9,M143:T10,M144:T7,M145:T19,M146:T17,M147:T8,M148:T15,M149:T13,M150:T9,M151:T16,M152:T15,M153:T9,M154:T3,M155:T5,M156:T17,M157:T10,M158:T13,M159:T12,M160:T8,M161:T15,M162:T8,M163:T6,M164:T3,M165:T12,M166:T18,M167:T19,M168:T13,M169:T22,M170:T5,M171:T16,M172:T7,M173:T4,M174:T20,M175:T3,M176:T8,M177:T18,M178:T15,M179:T10,M180:T5,M181:T17,M182:T19,M183:T14,M184:T11,M185:T2,M186:T19,M187:T14,M188:T8,M189:T15,M190:T11,M191:T12,M192:T7,M193:T10,M194:T9,M195:T11,M196:T9,M197:T10,M198:T13,M199:T11,M200:T7,M201:T14,M202:T6,M203:T9,M204:T5,M205:T16,M206:T12,M207:T5,M208:T11,M209:T4,M210:T3,M211:T9,M212:T8,M213:T2,M214:T16,M215:T14,M216:T13,M217:T6,M218:T21,M219:T20,M220:T10,M221:T18,M222:T14,M223:T19,M224:T7,M225:T4,M226:T5,M227:T9,M228:T22,M229:T17,M230:T3,M231:T12,M232:T11,M233:T8,M234:T6,M235:T2,M236:T15,M237:T1,M238:T13,M239:T16,M240:T6,M241:T18,M242:T15,M243:T19,M244:T10,M245:T8,M246:T12,M247:T1,M248:T13,M249:T5,M250:T7,M251:T6,M252:T4,M253:T8,M254:T12,M255:T14,M256:T5,M257:T7,M258:T6,M259:T3,M260:T2,M261:T4,M262:T7,M263:T6,M264:T5,M265:T9,M266:T12,M267:T11,M268:T10,M269:T8,M270:T1,M271:T16,M272:T9,M273:T12,M274:T15,M275:T17,M276:T12,M277:T11,M278:T9,M279:T7,M280:T6,M281:T4,M282:T8,M283:T3,M284:T19,M285:T15,M286:T17,M287:T13,M288:T7,M289:T12,M290:T11,M291:T12,M292:T7,M293:T3,M294:T6,M295:T1,M296:T8,M297:T11,M298:T2,M299:T5,M300:T9,M301:T10,M302:T4",1:M88 M108 M138 M237 M247 M270 M295 | 2:M5 M16 M39 M123 M185 M213 M235 M260 M298 | 3:M3 M17 M22 M32 M81 M107 M154 M164 M175 M210 M230 M259 M283 M293 | 4:M12 M38 M45 M55 M64 M121 M139 M173 M209 M225 M252 M261 M281 M302 | 5:M54 M58 M83 M95 M104 M120 M126 M141 M155 M170 M180 M204 M207 M226 M249 M256 M264 M299 | 6:M14 M26 M46 M57 M63 M89 M124 M135 M163 M202 M217 M234 M240 M251 M258 M263 M280 M294 | 7:M13 M21 M27 M28 M43 M51 M87 M102 M115 M117 M127 M144 M172 M192 M200 M224 M250 M257 M262 M279 M288 M292 | 8:M59 M66 M75 M77 M97 M118 M131 M140 M147 M160 M162 M176 M188 M212 M233 M245 M253 M269 M282 M296 | 9:M19 M24 M29 M53 M92 M99 M105 M113 M128 M132 M142 M150 M153 M194 M196 M203 M211 M227 M265 M272 M278 M300 | 10:M6 M15 M23 M41 M52 M72 M90 M106 M119 M125 M143 M157 M179 M193 M197 M220 M244 M268 M301 | 11:M18 M31 M33 M73 M100 M103 M114 M116 M129 M136 M184 M190 M195 M199 M208 M232 M267 M277 M290 M297 | 12:M1 M20 M35 M56 M74 M76 M96 M110 M122 M130 M159 M165 M191 M206 M231 M246 M254 M266 M273 M276 M289 M291 | 13:M4 M7 M9 M11 M37 M49 M60 M67 M78 M111 M149 M158 M168 M198 M216 M238 M248 M287 | 14:M10 M36 M47 M62 M65 M79 M101 M109 M133 M183 M187 M201 M215 M222 M255 | 15:M8 M44 M69 M84 M93 M148 M152 M161 M178 M189 M236 M242 M274 M285 | 16:M2 M40 M50 M61 M68 M82 M91 M112 M151 M171 M205 M214 M239 M271 | 17:M48 M94 M98 M134 M146 M156 M181 M229 M275 M286 | 18:M25 M42 M70 M86 M137 M166 M177 M221 M241 | 19:M30 M34 M145 M167 M182 M186 M223 M243 M284 | 20:M71 M80 M174 M219 | 21:M85 M218 | 22:M169 M228,PASSED,,
forum-14.prec25,UNSAT,UNSAT,6.09976,0.0,2.194892,0.646969,280.492,peak_process_tree_rss_mb,162929,525124,20,525144,RC2,,,,,,1: | 2: | 3: | 4: | 5: | 6: | 7: | 8: | 9: | 10: | 11: | 12: | 13: | 14: | 15: | 16: | 17: | 18: | 19: | 20: | 21: | 22:,NOT_RUN,,
forumt-14.prec15,SAT,OPTIMAL,1.197263,0.012267,0.421511,0.224577,223.555,peak_process_tree_rss_mb,27787,95177,7,95184,RC2,2,2,,"0,0,1,1,2,0,0,2,1,0,2,0,2,0,0,0,2,2,0,0,0,1,0,0,0,0,2,2,0,2,2,2,0,2,2,0,0,0,0,0,0,0,0,0,2,0,2,2,1,2,0,0,1,0,2,1,2,1,2,0","M1:T4,M2:T10,M3:T8,M4:T7,M5:T9,M6:T2,M7:T1,M8:T6,M9:T4,M10:T5,M11:T4,M12:T6,M13:T8,M14:T2,M15:T9,M16:T1,M17:T5,M18:T7,M19:T2,M20:T8,M21:T4,M22:T9,M23:T3,M24:T2,M25:T10,M26:T9,M27:T7,M28:T6,M29:T3,M30:T5,M31:T5,M32:T1,M33:T10,M34:T7,M35:T3,M36:T2,M37:T1,M38:T9,M39:T9,M40:T8,M41:T6,M42:T8,M43:T1,M44:T10,M45:T3,M46:T4,M47:T7,M48:T2,M49:T8,M50:T1,M51:T9,M52:T6,M53:T3,M54:T3,M55:T1,M56:T8,M57:T5,M58:T2,M59:T6,M60:T9,M61:T10,M62:T10,M63:T8,M64:T2,M65:T3,M66:T9,M67:T5,M68:T6,M69:T4,M70:T1,M71:T6,M72:T5,M73:T10,M74:T9,M75:T7,M76:T3,M77:T2,M78:T5,M79:T9,M80:T6,M81:T10,M82:T1,M83:T8,M84:T3,M85:T4,M86:T7,M87:T7,M88:T8,M89:T3,M90:T5,M91:T4,M92:T10,M93:T8,M94:T3,M95:T2,M96:T5,M97:T10,M98:T7,M99:T3,M100:T2,M101:T1,M102:T7,M103:T4,M104:T9,M105:T5,M106:T6,M107:T10,M108:T9,M109:T4,M110:T10,M111:T6,M112:T8,M113:T7,M114:T6,M115:T8,M116:T10,M117:T7,M118:T1,M119:T2,M120:T4,M121:T5,M122:T4,M123:T3,M124:T7,M125:T4,M126:T5,M127:T6,M128:T9,M129:T3,M130:T8,M131:T7,M132:T3,M133:T4,M134:T8,M135:T3,M136:T7,M137:T2,M138:T10,M139:T5,M140:T6,M141:T1,M142:T10,M143:T5,M144:T2,M145:T9,M146:T4,M147:T4,M148:T2,M149:T7,M150:T10,M151:T8,M152:T1,M153:T5,M154:T3,M155:T4,M156:T7,M157:T2,M158:T10,M159:T6,M160:T9,M161:T3,M162:T2,M163:T5,M164:T8,M165:T7,M166:T1,M167:T4,M168:T10,M169:T9,M170:T2,M171:T1,M172:T8,M173:T6,M174:T5,M175:T7,M176:T6,M177:T8,M178:T4,M179:T1,M180:T6,M181:T7,M182:T3,M183:T6,M184:T2,M185:T8,M186:T10,M187:T4,M188:T9,M189:T7,M190:T5,M191:T3,M192:T10,M193:T5,M194:T5,M195:T6,M196:T10,M197:T9,M198:T8,M199:T3,M200:T7,M201:T4,M202:T6,M203:T7,M204:T1,M205:T10,M206:T9,M207:T2,M208:T5,M209:T3,M210:T4,M211:T1,M212:T6,M213:T5,M214:T8,M215:T7,M216:T6,M217:T9,M218:T2,M219:T4,M220:T6,M221:T3,M222:T4,M223:T2,M224:T10,M225:T9,M226:T8,M227:T5,M228:T1,M229:T7,M230:T1,M231:T4,M232:T6,M233:T9,M234:T5,M235:T3,M236:T1,M237:T4",1:M7 M16 M32 M37 M43 M50 M55 M70 M82 M101 M118 M141 M152 M166 M171 M179 M204 M211 M228 M230 M236 | 2:M6 M14 M19 M24 M36 M48 M58 M64 M77 M95 M100 M119 M137 M144 M148 M157 M162 M170 M184 M207 M218 M223 | 3:M23 M29 M35 M45 M53 M54 M65 M76 M84 M89 M94 M99 M123 M129 M132 M135 M154 M161 M182 M191 M199 M209 M221 M235 | 4:M1 M9 M11 M21 M46 M69 M85 M91 M103 M109 M120 M122 M125 M133 M146 M147 M155 M167 M178 M187 M201 M210 M219 M222 M231 M237 | 5:M10 M17 M30 M31 M57 M67 M72 M78 M90 M96 M105 M121 M126 M139 M143 M153 M163 M174 M190 M193 M194 M208 M213 M227 M234 | 6:M8 M12 M28 M41 M52 M59 M68 M71 M80 M106 M111 M114 M127 M140 M159 M173 M176 M180 M183 M195 M202 M212 M216 M220 M232 | 7:M4 M18 M27 M34 M47 M75 M86 M87 M98 M102 M113 M117 M124 M131 M136 M149 M156 M165 M175 M181 M189 M200 M203 M215 M229 | 8:M3 M13 M20 M40 M42 M49 M56 M63 M83 M88 M93 M112 M115 M130 M134 M151 M164 M172 M177 M185 M198 M214 M226 | 9:M5 M15 M22 M26 M38 M39 M51 M60 M66 M74 M79 M104 M108 M128 M145 M160 M169 M188 M197 M206 M217 M225 M233 | 10:M2 M25 M33 M44 M61 M62 M73 M81 M92 M97 M107 M110 M116 M138 M142 M150 M158 M168 M186 M192 M196 M205 M224,PASSED,,
forumt-14.prec25,SAT,OPTIMAL,1.236553,0.001076,0.388753,0.279554,135.516,peak_process_tree_rss_mb,27787,97872,7,97879,RC2,2,2,,"0,0,2,1,2,0,0,1,0,0,1,0,2,0,0,0,2,2,0,0,0,2,0,0,0,0,2,2,0,2,2,2,0,1,2,1,0,0,2,0,0,0,0,0,1,0,2,0,1,2,1,0,1,0,2,1,2,1,2,2","M1:T8,M2:T10,M3:T9,M4:T2,M5:T7,M6:T6,M7:T5,M8:T3,M9:T4,M10:T1,M11:T2,M12:T7,M13:T9,M14:T10,M15:T1,M16:T6,M17:T5,M18:T4,M19:T1,M20:T6,M21:T3,M22:T5,M23:T4,M24:T7,M25:T6,M26:T1,M27:T2,M28:T10,M29:T9,M30:T2,M31:T7,M32:T9,M33:T1,M34:T10,M35:T4,M36:T2,M37:T8,M38:T7,M39:T7,M40:T1,M41:T1,M42:T7,M43:T6,M44:T5,M45:T9,M46:T3,M47:T8,M48:T8,M49:T6,M50:T5,M51:T2,M52:T3,M53:T4,M54:T9,M55:T10,M56:T1,M57:T5,M58:T8,M59:T4,M60:T7,M61:T2,M62:T2,M63:T6,M64:T5,M65:T1,M66:T4,M67:T9,M68:T3,M69:T10,M70:T7,M71:T2,M72:T8,M73:T5,M74:T3,M75:T10,M76:T1,M77:T4,M78:T7,M79:T2,M80:T5,M81:T9,M82:T6,M83:T3,M84:T1,M85:T10,M86:T8,M87:T6,M88:T4,M89:T9,M90:T2,M91:T7,M92:T5,M93:T2,M94:T3,M95:T5,M96:T10,M97:T4,M98:T8,M99:T3,M100:T5,M101:T4,M102:T6,M103:T10,M104:T9,M105:T2,M106:T2,M107:T3,M108:T4,M109:T8,M110:T10,M111:T9,M112:T1,M113:T3,M114:T8,M115:T10,M116:T4,M117:T3,M118:T9,M119:T7,M120:T5,M121:T2,M122:T8,M123:T6,M124:T2,M125:T5,M126:T9,M127:T4,M128:T3,M129:T8,M130:T7,M131:T7,M132:T6,M133:T5,M134:T7,M135:T4,M136:T3,M137:T10,M138:T1,M139:T8,M140:T6,M141:T9,M142:T7,M143:T1,M144:T4,M145:T5,M146:T8,M147:T8,M148:T4,M149:T6,M150:T9,M151:T5,M152:T10,M153:T2,M154:T7,M155:T4,M156:T9,M157:T1,M158:T6,M159:T3,M160:T8,M161:T4,M162:T6,M163:T3,M164:T5,M165:T1,M166:T10,M167:T2,M168:T9,M169:T8,M170:T8,M171:T2,M172:T6,M173:T5,M174:T7,M175:T8,M176:T4,M177:T2,M178:T3,M179:T10,M180:T5,M181:T7,M182:T4,M183:T6,M184:T5,M185:T9,M186:T8,M187:T4,M188:T6,M189:T5,M190:T3,M191:T10,M192:T9,M193:T9,M194:T7,M195:T1,M196:T3,M197:T5,M198:T6,M199:T9,M200:T2,M201:T4,M202:T10,M203:T9,M204:T3,M205:T8,M206:T1,M207:T4,M208:T2,M209:T5,M210:T6,M211:T7,M212:T5,M213:T4,M214:T1,M215:T8,M216:T6,M217:T2,M218:T1,M219:T10,M220:T1,M221:T2,M222:T6,M223:T8,M224:T3,M225:T9,M226:T4,M227:T10,M228:T5,M229:T7,M230:T9,M231:T8,M232:T1,M233:T3,M234:T3,M235:T5,M236:T4,M237:T8",1:M10 M15 M19 M26 M33 M40 M41 M56 M65 M76 M84 M112 M138 M143 M157 M165 M195 M206 M214 M218 M220 M232 | 2:M4 M11 M27 M30 M36 M51 M61 M62 M71 M79 M90 M93 M105 M106 M121 M124 M153 M167 M171 M177 M200 M208 M217 M221 | 3:M8 M21 M46 M52 M68 M74 M83 M94 M99 M107 M113 M117 M128 M136 M159 M163 M178 M190 M196 M204 M224 M233 M234 | 4:M9 M18 M23 M35 M53 M59 M66 M77 M88 M97 M101 M108 M116 M127 M135 M144 M148 M155 M161 M176 M182 M187 M201 M207 M213 M226 M236 | 5:M7 M17 M22 M44 M50 M57 M64 M73 M80 M92 M95 M100 M120 M125 M133 M145 M151 M164 M173 M180 M184 M189 M197 M209 M212 M228 M235 | 6:M6 M16 M20 M25 M43 M49 M63 M82 M87 M102 M123 M132 M140 M149 M158 M162 M172 M183 M188 M198 M210 M216 M222 | 7:M5 M12 M24 M31 M38 M39 M42 M60 M70 M78 M91 M119 M130 M131 M134 M142 M154 M174 M181 M194 M211 M229 | 8:M1 M37 M47 M48 M58 M72 M86 M98 M109 M114 M122 M129 M139 M146 M147 M160 M169 M170 M175 M186 M205 M215 M223 M231 M237 | 9:M3 M13 M29 M32 M45 M54 M67 M81 M89 M104 M111 M118 M126 M141 M150 M156 M168 M185 M192 M193 M199 M203 M225 M230 | 10:M2 M14 M28 M34 M55 M69 M75 M85 M96 M103 M110 M115 M137 M152 M166 M179 M191 M202 M219 M227,PASSED,,
forumt-14crafc.prec15,SAT,OPTIMAL,1.148421,0.001998,0.382514,0.240652,133.398,peak_process_tree_rss_mb,28007,95637,7,95644,RC2,2,2,,"0,0,2,1,2,0,0,2,1,0,2,0,2,0,0,0,2,2,0,0,0,1,0,0,0,0,2,1,0,1,2,2,0,2,0,2,0,0,0,0,0,0,0,0,2,0,1,2,0,2,0,0,1,0,2,2,2,1,2,2","M1:T6,M2:T3,M3:T7,M4:T2,M5:T9,M6:T5,M7:T4,M8:T1,M9:T9,M10:T6,M11:T7,M12:T6,M13:T8,M14:T10,M15:T9,M16:T2,M17:T4,M18:T1,M19:T6,M20:T1,M21:T4,M22:T7,M23:T10,M24:T10,M25:T5,M26:T8,M27:T4,M28:T9,M29:T2,M30:T6,M31:T3,M32:T1,M33:T8,M34:T10,M35:T4,M36:T2,M37:T9,M38:T7,M39:T8,M40:T7,M41:T5,M42:T9,M43:T2,M44:T10,M45:T3,M46:T4,M47:T1,M48:T6,M49:T2,M50:T1,M51:T3,M52:T4,M53:T7,M54:T7,M55:T2,M56:T4,M57:T3,M58:T1,M59:T9,M60:T5,M61:T10,M62:T3,M63:T5,M64:T9,M65:T4,M66:T8,M67:T6,M68:T10,M69:T7,M70:T2,M71:T3,M72:T1,M73:T4,M74:T8,M75:T10,M76:T9,M77:T8,M78:T5,M79:T1,M80:T7,M81:T9,M82:T3,M83:T2,M84:T4,M85:T10,M86:T6,M87:T3,M88:T7,M89:T4,M90:T6,M91:T1,M92:T8,M93:T9,M94:T3,M95:T2,M96:T8,M97:T5,M98:T4,M99:T2,M100:T1,M101:T7,M102:T5,M103:T3,M104:T10,M105:T4,M106:T9,M107:T7,M108:T8,M109:T3,M110:T8,M111:T9,M112:T5,M113:T6,M114:T6,M115:T9,M116:T8,M117:T10,M118:T1,M119:T5,M120:T2,M121:T3,M122:T7,M123:T5,M124:T9,M125:T4,M126:T6,M127:T9,M128:T8,M129:T5,M130:T10,M131:T8,M132:T5,M133:T4,M134:T2,M135:T10,M136:T6,M137:T7,M138:T8,M139:T3,M140:T9,M141:T5,M142:T10,M143:T8,M144:T4,M145:T7,M146:T1,M147:T5,M148:T10,M149:T9,M150:T4,M151:T10,M152:T8,M153:T3,M154:T1,M155:T6,M156:T9,M157:T2,M158:T4,M159:T7,M160:T5,M161:T3,M162:T7,M163:T5,M164:T9,M165:T2,M166:T8,M167:T4,M168:T1,M169:T10,M170:T7,M171:T4,M172:T6,M173:T2,M174:T1,M175:T3,M176:T6,M177:T10,M178:T2,M179:T9,M180:T7,M181:T6,M182:T4,M183:T6,M184:T7,M185:T10,M186:T5,M187:T5,M188:T7,M189:T1,M190:T2,M191:T6,M192:T8,M193:T6,M194:T5,M195:T2,M196:T3,M197:T10,M198:T7,M199:T6,M200:T8,M201:T5,M202:T6,M203:T7,M204:T1,M205:T9,M206:T3,M207:T4,M208:T10,M209:T5,M210:T8,M211:T1,M212:T6,M213:T5,M214:T8,M215:T9,M216:T5,M217:T3,M218:T8,M219:T2,M220:T9,M221:T6,M222:T4,M223:T7,M224:T1,M225:T3,M226:T2,M227:T10,M228:T8,M229:T9,M230:T6,M231:T3,M232:T1,M233:T7,M234:T5,M235:T8,M236:T3,M237:T4",1:M8 M18 M20 M32 M47 M50 M58 M72 M79 M91 M100 M118 M146 M154 M168 M174 M189 M204 M211 M224 M232 | 2:M4 M16 M29 M36 M43 M49 M55 M70 M83 M95 M99 M120 M134 M157 M165 M173 M178 M190 M195 M219 M226 | 3:M2 M31 M45 M51 M57 M62 M71 M82 M87 M94 M103 M109 M121 M139 M153 M161 M175 M196 M206 M217 M225 M231 M236 | 4:M7 M17 M21 M27 M35 M46 M52 M56 M65 M73 M84 M89 M98 M105 M125 M133 M144 M150 M158 M167 M171 M182 M207 M222 M237 | 5:M6 M25 M41 M60 M63 M78 M97 M102 M112 M119 M123 M129 M132 M141 M147 M160 M163 M186 M187 M194 M201 M209 M213 M216 M234 | 6:M1 M10 M12 M19 M30 M48 M67 M86 M90 M113 M114 M126 M136 M155 M172 M176 M181 M183 M191 M193 M199 M202 M212 M221 M230 | 7:M3 M11 M22 M38 M40 M53 M54 M69 M80 M88 M101 M107 M122 M137 M145 M159 M162 M170 M180 M184 M188 M198 M203 M223 M233 | 8:M13 M26 M33 M39 M66 M74 M77 M92 M96 M108 M110 M116 M128 M131 M138 M143 M152 M166 M192 M200 M210 M214 M218 M228 M235 | 9:M5 M9 M15 M28 M37 M42 M59 M64 M76 M81 M93 M106 M111 M115 M124 M127 M140 M149 M156 M164 M179 M205 M215 M220 M229 | 10:M14 M23 M24 M34 M44 M61 M68 M75 M85 M104 M117 M130 M135 M142 M148 M151 M169 M177 M185 M197 M208 M227,PASSED,,
forumt-14crafc.prec25,SAT,OPTIMAL,1.348725,0.0,0.411042,0.425923,132.398,peak_process_tree_rss_mb,28007,98332,7,98339,RC2,2,2,,"0,0,1,1,2,0,0,2,0,0,2,0,2,0,0,0,2,2,0,0,0,2,0,0,0,0,2,2,0,1,2,2,0,2,2,2,0,0,0,0,0,0,0,0,2,0,1,2,1,2,1,0,2,0,2,2,2,1,2,2","M1:T10,M2:T8,M3:T6,M4:T9,M5:T2,M6:T7,M7:T4,M8:T5,M9:T6,M10:T1,M11:T6,M12:T7,M13:T8,M14:T9,M15:T5,M16:T4,M17:T10,M18:T1,M19:T2,M20:T7,M21:T5,M22:T6,M23:T2,M24:T7,M25:T4,M26:T1,M27:T3,M28:T9,M29:T4,M30:T3,M31:T8,M32:T9,M33:T1,M34:T7,M35:T9,M36:T2,M37:T4,M38:T1,M39:T7,M40:T1,M41:T2,M42:T9,M43:T7,M44:T4,M45:T3,M46:T8,M47:T10,M48:T9,M49:T4,M50:T8,M51:T10,M52:T5,M53:T2,M54:T5,M55:T7,M56:T1,M57:T8,M58:T10,M59:T6,M60:T4,M61:T2,M62:T2,M63:T4,M64:T5,M65:T1,M66:T3,M67:T6,M68:T7,M69:T8,M70:T9,M71:T9,M72:T5,M73:T10,M74:T3,M75:T1,M76:T2,M77:T5,M78:T3,M79:T8,M80:T6,M81:T7,M82:T2,M83:T9,M84:T4,M85:T1,M86:T10,M87:T3,M88:T2,M89:T8,M90:T5,M91:T9,M92:T7,M93:T7,M94:T9,M95:T3,M96:T6,M97:T1,M98:T8,M99:T3,M100:T5,M101:T10,M102:T4,M103:T7,M104:T6,M105:T8,M106:T4,M107:T2,M108:T6,M109:T9,M110:T8,M111:T6,M112:T10,M113:T1,M114:T2,M115:T7,M116:T5,M117:T3,M118:T10,M119:T8,M120:T6,M121:T4,M122:T5,M123:T1,M124:T2,M125:T5,M126:T6,M127:T4,M128:T2,M129:T10,M130:T7,M131:T3,M132:T8,M133:T4,M134:T6,M135:T3,M136:T9,M137:T1,M138:T7,M139:T10,M140:T5,M141:T2,M142:T8,M143:T1,M144:T5,M145:T10,M146:T7,M147:T3,M148:T2,M149:T6,M150:T5,M151:T7,M152:T1,M153:T2,M154:T9,M155:T4,M156:T3,M157:T5,M158:T10,M159:T6,M160:T8,M161:T10,M162:T2,M163:T4,M164:T5,M165:T8,M166:T9,M167:T3,M168:T6,M169:T1,M170:T6,M171:T3,M172:T10,M173:T8,M174:T1,M175:T8,M176:T6,M177:T5,M178:T3,M179:T9,M180:T6,M181:T4,M182:T7,M183:T2,M184:T4,M185:T6,M186:T10,M187:T8,M188:T9,M189:T5,M190:T7,M191:T6,M192:T2,M193:T8,M194:T6,M195:T10,M196:T3,M197:T1,M198:T4,M199:T8,M200:T5,M201:T7,M202:T8,M203:T10,M204:T5,M205:T4,M206:T1,M207:T2,M208:T7,M209:T9,M210:T3,M211:T5,M212:T4,M213:T7,M214:T1,M215:T9,M216:T6,M217:T9,M218:T3,M219:T10,M220:T8,M221:T10,M222:T3,M223:T7,M224:T2,M225:T1,M226:T6,M227:T9,M228:T4,M229:T5,M230:T9,M231:T3,M232:T4,M233:T2,M234:T8,M235:T3,M236:T4,M237:T5",1:M10 M18 M26 M33 M38 M40 M56 M65 M75 M85 M97 M113 M123 M137 M143 M152 M169 M174 M197 M206 M214 M225 | 2:M5 M19 M23 M36 M41 M53 M61 M62 M76 M82 M88 M107 M114 M124 M128 M141 M148 M153 M162 M183 M192 M207 M224 M233 | 3:M27 M30 M45 M66 M74 M78 M87 M95 M99 M117 M131 M135 M147 M156 M167 M171 M178 M196 M210 M218 M222 M231 M235 | 4:M7 M16 M25 M29 M37 M44 M49 M60 M63 M84 M102 M106 M121 M127 M133 M155 M163 M181 M184 M198 M205 M212 M228 M232 M236 | 5:M8 M15 M21 M52 M54 M64 M72 M77 M90 M100 M116 M122 M125 M140 M144 M150 M157 M164 M177 M189 M200 M204 M211 M229 M237 | 6:M3 M9 M11 M22 M59 M67 M80 M96 M104 M108 M111 M120 M126 M134 M149 M159 M168 M170 M176 M180 M185 M191 M194 M216 M226 | 7:M6 M12 M20 M24 M34 M39 M43 M55 M68 M81 M92 M93 M103 M115 M130 M138 M146 M151 M182 M190 M201 M208 M213 M223 | 8:M2 M13 M31 M46 M50 M57 M69 M79 M89 M98 M105 M110 M119 M132 M142 M160 M165 M173 M175 M187 M193 M199 M202 M220 M234 | 9:M4 M14 M28 M32 M35 M42 M48 M70 M71 M83 M91 M94 M109 M136 M154 M166 M179 M188 M209 M215 M217 M227 M230 | 10:M1 M17 M47 M51 M58 M73 M86 M101 M112 M118 M129 M139 M145 M158 M161 M172 M186 M195 M203 M219 M221,PASSED,,
forumt-14crafd.prec15,SAT,OPTIMAL,1.297367,0.001071,0.37086,0.421439,132.117,peak_process_tree_rss_mb,27815,95209,8,95217,RC2,2,2,,"0,0,1,0,2,0,1,2,0,0,2,0,2,2,0,0,2,2,0,0,0,2,0,0,0,0,2,0,0,2,0,2,0,2,0,1,0,0,2,0,0,0,0,0,1,0,1,2,0,2,2,0,0,0,2,2,2,0,1,2","M1:T9,M2:T5,M3:T2,M4:T4,M5:T7,M6:T8,M7:T1,M8:T6,M9:T8,M10:T6,M11:T9,M12:T5,M13:T8,M14:T3,M15:T1,M16:T7,M17:T9,M18:T4,M19:T5,M20:T2,M21:T10,M22:T7,M23:T6,M24:T8,M25:T6,M26:T5,M27:T2,M28:T4,M29:T8,M30:T1,M31:T3,M32:T4,M33:T9,M34:T3,M35:T7,M36:T1,M37:T9,M38:T10,M39:T8,M40:T10,M41:T5,M42:T1,M43:T3,M44:T9,M45:T8,M46:T2,M47:T10,M48:T8,M49:T5,M50:T1,M51:T9,M52:T3,M53:T7,M54:T6,M55:T10,M56:T1,M57:T9,M58:T2,M59:T7,M60:T4,M61:T6,M62:T10,M63:T5,M64:T9,M65:T4,M66:T1,M67:T8,M68:T3,M69:T2,M70:T10,M71:T6,M72:T7,M73:T7,M74:T10,M75:T4,M76:T6,M77:T2,M78:T8,M79:T10,M80:T6,M81:T5,M82:T2,M83:T3,M84:T1,M85:T7,M86:T4,M87:T9,M88:T4,M89:T8,M90:T1,M91:T6,M92:T9,M93:T10,M94:T3,M95:T2,M96:T1,M97:T3,M98:T5,M99:T10,M100:T8,M101:T9,M102:T1,M103:T8,M104:T5,M105:T4,M106:T3,M107:T7,M108:T9,M109:T4,M110:T6,M111:T3,M112:T5,M113:T2,M114:T4,M115:T1,M116:T6,M117:T8,M118:T10,M119:T7,M120:T7,M121:T6,M122:T5,M123:T8,M124:T7,M125:T2,M126:T10,M127:T5,M128:T3,M129:T9,M130:T6,M131:T6,M132:T4,M133:T9,M134:T5,M135:T7,M136:T1,M137:T2,M138:T9,M139:T10,M140:T3,M141:T6,M142:T4,M143:T10,M144:T3,M145:T7,M146:T8,M147:T1,M148:T5,M149:T2,M150:T5,M151:T8,M152:T6,M153:T3,M154:T2,M155:T5,M156:T4,M157:T10,M158:T9,M159:T7,M160:T1,M161:T5,M162:T2,M163:T10,M164:T8,M165:T1,M166:T6,M167:T7,M168:T7,M169:T3,M170:T9,M171:T1,M172:T6,M173:T2,M174:T1,M175:T5,M176:T10,M177:T8,M178:T9,M179:T2,M180:T7,M181:T4,M182:T3,M183:T9,M184:T3,M185:T5,M186:T4,M187:T6,M188:T9,M189:T10,M190:T8,M191:T4,M192:T3,M193:T8,M194:T5,M195:T2,M196:T4,M197:T7,M198:T3,M199:T6,M200:T10,M201:T2,M202:T3,M203:T5,M204:T4,M205:T1,M206:T7,M207:T8,M208:T6,M209:T2,M210:T10,M211:T10,M212:T9,M213:T8,M214:T4,M215:T2,M216:T8,M217:T6,M218:T1,M219:T3,M220:T5,M221:T7,M222:T2,M223:T4,M224:T10,M225:T9,M226:T1,M227:T5,M228:T10,M229:T6,M230:T4,M231:T2,M232:T8,M233:T5,M234:T4,M235:T9,M236:T3",1:M7 M15 M30 M36 M42 M50 M56 M66 M84 M90 M96 M102 M115 M136 M147 M160 M165 M171 M174 M205 M218 M226 | 2:M3 M20 M27 M46 M58 M69 M77 M82 M95 M113 M125 M137 M149 M154 M162 M173 M179 M195 M201 M209 M215 M222 M231 | 3:M14 M31 M34 M43 M52 M68 M83 M94 M97 M106 M111 M128 M140 M144 M153 M169 M182 M184 M192 M198 M202 M219 M236 | 4:M4 M18 M28 M32 M60 M65 M75 M86 M88 M105 M109 M114 M132 M142 M156 M181 M186 M191 M196 M204 M214 M223 M230 M234 | 5:M2 M12 M19 M26 M41 M49 M63 M81 M98 M104 M112 M122 M127 M134 M148 M150 M155 M161 M175 M185 M194 M203 M220 M227 M233 | 6:M8 M10 M23 M25 M54 M61 M71 M76 M80 M91 M110 M116 M121 M130 M131 M141 M152 M166 M172 M187 M199 M208 M217 M229 | 7:M5 M16 M22 M35 M53 M59 M72 M73 M85 M107 M119 M120 M124 M135 M145 M159 M167 M168 M180 M197 M206 M221 | 8:M6 M9 M13 M24 M29 M39 M45 M48 M67 M78 M89 M100 M103 M117 M123 M146 M151 M164 M177 M190 M193 M207 M213 M216 M232 | 9:M1 M11 M17 M33 M37 M44 M51 M57 M64 M87 M92 M101 M108 M129 M133 M138 M158 M170 M178 M183 M188 M212 M225 M235 | 10:M21 M38 M40 M47 M55 M62 M70 M74 M79 M93 M99 M118 M126 M139 M143 M157 M163 M176 M189 M200 M210 M211 M224 M228,PASSED,,
forumt-14crafd.prec25,SAT,OPTIMAL,2.000882,0.002001,0.426888,0.976004,131.934,peak_process_tree_rss_mb,27815,98234,8,98242,RC2,2,2,,"0,0,1,0,2,0,1,0,1,0,0,0,2,2,0,0,2,2,0,0,0,1,0,0,0,0,2,0,0,0,0,1,0,2,0,1,0,0,2,0,0,0,0,0,2,0,2,2,0,2,0,0,1,0,1,0,2,0,1,2","M1:T10,M2:T8,M3:T2,M4:T6,M5:T3,M6:T4,M7:T1,M8:T7,M9:T10,M10:T3,M11:T1,M12:T6,M13:T7,M14:T2,M15:T8,M16:T5,M17:T4,M18:T3,M19:T6,M20:T9,M21:T1,M22:T8,M23:T7,M24:T7,M25:T9,M26:T4,M27:T2,M28:T7,M29:T3,M30:T1,M31:T2,M32:T10,M33:T5,M34:T3,M35:T8,M36:T8,M37:T9,M38:T4,M39:T10,M40:T5,M41:T7,M42:T9,M43:T1,M44:T2,M45:T5,M46:T8,M47:T4,M48:T6,M49:T7,M50:T4,M51:T9,M52:T2,M53:T8,M54:T5,M55:T10,M56:T9,M57:T2,M58:T8,M59:T3,M60:T7,M61:T1,M62:T4,M63:T3,M64:T2,M65:T8,M66:T7,M67:T10,M68:T5,M69:T4,M70:T9,M71:T1,M72:T6,M73:T8,M74:T10,M75:T2,M76:T1,M77:T4,M78:T7,M79:T1,M80:T10,M81:T5,M82:T6,M83:T9,M84:T8,M85:T4,M86:T2,M87:T3,M88:T6,M89:T10,M90:T3,M91:T9,M92:T5,M93:T4,M94:T1,M95:T8,M96:T10,M97:T6,M98:T5,M99:T9,M100:T8,M101:T9,M102:T8,M103:T7,M104:T5,M105:T6,M106:T1,M107:T3,M108:T4,M109:T1,M110:T2,M111:T5,M112:T7,M113:T9,M114:T5,M115:T4,M116:T3,M117:T1,M118:T2,M119:T8,M120:T10,M121:T3,M122:T4,M123:T7,M124:T10,M125:T6,M126:T4,M127:T9,M128:T5,M129:T8,M130:T2,M131:T6,M132:T8,M133:T7,M134:T1,M135:T4,M136:T9,M137:T2,M138:T8,M139:T5,M140:T6,M141:T10,M142:T3,M143:T1,M144:T5,M145:T10,M146:T7,M147:T3,M148:T8,M149:T2,M150:T7,M151:T6,M152:T4,M153:T3,M154:T7,M155:T1,M156:T8,M157:T10,M158:T9,M159:T2,M160:T5,M161:T8,M162:T10,M163:T1,M164:T6,M165:T3,M166:T9,M167:T5,M168:T4,M169:T5,M170:T9,M171:T7,M172:T3,M173:T1,M174:T7,M175:T9,M176:T6,M177:T4,M178:T5,M179:T2,M180:T10,M181:T4,M182:T2,M183:T5,M184:T6,M185:T9,M186:T3,M187:T4,M188:T10,M189:T7,M190:T8,M191:T6,M192:T3,M193:T6,M194:T10,M195:T1,M196:T9,M197:T2,M198:T6,M199:T3,M200:T7,M201:T3,M202:T9,M203:T5,M204:T7,M205:T10,M206:T4,M207:T1,M208:T6,M209:T3,M210:T2,M211:T5,M212:T4,M213:T6,M214:T7,M215:T6,M216:T2,M217:T7,M218:T6,M219:T9,M220:T8,M221:T5,M222:T3,M223:T1,M224:T4,M225:T10,M226:T10,M227:T3,M228:T9,M229:T1,M230:T4,M231:T7,M232:T6,M233:T1,M234:T2,M235:T3,M236:T5",1:M7 M11 M21 M30 M43 M61 M71 M76 M79 M94 M106 M109 M117 M134 M143 M155 M163 M173 M195 M207 M223 M229 M233 | 2:M3 M14 M27 M31 M44 M52 M57 M64 M75 M86 M110 M118 M130 M137 M149 M159 M179 M182 M197 M210 M216 M234 | 3:M5 M10 M18 M29 M34 M59 M63 M87 M90 M107 M116 M121 M142 M147 M153 M165 M172 M186 M192 M199 M201 M209 M222 M227 M235 | 4:M6 M17 M26 M38 M47 M50 M62 M69 M77 M85 M93 M108 M115 M122 M126 M135 M152 M168 M177 M181 M187 M206 M212 M224 M230 | 5:M16 M33 M40 M45 M54 M68 M81 M92 M98 M104 M111 M114 M128 M139 M144 M160 M167 M169 M178 M183 M203 M211 M221 M236 | 6:M4 M12 M19 M48 M72 M82 M88 M97 M105 M125 M131 M140 M151 M164 M176 M184 M191 M193 M198 M208 M213 M215 M218 M232 | 7:M8 M13 M23 M24 M28 M41 M49 M60 M66 M78 M103 M112 M123 M133 M146 M150 M154 M171 M174 M189 M200 M204 M214 M217 M231 | 8:M2 M15 M22 M35 M36 M46 M53 M58 M65 M73 M84 M95 M100 M102 M119 M129 M132 M138 M148 M156 M161 M190 M220 | 9:M20 M25 M37 M42 M51 M56 M70 M83 M91 M99 M101 M113 M127 M136 M158 M166 M170 M175 M185 M196 M202 M219 M228 | 10:M1 M9 M32 M39 M55 M67 M74 M80 M89 M96 M120 M124 M141 M145 M157 M162 M180 M188 M194 M205 M225 M226,PASSED,,
forumt-14crafe.prec15,SAT,OPTIMAL,1.941455,0.003838,0.35071,0.987908,131.66,peak_process_tree_rss_mb,27895,95379,8,95387,RC2,2,2,,"0,0,1,0,0,0,2,2,2,0,1,0,2,2,0,0,2,2,0,0,0,2,0,0,0,0,1,0,0,2,0,1,0,1,0,2,0,0,0,0,0,0,0,0,2,0,2,2,0,1,2,0,1,0,2,2,2,0,1,2","M1:T8,M2:T1,M3:T7,M4:T4,M5:T3,M6:T10,M7:T5,M8:T2,M9:T1,M10:T10,M11:T5,M12:T5,M13:T8,M14:T9,M15:T10,M16:T1,M17:T2,M18:T4,M19:T5,M20:T3,M21:T7,M22:T10,M23:T6,M24:T4,M25:T1,M26:T8,M27:T7,M28:T2,M29:T7,M30:T9,M31:T3,M32:T9,M33:T8,M34:T4,M35:T1,M36:T9,M37:T3,M38:T10,M39:T8,M40:T6,M41:T9,M42:T7,M43:T8,M44:T5,M45:T4,M46:T6,M47:T2,M48:T9,M49:T2,M50:T1,M51:T6,M52:T4,M53:T3,M54:T7,M55:T10,M56:T3,M57:T6,M58:T8,M59:T1,M60:T5,M61:T10,M62:T4,M63:T9,M64:T8,M65:T7,M66:T4,M67:T2,M68:T1,M69:T10,M70:T3,M71:T6,M72:T5,M73:T8,M74:T3,M75:T4,M76:T2,M77:T10,M78:T7,M79:T4,M80:T6,M81:T5,M82:T2,M83:T9,M84:T8,M85:T10,M86:T1,M87:T3,M88:T3,M89:T7,M90:T6,M91:T2,M92:T8,M93:T9,M94:T4,M95:T1,M96:T3,M97:T5,M98:T9,M99:T7,M100:T4,M101:T5,M102:T4,M103:T8,M104:T9,M105:T6,M106:T1,M107:T1,M108:T5,M109:T7,M110:T2,M111:T6,M112:T5,M113:T6,M114:T9,M115:T2,M116:T10,M117:T7,M118:T1,M119:T8,M120:T9,M121:T6,M122:T2,M123:T10,M124:T2,M125:T9,M126:T6,M127:T1,M128:T8,M129:T3,M130:T5,M131:T10,M132:T2,M133:T8,M134:T1,M135:T5,M136:T3,M137:T4,M138:T2,M139:T6,M140:T7,M141:T10,M142:T8,M143:T6,M144:T10,M145:T3,M146:T9,M147:T7,M148:T4,M149:T1,M150:T9,M151:T9,M152:T2,M153:T4,M154:T7,M155:T3,M156:T1,M157:T5,M158:T10,M159:T6,M160:T8,M161:T3,M162:T7,M163:T6,M164:T1,M165:T5,M166:T10,M167:T9,M168:T8,M169:T10,M170:T6,M171:T9,M172:T2,M173:T3,M174:T8,M175:T9,M176:T5,M177:T4,M178:T7,M179:T2,M180:T10,M181:T6,M182:T7,M183:T2,M184:T6,M185:T3,M186:T1,M187:T5,M188:T4,M189:T6,M190:T2,M191:T8,M192:T3,M193:T7,M194:T9,M195:T5,M196:T6,M197:T2,M198:T3,M199:T1,M200:T4,M201:T3,M202:T7,M203:T9,M204:T8,M205:T3,M206:T6,M207:T5,M208:T1,M209:T4,M210:T10,M211:T5,M212:T9,M213:T7,M214:T4,M215:T7,M216:T6,M217:T8,M218:T4,M219:T1,M220:T5,M221:T2,M222:T3,M223:T7,M224:T9,M225:T10,M226:T3,M227:T10,M228:T7,M229:T5,M230:T8,M231:T1,M232:T4,M233:T8,M234:T5,M235:T2,M236:T4",1:M2 M9 M16 M25 M35 M50 M59 M68 M86 M95 M106 M107 M118 M127 M134 M149 M156 M164 M186 M199 M208 M219 M231 | 2:M8 M17 M28 M47 M49 M67 M76 M82 M91 M110 M115 M122 M124 M132 M138 M152 M172 M179 M183 M190 M197 M221 M235 | 3:M5 M20 M31 M37 M53 M56 M70 M74 M87 M88 M96 M129 M136 M145 M155 M161 M173 M185 M192 M198 M201 M205 M222 M226 | 4:M4 M18 M24 M34 M45 M52 M62 M66 M75 M79 M94 M100 M102 M137 M148 M153 M177 M188 M200 M209 M214 M218 M232 M236 | 5:M7 M11 M12 M19 M44 M60 M72 M81 M97 M101 M108 M112 M130 M135 M157 M165 M176 M187 M195 M207 M211 M220 M229 M234 | 6:M23 M40 M46 M51 M57 M71 M80 M90 M105 M111 M113 M121 M126 M139 M143 M159 M163 M170 M181 M184 M189 M196 M206 M216 | 7:M3 M21 M27 M29 M42 M54 M65 M78 M89 M99 M109 M117 M140 M147 M154 M162 M178 M182 M193 M202 M213 M215 M223 M228 | 8:M1 M13 M26 M33 M39 M43 M58 M64 M73 M84 M92 M103 M119 M128 M133 M142 M160 M168 M174 M191 M204 M217 M230 M233 | 9:M14 M30 M32 M36 M41 M48 M63 M83 M93 M98 M104 M114 M120 M125 M146 M150 M151 M167 M171 M175 M194 M203 M212 M224 | 10:M6 M10 M15 M22 M38 M55 M61 M69 M77 M85 M116 M123 M131 M141 M144 M158 M166 M169 M180 M210 M225 M227,PASSED,,
forumt-14crafe.prec25,SAT,OPTIMAL,1.967993,0.002,0.433802,0.941601,132.043,peak_process_tree_rss_mb,27895,98404,8,98412,RC2,2,2,,"0,0,1,0,2,0,2,2,2,0,0,0,2,2,0,0,2,2,0,0,0,2,0,0,0,0,2,0,0,1,0,0,0,1,0,2,0,0,2,0,0,0,0,0,2,0,2,2,0,1,2,0,1,0,2,0,2,0,1,2","M1:T5,M2:T2,M3:T3,M4:T9,M5:T7,M6:T4,M7:T1,M8:T8,M9:T10,M10:T1,M11:T3,M12:T4,M13:T6,M14:T1,M15:T9,M16:T5,M17:T4,M18:T8,M19:T3,M20:T10,M21:T2,M22:T1,M23:T5,M24:T9,M25:T7,M26:T5,M27:T8,M28:T9,M29:T7,M30:T10,M31:T3,M32:T9,M33:T4,M34:T7,M35:T10,M36:T9,M37:T10,M38:T3,M39:T7,M40:T4,M41:T10,M42:T8,M43:T3,M44:T2,M45:T7,M46:T4,M47:T5,M48:T6,M49:T9,M50:T1,M51:T5,M52:T2,M53:T4,M54:T8,M55:T10,M56:T8,M57:T6,M58:T1,M59:T3,M60:T7,M61:T2,M62:T5,M63:T6,M64:T8,M65:T2,M66:T5,M67:T9,M68:T4,M69:T10,M70:T3,M71:T1,M72:T7,M73:T8,M74:T10,M75:T6,M76:T1,M77:T2,M78:T6,M79:T5,M80:T7,M81:T2,M82:T9,M83:T10,M84:T8,M85:T1,M86:T4,M87:T3,M88:T9,M89:T10,M90:T1,M91:T6,M92:T2,M93:T3,M94:T4,M95:T5,M96:T8,M97:T7,M98:T2,M99:T6,M100:T3,M101:T9,M102:T7,M103:T4,M104:T1,M105:T6,M106:T2,M107:T6,M108:T5,M109:T2,M110:T1,M111:T3,M112:T9,M113:T5,M114:T6,M115:T4,M116:T8,M117:T7,M118:T3,M119:T1,M120:T7,M121:T9,M122:T5,M123:T5,M124:T8,M125:T6,M126:T4,M127:T10,M128:T2,M129:T9,M130:T1,M131:T6,M132:T8,M133:T9,M134:T2,M135:T9,M136:T8,M137:T4,M138:T5,M139:T6,M140:T10,M141:T1,M142:T3,M143:T8,M144:T2,M145:T10,M146:T7,M147:T3,M148:T4,M149:T1,M150:T9,M151:T7,M152:T1,M153:T3,M154:T4,M155:T2,M156:T9,M157:T6,M158:T10,M159:T5,M160:T8,M161:T10,M162:T7,M163:T1,M164:T6,M165:T3,M166:T5,M167:T8,M168:T4,M169:T6,M170:T2,M171:T8,M172:T1,M173:T5,M174:T8,M175:T6,M176:T2,M177:T3,M178:T5,M179:T7,M180:T10,M181:T8,M182:T7,M183:T5,M184:T10,M185:T9,M186:T4,M187:T7,M188:T10,M189:T6,M190:T8,M191:T9,M192:T4,M193:T2,M194:T9,M195:T7,M196:T6,M197:T1,M198:T2,M199:T3,M200:T10,M201:T3,M202:T10,M203:T4,M204:T9,M205:T3,M206:T2,M207:T7,M208:T8,M209:T1,M210:T6,M211:T1,M212:T6,M213:T4,M214:T7,M215:T6,M216:T4,M217:T6,M218:T9,M219:T5,M220:T7,M221:T8,M222:T3,M223:T1,M224:T2,M225:T10,M226:T3,M227:T9,M228:T10,M229:T2,M230:T4,M231:T5,M232:T7,M233:T4,M234:T5,M235:T1,M236:T8",1:M7 M10 M14 M22 M50 M58 M71 M76 M85 M90 M104 M110 M119 M130 M141 M149 M152 M163 M172 M197 M209 M211 M223 M235 | 2:M2 M21 M44 M52 M61 M65 M77 M81 M92 M98 M106 M109 M128 M134 M144 M155 M170 M176 M193 M198 M206 M224 M229 | 3:M3 M11 M19 M31 M38 M43 M59 M70 M87 M93 M100 M111 M118 M142 M147 M153 M165 M177 M199 M201 M205 M222 M226 | 4:M6 M12 M17 M33 M40 M46 M53 M68 M86 M94 M103 M115 M126 M137 M148 M154 M168 M186 M192 M203 M213 M216 M230 M233 | 5:M1 M16 M23 M26 M47 M51 M62 M66 M79 M95 M108 M113 M122 M123 M138 M159 M166 M173 M178 M183 M219 M231 M234 | 6:M13 M48 M57 M63 M75 M78 M91 M99 M105 M107 M114 M125 M131 M139 M157 M164 M169 M175 M189 M196 M210 M212 M215 M217 | 7:M5 M25 M29 M34 M39 M45 M60 M72 M80 M97 M102 M117 M120 M146 M151 M162 M179 M182 M187 M195 M207 M214 M220 M232 | 8:M8 M18 M27 M42 M54 M56 M64 M73 M84 M96 M116 M124 M132 M136 M143 M160 M167 M171 M174 M181 M190 M208 M221 M236 | 9:M4 M15 M24 M28 M32 M36 M49 M67 M82 M88 M101 M112 M121 M129 M133 M135 M150 M156 M185 M191 M194 M204 M218 M227 | 10:M9 M20 M30 M35 M37 M41 M55 M69 M74 M83 M89 M127 M140 M145 M158 M161 M180 M184 M188 M200 M202 M225 M228,PASSED,,
tic-12.prec15,SAT,OPTIMAL,0.248266,0.001001,0.09476,0.051029,120.762,peak_process_tree_rss_mb,5856,22515,6,22521,RC2,0,0,,"0,0,0,0,0,0,0,0,0,0,0,0,0,0,0,0,0,0,0,0,0,0,0,0,0,0,0,0,0,0,0,0,0,0,0,0,0,0,0,0,0,0","M1:T5,M2:T1,M3:T3,M4:T8,M5:T7,M6:T7,M7:T8,M8:T5,M9:T4,M10:T6,M11:T5,M12:T2,M13:T5,M14:T7,M15:T6,M16:T3,M17:T4,M18:T1,M19:T8,M20:T7,M21:T4,M22:T3,M23:T2,M24:T1,M25:T8,M26:T3,M27:T7,M28:T4,M29:T6,M30:T5,M31:T1,M32:T2,M33:T7,M34:T4,M35:T6,M36:T2,M37:T3,M38:T5,M39:T1,M40:T8,M41:T6,M42:T4,M43:T2,M44:T5,M45:T3,M46:T3,M47:T6,M48:T4,M49:T7,M50:T5,M51:T6,M52:T4,M53:T2,M54:T7,M55:T3,M56:T5,M57:T8,M58:T8,M59:T1,M60:T2,M61:T1,M62:T5,M63:T3,M64:T6,M65:T7,M66:T4,M67:T3,M68:T8,M69:T7,M70:T2,M71:T5,M72:T7,M73:T1,M74:T2,M75:T6,M76:T4,M77:T6,M78:T4,M79:T3,M80:T4,M81:T1,M82:T8,M83:T5,M84:T2,M85:T6,M86:T7,M87:T2,M88:T1,M89:T4,M90:T6,M91:T3,M92:T4,M93:T2,M94:T6,M95:T8,M96:T1,M97:T7,M98:T3,M99:T5,M100:T6,M101:T5,M102:T2,M103:T8,M104:T7,M105:T4,M106:T3,M107:T2,M108:T1,M109:T4,M110:T6,M111:T5,M112:T3,M113:T8,M114:T2,M115:T1,M116:T6,M117:T5,M118:T1,M119:T7,M120:T3,M121:T6,M122:T5,M123:T4,M124:T8,M125:T2",1:M2 M18 M24 M31 M39 M59 M61 M73 M81 M88 M96 M108 M115 M118 | 2:M12 M23 M32 M36 M43 M53 M60 M70 M74 M84 M87 M93 M102 M107 M114 M125 | 3:M3 M16 M22 M26 M37 M45 M46 M55 M63 M67 M79 M91 M98 M106 M112 M120 | 4:M9 M17 M21 M28 M34 M42 M48 M52 M66 M76 M78 M80 M89 M92 M105 M109 M123 | 5:M1 M8 M11 M13 M30 M38 M44 M50 M56 M62 M71 M83 M99 M101 M111 M117 M122 | 6:M10 M15 M29 M35 M41 M47 M51 M64 M75 M77 M85 M90 M94 M100 M110 M116 M121 | 7:M5 M6 M14 M20 M27 M33 M49 M54 M65 M69 M72 M86 M97 M104 M119 | 8:M4 M7 M19 M25 M40 M57 M58 M68 M82 M95 M103 M113 M124,PASSED,,
tic-12.prec25,SAT,OPTIMAL,0.384913,0.000563,0.118449,0.131408,118.406,peak_process_tree_rss_mb,5856,23559,6,23565,RC2,0,0,,"0,0,0,0,0,0,0,0,0,0,0,0,0,0,0,0,0,0,0,0,0,0,0,0,0,0,0,0,0,0,0,0,0,0,0,0,0,0,0,0,0,0","M1:T4,M2:T3,M3:T1,M4:T2,M5:T7,M6:T3,M7:T2,M8:T6,M9:T8,M10:T8,M11:T6,M12:T8,M13:T1,M14:T2,M15:T6,M16:T5,M17:T3,M18:T7,M19:T6,M20:T1,M21:T8,M22:T5,M23:T7,M24:T6,M25:T7,M26:T5,M27:T1,M28:T8,M29:T3,M30:T6,M31:T2,M32:T4,M33:T2,M34:T5,M35:T4,M36:T6,M37:T3,M38:T7,M39:T8,M40:T4,M41:T3,M42:T7,M43:T1,M44:T5,M45:T2,M46:T4,M47:T6,M48:T7,M49:T5,M50:T3,M51:T3,M52:T5,M53:T2,M54:T7,M55:T6,M56:T8,M57:T4,M58:T1,M59:T4,M60:T4,M61:T1,M62:T7,M63:T2,M64:T6,M65:T5,M66:T5,M67:T4,M68:T3,M69:T1,M70:T2,M71:T5,M72:T1,M73:T6,M74:T3,M75:T2,M76:T8,M77:T5,M78:T4,M79:T5,M80:T3,M81:T7,M82:T1,M83:T2,M84:T4,M85:T8,M86:T6,M87:T7,M88:T4,M89:T5,M90:T6,M91:T8,M92:T8,M93:T4,M94:T3,M95:T5,M96:T2,M97:T6,M98:T7,M99:T1,M100:T6,M101:T4,M102:T8,M103:T3,M104:T7,M105:T1,M106:T4,M107:T2,M108:T3,M109:T5,M110:T6,M111:T7,M112:T4,M113:T3,M114:T2,M115:T1,M116:T7,M117:T5,M118:T7,M119:T2,M120:T1,M121:T8,M122:T6,M123:T5,M124:T3,M125:T4",1:M3 M13 M20 M27 M43 M58 M61 M69 M72 M82 M99 M105 M115 M120 | 2:M4 M7 M14 M31 M33 M45 M53 M63 M70 M75 M83 M96 M107 M114 M119 | 3:M2 M6 M17 M29 M37 M41 M50 M51 M68 M74 M80 M94 M103 M108 M113 M124 | 4:M1 M32 M35 M40 M46 M57 M59 M60 M67 M78 M84 M88 M93 M101 M106 M112 M125 | 5:M16 M22 M26 M34 M44 M49 M52 M65 M66 M71 M77 M79 M89 M95 M109 M117 M123 | 6:M8 M11 M15 M19 M24 M30 M36 M47 M55 M64 M73 M86 M90 M97 M100 M110 M122 | 7:M5 M18 M23 M25 M38 M42 M48 M54 M62 M81 M87 M98 M104 M111 M116 M118 | 8:M9 M10 M12 M21 M28 M39 M56 M76 M85 M91 M92 M102 M121,PASSED,,
tic-12crafc.prec15,SAT,OPTIMAL,0.611098,0.001003,0.201519,0.130251,118.258,peak_process_tree_rss_mb,14984,49675,6,49681,RC2,0,0,,"0,0,0,0,0,0,0,0,0,0,0,0,0,0,0,0,0,0,0,0,0,0,0,0,0,0,0,0,0,0,0,0,0,0,0,0,0,0,0,0,0,0","M1:T3,M2:T1,M3:T4,M4:T7,M5:T2,M6:T6,M7:T3,M8:T6,M9:T8,M10:T8,M11:T7,M12:T8,M13:T1,M14:T7,M15:T2,M16:T4,M17:T5,M18:T3,M19:T4,M20:T7,M21:T3,M22:T2,M23:T1,M24:T2,M25:T5,M26:T7,M27:T2,M28:T1,M29:T6,M30:T4,M31:T3,M32:T8,M33:T4,M34:T5,M35:T7,M36:T6,M37:T2,M38:T1,M39:T8,M40:T6,M41:T1,M42:T4,M43:T7,M44:T2,M45:T5,M46:T8,M47:T6,M48:T3,M49:T5,M50:T4,M51:T1,M52:T5,M53:T3,M54:T2,M55:T7,M56:T4,M57:T6,M58:T8,M59:T2,M60:T5,M61:T2,M62:T8,M63:T3,M64:T6,M65:T4,M66:T5,M67:T2,M68:T6,M69:T7,M70:T1,M71:T3,M72:T7,M73:T1,M74:T4,M75:T8,M76:T2,M77:T3,M78:T5,M79:T5,M80:T4,M81:T1,M82:T6,M83:T7,M84:T3,M85:T2,M86:T8,M87:T6,M88:T5,M89:T7,M90:T8,M91:T3,M92:T1,M93:T4,M94:T2,M95:T6,M96:T8,M97:T3,M98:T5,M99:T7,M100:T4,M101:T5,M102:T7,M103:T6,M104:T1,M105:T8,M106:T2,M107:T6,M108:T3,M109:T5,M110:T4,M111:T1,M112:T1,M113:T4,M114:T5,M115:T3,M116:T6,M117:T7,M118:T2,M119:T6,M120:T1,M121:T8,M122:T3,M123:T4,M124:T7,M125:T5",1:M2 M13 M23 M28 M38 M41 M51 M70 M73 M81 M92 M104 M111 M112 M120 | 2:M5 M15 M22 M24 M27 M37 M44 M54 M59 M61 M67 M76 M85 M94 M106 M118 | 3:M1 M7 M18 M21 M31 M48 M53 M63 M71 M77 M84 M91 M97 M108 M115 M122 | 4:M3 M16 M19 M30 M33 M42 M50 M56 M65 M74 M80 M93 M100 M110 M113 M123 | 5:M17 M25 M34 M45 M49 M52 M60 M66 M78 M79 M88 M98 M101 M109 M114 M125 | 6:M6 M8 M29 M36 M40 M47 M57 M64 M68 M82 M87 M95 M103 M107 M116 M119 | 7:M4 M11 M14 M20 M26 M35 M43 M55 M69 M72 M83 M89 M99 M102 M117 M124 | 8:M9 M10 M12 M32 M39 M46 M58 M62 M75 M86 M90 M96 M105 M121,PASSED,,
tic-12crafc.prec25,SAT,OPTIMAL,1.506438,0.001,0.163287,1.039704,125.75,peak_process_tree_rss_mb,14984,50719,6,50725,RC2,0,0,,"0,0,0,0,0,0,0,0,0,0,0,0,0,0,0,0,0,0,0,0,0,0,0,0,0,0,0,0,0,0,0,0,0,0,0,0,0,0,0,0,0,0","M1:T5,M2:T2,M3:T4,M4:T1,M5:T8,M6:T3,M7:T2,M8:T5,M9:T8,M10:T8,M11:T7,M12:T6,M13:T4,M14:T2,M15:T7,M16:T1,M17:T3,M18:T8,M19:T2,M20:T4,M21:T8,M22:T5,M23:T7,M24:T8,M25:T5,M26:T6,M27:T3,M28:T8,M29:T4,M30:T7,M31:T2,M32:T1,M33:T3,M34:T4,M35:T6,M36:T5,M37:T2,M38:T7,M39:T7,M40:T5,M41:T3,M42:T2,M43:T1,M44:T6,M45:T4,M46:T5,M47:T7,M48:T8,M49:T4,M50:T3,M51:T1,M52:T6,M53:T3,M54:T7,M55:T5,M56:T2,M57:T4,M58:T1,M59:T2,M60:T5,M61:T1,M62:T6,M63:T2,M64:T3,M65:T7,M66:T3,M67:T6,M68:T4,M69:T1,M70:T7,M71:T8,M72:T3,M73:T1,M74:T6,M75:T2,M76:T7,M77:T6,M78:T5,M79:T6,M80:T5,M81:T7,M82:T3,M83:T1,M84:T4,M85:T8,M86:T2,M87:T6,M88:T7,M89:T4,M90:T5,M91:T2,M92:T7,M93:T4,M94:T3,M95:T6,M96:T2,M97:T8,M98:T5,M99:T1,M100:T4,M101:T1,M102:T6,M103:T8,M104:T7,M105:T3,M106:T2,M107:T1,M108:T4,M109:T6,M110:T3,M111:T5,M112:T3,M113:T6,M114:T4,M115:T1,M116:T8,M117:T5,M118:T7,M119:T1,M120:T2,M121:T8,M122:T5,M123:T3,M124:T4,M125:T6",1:M4 M16 M32 M43 M51 M58 M61 M69 M73 M83 M99 M101 M107 M115 M119 | 2:M2 M7 M14 M19 M31 M37 M42 M56 M59 M63 M75 M86 M91 M96 M106 M120 | 3:M6 M17 M27 M33 M41 M50 M53 M64 M66 M72 M82 M94 M105 M110 M112 M123 | 4:M3 M13 M20 M29 M34 M45 M49 M57 M68 M84 M89 M93 M100 M108 M114 M124 | 5:M1 M8 M22 M25 M36 M40 M46 M55 M60 M78 M80 M90 M98 M111 M117 M122 | 6:M12 M26 M35 M44 M52 M62 M67 M74 M77 M79 M87 M95 M102 M109 M113 M125 | 7:M11 M15 M23 M30 M38 M39 M47 M54 M65 M70 M76 M81 M88 M92 M104 M118 | 8:M5 M9 M10 M18 M21 M24 M28 M48 M71 M85 M97 M103 M116 M121,PASSED,,
tic-13.prec15,SAT,OPTIMAL,1.082842,0.001003,0.331881,0.303804,128.309,peak_process_tree_rss_mb,24283,80646,6,80652,RC2,0,0,,"0,0,0,0,0,0,0,0,0,0,0,0,0,0,0,0,0,0,0,0,0,0,0,0,0,0,0,0,0,0,0,0,0,0,0,0,0,0,0,0,0,0,0,0,0,0,0","M1:T8,M2:T5,M3:T9,M4:T3,M5:T6,M6:T4,M7:T2,M8:T7,M9:T1,M10:T10,M11:T4,M12:T6,M13:T5,M14:T3,M15:T7,M16:T2,M17:T1,M18:T5,M19:T7,M20:T6,M21:T8,M22:T3,M23:T9,M24:T6,M25:T10,M26:T7,M27:T8,M28:T5,M29:T4,M30:T8,M31:T5,M32:T7,M33:T1,M34:T3,M35:T2,M36:T4,M37:T6,M38:T1,M39:T3,M40:T4,M41:T5,M42:T6,M43:T10,M44:T9,M45:T7,M46:T4,M47:T3,M48:T8,M49:T5,M50:T8,M51:T7,M52:T6,M53:T9,M54:T5,M55:T5,M56:T6,M57:T10,M58:T7,M59:T4,M60:T9,M61:T4,M62:T7,M63:T8,M64:T2,M65:T3,M66:T10,M67:T3,M68:T2,M69:T4,M70:T6,M71:T1,M72:T3,M73:T2,M74:T7,M75:T8,M76:T5,M77:T10,M78:T9,M79:T4,M80:T5,M81:T6,M82:T2,M83:T9,M84:T1,M85:T7,M86:T4,M87:T8,M88:T10,M89:T7,M90:T9,M91:T5,M92:T3,M93:T6,M94:T2,M95:T7,M96:T8,M97:T4,M98:T9,M99:T2,M100:T5,M101:T3,M102:T10,M103:T3,M104:T7,M105:T2,M106:T6,M107:T1,M108:T9,M109:T8,M110:T1,M111:T6,M112:T3,M113:T4,M114:T2,M115:T5,M116:T7,M117:T6,M118:T8,M119:T4,M120:T5,M121:T2,M122:T6,M123:T4,M124:T3,M125:T6,M126:T8,M127:T10,M128:T9,M129:T7,M130:T2,M131:T2,M132:T10,M133:T5,M134:T8,M135:T9,M136:T7,M137:T4,M138:T7,M139:T5,M140:T8,M141:T9,M142:T5,M143:T10,M144:T4,M145:T6,M146:T5,M147:T6,M148:T4,M149:T10,M150:T7,M151:T4,M152:T9,M153:T7,M154:T3,M155:T9,M156:T8,M157:T6,M158:T8,M159:T4,M160:T6,M161:T1,M162:T9,M163:T9,M164:T8,M165:T4,M166:T2,M167:T10,M168:T8,M169:T7,M170:T5,M171:T10,M172:T3,M173:T1,M174:T3,M175:T2,M176:T6,M177:T5,M178:T1,M179:T8,M180:T3",1:M9 M17 M33 M38 M71 M84 M107 M110 M161 M173 M178 | 2:M7 M16 M35 M64 M68 M73 M82 M94 M99 M105 M114 M121 M130 M131 M166 M175 | 3:M4 M14 M22 M34 M39 M47 M65 M67 M72 M92 M101 M103 M112 M124 M154 M172 M174 M180 | 4:M6 M11 M29 M36 M40 M46 M59 M61 M69 M79 M86 M97 M113 M119 M123 M137 M144 M148 M151 M159 M165 | 5:M2 M13 M18 M28 M31 M41 M49 M54 M55 M76 M80 M91 M100 M115 M120 M133 M139 M142 M146 M170 M177 | 6:M5 M12 M20 M24 M37 M42 M52 M56 M70 M81 M93 M106 M111 M117 M122 M125 M145 M147 M157 M160 M176 | 7:M8 M15 M19 M26 M32 M45 M51 M58 M62 M74 M85 M89 M95 M104 M116 M129 M136 M138 M150 M153 M169 | 8:M1 M21 M27 M30 M48 M50 M63 M75 M87 M96 M109 M118 M126 M134 M140 M156 M158 M164 M168 M179 | 9:M3 M23 M44 M53 M60 M78 M83 M90 M98 M108 M128 M135 M141 M152 M155 M162 M163 | 10:M10 M25 M43 M57 M66 M77 M88 M102 M127 M132 M143 M149 M167 M171,PASSED,,
tic-13.prec25,SAT,OPTIMAL,1.484111,0.003386,0.262923,0.734452,129.566,peak_process_tree_rss_mb,24283,82846,6,82852,RC2,0,0,,"0,0,0,0,0,0,0,0,0,0,0,0,0,0,0,0,0,0,0,0,0,0,0,0,0,0,0,0,0,0,0,0,0,0,0,0,0,0,0,0,0,0,0,0,0,0,0","M1:T10,M2:T8,M3:T2,M4:T6,M5:T9,M6:T7,M7:T3,M8:T5,M9:T1,M10:T4,M11:T6,M12:T3,M13:T5,M14:T4,M15:T7,M16:T7,M17:T5,M18:T3,M19:T2,M20:T1,M21:T8,M22:T4,M23:T5,M24:T7,M25:T9,M26:T6,M27:T8,M28:T10,M29:T4,M30:T3,M31:T8,M32:T10,M33:T9,M34:T5,M35:T6,M36:T4,M37:T7,M38:T9,M39:T6,M40:T8,M41:T10,M42:T2,M43:T6,M44:T5,M45:T1,M46:T8,M47:T4,M48:T7,M49:T3,M50:T4,M51:T3,M52:T1,M53:T2,M54:T5,M55:T6,M56:T4,M57:T9,M58:T8,M59:T7,M60:T5,M61:T7,M62:T4,M63:T10,M64:T1,M65:T8,M66:T2,M67:T1,M68:T3,M69:T4,M70:T2,M71:T9,M72:T3,M73:T8,M74:T6,M75:T4,M76:T5,M77:T1,M78:T10,M79:T2,M80:T10,M81:T7,M82:T1,M83:T2,M84:T5,M85:T8,M86:T3,M87:T4,M88:T7,M89:T6,M90:T6,M91:T3,M92:T4,M93:T9,M94:T10,M95:T8,M96:T2,M97:T9,M98:T5,M99:T10,M100:T8,M101:T7,M102:T6,M103:T4,M104:T2,M105:T3,M106:T5,M107:T7,M108:T1,M109:T9,M110:T4,M111:T2,M112:T8,M113:T7,M114:T6,M115:T1,M116:T6,M117:T7,M118:T9,M119:T7,M120:T3,M121:T5,M122:T2,M123:T5,M124:T7,M125:T6,M126:T3,M127:T4,M128:T10,M129:T9,M130:T2,M131:T8,M132:T5,M133:T10,M134:T7,M135:T3,M136:T2,M137:T6,M138:T6,M139:T4,M140:T9,M141:T8,M142:T5,M143:T3,M144:T2,M145:T4,M146:T7,M147:T6,M148:T4,M149:T10,M150:T5,M151:T2,M152:T5,M153:T3,M154:T7,M155:T2,M156:T9,M157:T6,M158:T8,M159:T5,M160:T6,M161:T1,M162:T5,M163:T3,M164:T6,M165:T7,M166:T8,M167:T7,M168:T8,M169:T6,M170:T5,M171:T9,M172:T4,M173:T1,M174:T9,M175:T2,M176:T8,M177:T3,M178:T1,M179:T3,M180:T4",1:M9 M20 M45 M52 M64 M67 M77 M82 M108 M115 M161 M173 M178 | 2:M3 M19 M42 M53 M66 M70 M79 M83 M96 M104 M111 M122 M130 M136 M144 M151 M155 M175 | 3:M7 M12 M18 M30 M49 M51 M68 M72 M86 M91 M105 M120 M126 M135 M143 M153 M163 M177 M179 | 4:M10 M14 M22 M29 M36 M47 M50 M56 M62 M69 M75 M87 M92 M103 M110 M127 M139 M145 M148 M172 M180 | 5:M8 M13 M17 M23 M34 M44 M54 M60 M76 M84 M98 M106 M121 M123 M132 M142 M150 M152 M159 M162 M170 | 6:M4 M11 M26 M35 M39 M43 M55 M74 M89 M90 M102 M114 M116 M125 M137 M138 M147 M157 M160 M164 M169 | 7:M6 M15 M16 M24 M37 M48 M59 M61 M81 M88 M101 M107 M113 M117 M119 M124 M134 M146 M154 M165 M167 | 8:M2 M21 M27 M31 M40 M46 M58 M65 M73 M85 M95 M100 M112 M131 M141 M158 M166 M168 M176 | 9:M5 M25 M33 M38 M57 M71 M93 M97 M109 M118 M129 M140 M156 M171 M174 | 10:M1 M28 M32 M41 M63 M78 M80 M94 M99 M128 M133 M149,PASSED,,
tic-13crafb.prec15,SAT,OPTIMAL,0.996399,0.002,0.266109,0.275117,128.656,peak_process_tree_rss_mb,22897,79354,8,79362,RC2,0,0,,"0,0,0,0,0,0,0,0,0,0,0,0,0,0,0,0,0,0,0,0,0,0,0,0,0,0,0,0,0,0,0,0,0,0,0,0,0,0,0,0,0,0,0,0,0,0","M1:T3,M2:T4,M3:T2,M4:T7,M5:T9,M6:T6,M7:T6,M8:T7,M9:T4,M10:T8,M11:T3,M12:T4,M13:T8,M14:T1,M15:T4,M16:T6,M17:T7,M18:T7,M19:T9,M20:T8,M21:T2,M22:T1,M23:T3,M24:T6,M25:T5,M26:T3,M27:T4,M28:T8,M29:T2,M30:T9,M31:T5,M32:T9,M33:T3,M34:T6,M35:T10,M36:T4,M37:T8,M38:T2,M39:T7,M40:T2,M41:T5,M42:T6,M43:T4,M44:T7,M45:T10,M46:T8,M47:T1,M48:T2,M49:T10,M50:T8,M51:T3,M52:T7,M53:T2,M54:T9,M55:T5,M56:T4,M57:T3,M58:T5,M59:T1,M60:T9,M61:T6,M62:T4,M63:T10,M64:T9,M65:T6,M66:T10,M67:T5,M68:T2,M69:T7,M70:T2,M71:T1,M72:T8,M73:T7,M74:T4,M75:T6,M76:T1,M77:T2,M78:T3,M79:T10,M80:T9,M81:T5,M82:T9,M83:T7,M84:T6,M85:T3,M86:T5,M87:T1,M88:T3,M89:T10,M90:T4,M91:T8,M92:T9,M93:T5,M94:T3,M95:T1,M96:T2,M97:T3,M98:T9,M99:T1,M100:T5,M101:T4,M102:T1,M103:T10,M104:T4,M105:T7,M106:T9,M107:T8,M108:T2,M109:T1,M110:T2,M111:T7,M112:T10,M113:T1,M114:T6,M115:T5,M116:T2,M117:T6,M118:T4,M119:T8,M120:T2,M121:T9,M122:T5,M123:T7,M124:T4,M125:T10,M126:T6,M127:T3,M128:T1,M129:T6,M130:T3,M131:T8,M132:T10,M133:T7,M134:T8,M135:T8,M136:T4,M137:T9,M138:T6,M139:T2,M140:T5,M141:T3,M142:T7,M143:T8,M144:T5,M145:T6,M146:T4,M147:T9,M148:T5,M149:T10,M150:T8,M151:T7,M152:T5,M153:T10,M154:T5,M155:T3,M156:T6,M157:T7,M158:T3,M159:T5,M160:T7,M161:T6,M162:T4,M163:T8,M164:T10,M165:T1,M166:T4,M167:T5,M168:T8,M169:T7,M170:T6,M171:T2,M172:T9,M173:T3,M174:T2,M175:T7,M176:T5,M177:T6,M178:T3,M179:T4,M180:T3,M181:T1,M182:T5,M183:T4,M184:T2",1:M14 M22 M47 M59 M71 M76 M87 M95 M99 M102 M109 M113 M128 M165 M181 | 2:M3 M21 M29 M38 M40 M48 M53 M68 M70 M77 M96 M108 M110 M116 M120 M139 M171 M174 M184 | 3:M1 M11 M23 M26 M33 M51 M57 M78 M85 M88 M94 M97 M127 M130 M141 M155 M158 M173 M178 M180 | 4:M2 M9 M12 M15 M27 M36 M43 M56 M62 M74 M90 M101 M104 M118 M124 M136 M146 M162 M166 M179 M183 | 5:M25 M31 M41 M55 M58 M67 M81 M86 M93 M100 M115 M122 M140 M144 M148 M152 M154 M159 M167 M176 M182 | 6:M6 M7 M16 M24 M34 M42 M61 M65 M75 M84 M114 M117 M126 M129 M138 M145 M156 M161 M170 M177 | 7:M4 M8 M17 M18 M39 M44 M52 M69 M73 M83 M105 M111 M123 M133 M142 M151 M157 M160 M169 M175 | 8:M10 M13 M20 M28 M37 M46 M50 M72 M91 M107 M119 M131 M134 M135 M143 M150 M163 M168 | 9:M5 M19 M30 M32 M54 M60 M64 M80 M82 M92 M98 M106 M121 M137 M147 M172 | 10:M35 M45 M49 M63 M66 M79 M89 M103 M112 M125 M132 M149 M153 M164,PASSED,,
tic-13crafb.prec25,SAT,OPTIMAL,1.267966,0.001998,0.334286,0.517099,128.457,peak_process_tree_rss_mb,22897,81609,8,81617,RC2,0,0,,"0,0,0,0,0,0,0,0,0,0,0,0,0,0,0,0,0,0,0,0,0,0,0,0,0,0,0,0,0,0,0,0,0,0,0,0,0,0,0,0,0,0,0,0,0,0","M1:T4,M2:T10,M3:T7,M4:T5,M5:T9,M6:T8,M7:T5,M8:T8,M9:T2,M10:T9,M11:T3,M12:T7,M13:T5,M14:T2,M15:T2,M16:T3,M17:T7,M18:T5,M19:T8,M20:T6,M21:T9,M22:T1,M23:T2,M24:T8,M25:T7,M26:T2,M27:T9,M28:T6,M29:T3,M30:T4,M31:T6,M32:T8,M33:T10,M34:T9,M35:T7,M36:T4,M37:T1,M38:T3,M39:T5,M40:T6,M41:T8,M42:T9,M43:T4,M44:T1,M45:T10,M46:T3,M47:T2,M48:T7,M49:T3,M50:T2,M51:T4,M52:T6,M53:T10,M54:T5,M55:T1,M56:T7,M57:T5,M58:T7,M59:T9,M60:T4,M61:T3,M62:T6,M63:T2,M64:T6,M65:T5,M66:T8,M67:T10,M68:T9,M69:T4,M70:T9,M71:T7,M72:T4,M73:T5,M74:T2,M75:T3,M76:T7,M77:T6,M78:T1,M79:T8,M80:T10,M81:T9,M82:T7,M83:T5,M84:T3,M85:T6,M86:T6,M87:T7,M88:T5,M89:T2,M90:T1,M91:T10,M92:T4,M93:T4,M94:T7,M95:T6,M96:T4,M97:T9,M98:T8,M99:T2,M100:T1,M101:T3,M102:T6,M103:T6,M104:T5,M105:T8,M106:T1,M107:T3,M108:T7,M109:T2,M110:T10,M111:T3,M112:T1,M113:T8,M114:T6,M115:T4,M116:T7,M117:T9,M118:T2,M119:T3,M120:T2,M121:T5,M122:T9,M123:T8,M124:T4,M125:T6,M126:T7,M127:T10,M128:T3,M129:T10,M130:T5,M131:T8,M132:T1,M133:T6,M134:T8,M135:T2,M136:T9,M137:T6,M138:T8,M139:T3,M140:T10,M141:T4,M142:T5,M143:T9,M144:T4,M145:T9,M146:T7,M147:T4,M148:T2,M149:T3,M150:T5,M151:T10,M152:T3,M153:T8,M154:T1,M155:T6,M156:T4,M157:T5,M158:T6,M159:T10,M160:T5,M161:T9,M162:T7,M163:T8,M164:T1,M165:T3,M166:T7,M167:T9,M168:T2,M169:T6,M170:T5,M171:T8,M172:T10,M173:T4,M174:T4,M175:T7,M176:T2,M177:T3,M178:T6,M179:T5,M180:T4,M181:T2,M182:T5,M183:T3,M184:T1",1:M22 M37 M44 M55 M78 M90 M100 M106 M112 M132 M154 M164 M184 | 2:M9 M14 M15 M23 M26 M47 M50 M63 M74 M89 M99 M109 M118 M120 M135 M148 M168 M176 M181 | 3:M11 M16 M29 M38 M46 M49 M61 M75 M84 M101 M107 M111 M119 M128 M139 M149 M152 M165 M177 M183 | 4:M1 M30 M36 M43 M51 M60 M69 M72 M92 M93 M96 M115 M124 M141 M144 M147 M156 M173 M174 M180 | 5:M4 M7 M13 M18 M39 M54 M57 M65 M73 M83 M88 M104 M121 M130 M142 M150 M157 M160 M170 M179 M182 | 6:M20 M28 M31 M40 M52 M62 M64 M77 M85 M86 M95 M102 M103 M114 M125 M133 M137 M155 M158 M169 M178 | 7:M3 M12 M17 M25 M35 M48 M56 M58 M71 M76 M82 M87 M94 M108 M116 M126 M146 M162 M166 M175 | 8:M6 M8 M19 M24 M32 M41 M66 M79 M98 M105 M113 M123 M131 M134 M138 M153 M163 M171 | 9:M5 M10 M21 M27 M34 M42 M59 M68 M70 M81 M97 M117 M122 M136 M143 M145 M161 M167 | 10:M2 M33 M45 M53 M67 M80 M91 M110 M127 M129 M140 M151 M159 M172,PASSED,,
tic-13crafc.prec15,SAT,OPTIMAL,1.401102,0.002004,0.334253,0.626309,128.891,peak_process_tree_rss_mb,24443,80986,6,80992,RC2,1,1,,"0,0,0,1,1,1,1,1,0,1,0,1,0,0,1,1,1,0,1,0,1,0,0,1,1,1,1,0,1,1,1,0,1,0,0,1,0,1,0,0,0,1,0,0,1,1,0","M1:T7,M2:T5,M3:T10,M4:T4,M5:T2,M6:T9,M7:T1,M8:T3,M9:T6,M10:T8,M11:T3,M12:T4,M13:T1,M14:T2,M15:T5,M16:T5,M17:T2,M18:T9,M19:T10,M20:T8,M21:T4,M22:T7,M23:T8,M24:T6,M25:T9,M26:T7,M27:T4,M28:T2,M29:T5,M30:T6,M31:T1,M32:T9,M33:T8,M34:T4,M35:T5,M36:T3,M37:T2,M38:T9,M39:T6,M40:T7,M41:T4,M42:T2,M43:T5,M44:T9,M45:T6,M46:T1,M47:T3,M48:T4,M49:T8,M50:T1,M51:T3,M52:T4,M53:T5,M54:T2,M55:T6,M56:T2,M57:T4,M58:T9,M59:T3,M60:T1,M61:T10,M62:T5,M63:T2,M64:T3,M65:T7,M66:T8,M67:T6,M68:T4,M69:T2,M70:T5,M71:T5,M72:T4,M73:T9,M74:T8,M75:T1,M76:T3,M77:T10,M78:T2,M79:T7,M80:T10,M81:T4,M82:T3,M83:T7,M84:T5,M85:T8,M86:T2,M87:T2,M88:T4,M89:T5,M90:T9,M91:T4,M92:T7,M93:T6,M94:T3,M95:T1,M96:T5,M97:T4,M98:T7,M99:T10,M100:T1,M101:T9,M102:T8,M103:T8,M104:T9,M105:T6,M106:T7,M107:T10,M108:T3,M109:T5,M110:T8,M111:T2,M112:T10,M113:T6,M114:T7,M115:T1,M116:T6,M117:T8,M118:T9,M119:T9,M120:T5,M121:T4,M122:T10,M123:T6,M124:T10,M125:T4,M126:T7,M127:T9,M128:T3,M129:T2,M130:T8,M131:T8,M132:T10,M133:T3,M134:T6,M135:T7,M136:T9,M137:T1,M138:T9,M139:T5,M140:T10,M141:T8,M142:T8,M143:T3,M144:T7,M145:T2,M146:T3,M147:T2,M148:T1,M149:T9,M150:T6,M151:T10,M152:T8,M153:T7,M154:T5,M155:T2,M156:T6,M157:T7,M158:T6,M159:T3,M160:T3,M161:T2,M162:T5,M163:T6,M164:T7,M165:T10,M166:T1,M167:T10,M168:T1,M169:T8,M170:T4,M171:T4,M172:T9,M173:T8,M174:T6,M175:T3,M176:T1,M177:T7,M178:T9,M179:T5,M180:T6",1:M7 M13 M31 M46 M50 M60 M75 M95 M100 M115 M137 M148 M166 M168 M176 | 2:M5 M14 M17 M28 M37 M42 M54 M56 M63 M69 M78 M86 M87 M111 M129 M145 M147 M155 M161 | 3:M8 M11 M36 M47 M51 M59 M64 M76 M82 M94 M108 M128 M133 M143 M146 M159 M160 M175 | 4:M4 M12 M21 M27 M34 M41 M48 M52 M57 M68 M72 M81 M88 M91 M97 M121 M125 M170 M171 | 5:M2 M15 M16 M29 M35 M43 M53 M62 M70 M71 M84 M89 M96 M109 M120 M139 M154 M162 M179 | 6:M9 M24 M30 M39 M45 M55 M67 M93 M105 M113 M116 M123 M134 M150 M156 M158 M163 M174 M180 | 7:M1 M22 M26 M40 M65 M79 M83 M92 M98 M106 M114 M126 M135 M144 M153 M157 M164 M177 | 8:M10 M20 M23 M33 M49 M66 M74 M85 M102 M103 M110 M117 M130 M131 M141 M142 M152 M169 M173 | 9:M6 M18 M25 M32 M38 M44 M58 M73 M90 M101 M104 M118 M119 M127 M136 M138 M149 M172 M178 | 10:M3 M19 M61 M77 M80 M99 M107 M112 M122 M124 M132 M140 M151 M165 M167,PASSED,,
tic-13crafc.prec25,SAT,OPTIMAL,2.416518,0.001063,0.343771,1.579911,130.0,peak_process_tree_rss_mb,24443,83186,6,83192,RC2,1,1,,"0,0,1,0,1,1,1,1,0,1,0,1,0,0,0,1,1,0,1,1,1,1,0,1,1,1,1,0,1,1,1,0,1,1,0,1,1,1,0,0,0,1,0,0,1,0,0","M1:T10,M2:T7,M3:T3,M4:T5,M5:T1,M6:T6,M7:T4,M8:T9,M9:T8,M10:T2,M11:T6,M12:T9,M13:T8,M14:T4,M15:T7,M16:T5,M17:T1,M18:T3,M19:T4,M20:T2,M21:T8,M22:T7,M23:T7,M24:T6,M25:T8,M26:T5,M27:T3,M28:T10,M29:T4,M30:T3,M31:T2,M32:T8,M33:T9,M34:T7,M35:T5,M36:T1,M37:T6,M38:T3,M39:T7,M40:T2,M41:T6,M42:T2,M43:T10,M44:T3,M45:T4,M46:T9,M47:T5,M48:T7,M49:T6,M50:T2,M51:T1,M52:T3,M53:T4,M54:T5,M55:T5,M56:T4,M57:T3,M58:T9,M59:T8,M60:T7,M61:T6,M62:T1,M63:T4,M64:T8,M65:T10,M66:T2,M67:T3,M68:T6,M69:T7,M70:T5,M71:T9,M72:T4,M73:T7,M74:T8,M75:T10,M76:T3,M77:T2,M78:T5,M79:T1,M80:T3,M81:T4,M82:T1,M83:T5,M84:T6,M85:T9,M86:T10,M87:T8,M88:T9,M89:T10,M90:T2,M91:T7,M92:T8,M93:T10,M94:T3,M95:T9,M96:T4,M97:T9,M98:T5,M99:T8,M100:T4,M101:T7,M102:T10,M103:T6,M104:T8,M105:T1,M106:T7,M107:T3,M108:T5,M109:T9,M110:T2,M111:T8,M112:T10,M113:T5,M114:T4,M115:T6,M116:T6,M117:T5,M118:T1,M119:T10,M120:T4,M121:T8,M122:T7,M123:T3,M124:T1,M125:T6,M126:T2,M127:T9,M128:T8,M129:T10,M130:T4,M131:T2,M132:T5,M133:T10,M134:T8,M135:T6,M136:T1,M137:T7,M138:T8,M139:T6,M140:T9,M141:T7,M142:T5,M143:T9,M144:T7,M145:T8,M146:T10,M147:T8,M148:T6,M149:T5,M150:T1,M151:T4,M152:T5,M153:T2,M154:T10,M155:T3,M156:T4,M157:T6,M158:T2,M159:T7,M160:T9,M161:T3,M162:T5,M163:T4,M164:T1,M165:T7,M166:T9,M167:T6,M168:T6,M169:T3,M170:T2,M171:T9,M172:T2,M173:T3,M174:T10,M175:T2,M176:T9,M177:T3,M178:T1,M179:T2,M180:T4",1:M5 M17 M36 M51 M62 M79 M82 M105 M118 M124 M136 M150 M164 M178 | 2:M10 M20 M31 M40 M42 M50 M66 M77 M90 M110 M126 M131 M153 M158 M170 M172 M175 M179 | 3:M3 M18 M27 M30 M38 M44 M52 M57 M67 M76 M80 M94 M107 M123 M155 M161 M169 M173 M177 | 4:M7 M14 M19 M29 M45 M53 M56 M63 M72 M81 M96 M100 M114 M120 M130 M151 M156 M163 M180 | 5:M4 M16 M26 M35 M47 M54 M55 M70 M78 M83 M98 M108 M113 M117 M132 M142 M149 M152 M162 | 6:M6 M11 M24 M37 M41 M49 M61 M68 M84 M103 M115 M116 M125 M135 M139 M148 M157 M167 M168 | 7:M2 M15 M22 M23 M34 M39 M48 M60 M69 M73 M91 M101 M106 M122 M137 M141 M144 M159 M165 | 8:M9 M13 M21 M25 M32 M59 M64 M74 M87 M92 M99 M104 M111 M121 M128 M134 M138 M145 M147 | 9:M8 M12 M33 M46 M58 M71 M85 M88 M95 M97 M109 M127 M140 M143 M160 M166 M171 M176 | 10:M1 M28 M43 M65 M75 M86 M89 M93 M102 M112 M119 M129 M133 M146 M154 M174,PASSED,,
tic-14crafa.prec15,SAT,OPTIMAL,1.220825,0.003386,0.411623,0.278278,130.984,peak_process_tree_rss_mb,27787,95079,7,95086,RC2,0,0,,"0,0,0,0,0,0,0,0,0,0,0,0,0,0,0,0,0,0,0,0,0,0,0,0,0,0,0,0,0,0,0,0,0,0,0,0,0,0,0,0,0,0,0,0,0,0,0,0,0,0,0,0,0,0,0,0,0,0,0,0","M1:T9,M2:T5,M3:T2,M4:T10,M5:T8,M6:T6,M7:T3,M8:T1,M9:T3,M10:T4,M11:T7,M12:T9,M13:T10,M14:T4,M15:T2,M16:T5,M17:T8,M18:T6,M19:T6,M20:T1,M21:T2,M22:T5,M23:T3,M24:T3,M25:T8,M26:T6,M27:T10,M28:T4,M29:T9,M30:T10,M31:T7,M32:T5,M33:T10,M34:T2,M35:T6,M36:T5,M37:T9,M38:T7,M39:T10,M40:T4,M41:T3,M42:T6,M43:T1,M44:T9,M45:T2,M46:T8,M47:T7,M48:T4,M49:T3,M50:T2,M51:T10,M52:T8,M53:T1,M54:T8,M55:T1,M56:T4,M57:T2,M58:T3,M59:T10,M60:T9,M61:T6,M62:T10,M63:T6,M64:T1,M65:T4,M66:T5,M67:T2,M68:T3,M69:T8,M70:T9,M71:T6,M72:T5,M73:T4,M74:T10,M75:T8,M76:T3,M77:T5,M78:T6,M79:T3,M80:T7,M81:T4,M82:T2,M83:T10,M84:T1,M85:T9,M86:T8,M87:T6,M88:T5,M89:T3,M90:T4,M91:T7,M92:T8,M93:T8,M94:T3,M95:T9,M96:T4,M97:T5,M98:T6,M99:T1,M100:T8,M101:T5,M102:T9,M103:T4,M104:T3,M105:T7,M106:T8,M107:T7,M108:T5,M109:T7,M110:T3,M111:T6,M112:T5,M113:T8,M114:T2,M115:T10,M116:T6,M117:T8,M118:T5,M119:T7,M120:T1,M121:T9,M122:T8,M123:T6,M124:T4,M125:T4,M126:T6,M127:T8,M128:T7,M129:T9,M130:T5,M131:T4,M132:T9,M133:T8,M134:T1,M135:T4,M136:T7,M137:T10,M138:T5,M139:T9,M140:T6,M141:T2,M142:T9,M143:T7,M144:T4,M145:T3,M146:T1,M147:T7,M148:T5,M149:T1,M150:T3,M151:T1,M152:T2,M153:T3,M154:T8,M155:T9,M156:T6,M157:T7,M158:T10,M159:T5,M160:T4,M161:T3,M162:T2,M163:T8,M164:T10,M165:T7,M166:T4,M167:T6,M168:T5,M169:T1,M170:T5,M171:T10,M172:T9,M173:T1,M174:T2,M175:T7,M176:T8,M177:T9,M178:T5,M179:T10,M180:T3,M181:T5,M182:T10,M183:T7,M184:T6,M185:T9,M186:T8,M187:T7,M188:T3,M189:T2,M190:T6,M191:T5,M192:T4,M193:T7,M194:T7,M195:T6,M196:T3,M197:T4,M198:T9,M199:T2,M200:T5,M201:T8,M202:T9,M203:T10,M204:T7,M205:T6,M206:T3,M207:T8,M208:T2,M209:T4,M210:T5,M211:T4,M212:T5,M213:T7,M214:T9,M215:T6,M216:T7,M217:T4,M218:T8,M219:T2,M220:T7,M221:T8,M222:T6,M223:T10,M224:T3,M225:T4,M226:T5,M227:T9,M228:T2,M229:T2,M230:T6,M231:T7,M232:T3,M233:T4,M234:T3,M235:T7,M236:T6,M237:T4",1:M8 M20 M43 M53 M55 M64 M84 M99 M120 M134 M146 M149 M151 M169 M173 | 2:M3 M15 M21 M34 M45 M50 M57 M67 M82 M114 M141 M152 M162 M174 M189 M199 M208 M219 M228 M229 | 3:M7 M9 M23 M24 M41 M49 M58 M68 M76 M79 M89 M94 M104 M110 M145 M150 M153 M161 M180 M188 M196 M206 M224 M232 M234 | 4:M10 M14 M28 M40 M48 M56 M65 M73 M81 M90 M96 M103 M124 M125 M131 M135 M144 M160 M166 M192 M197 M209 M211 M217 M225 M233 M237 | 5:M2 M16 M22 M32 M36 M66 M72 M77 M88 M97 M101 M108 M112 M118 M130 M138 M148 M159 M168 M170 M178 M181 M191 M200 M210 M212 M226 | 6:M6 M18 M19 M26 M35 M42 M61 M63 M71 M78 M87 M98 M111 M116 M123 M126 M140 M156 M167 M184 M190 M195 M205 M215 M222 M230 M236 | 7:M11 M31 M38 M47 M80 M91 M105 M107 M109 M119 M128 M136 M143 M147 M157 M165 M175 M183 M187 M193 M194 M204 M213 M216 M220 M231 M235 | 8:M5 M17 M25 M46 M52 M54 M69 M75 M86 M92 M93 M100 M106 M113 M117 M122 M127 M133 M154 M163 M176 M186 M201 M207 M218 M221 | 9:M1 M12 M29 M37 M44 M60 M70 M85 M95 M102 M121 M129 M132 M139 M142 M155 M172 M177 M185 M198 M202 M214 M227 | 10:M4 M13 M27 M30 M33 M39 M51 M59 M62 M74 M83 M115 M137 M158 M164 M171 M179 M182 M203 M223,PASSED,,
tic-14crafa.prec25,SAT,OPTIMAL,2.863722,0.001004,0.397603,1.868481,132.809,peak_process_tree_rss_mb,27787,97774,7,97781,RC2,0,0,,"0,0,0,0,0,0,0,0,0,0,0,0,0,0,0,0,0,0,0,0,0,0,0,0,0,0,0,0,0,0,0,0,0,0,0,0,0,0,0,0,0,0,0,0,0,0,0,0,0,0,0,0,0,0,0,0,0,0,0,0","M1:T8,M2:T9,M3:T10,M4:T3,M5:T5,M6:T6,M7:T4,M8:T2,M9:T3,M10:T2,M11:T6,M12:T3,M13:T5,M14:T8,M15:T1,M16:T4,M17:T9,M18:T7,M19:T8,M20:T9,M21:T4,M22:T10,M23:T7,M24:T7,M25:T8,M26:T3,M27:T2,M28:T9,M29:T5,M30:T1,M31:T6,M32:T10,M33:T3,M34:T1,M35:T4,M36:T7,M37:T2,M38:T6,M39:T8,M40:T5,M41:T7,M42:T9,M43:T6,M44:T2,M45:T1,M46:T5,M47:T10,M48:T5,M49:T2,M50:T3,M51:T10,M52:T6,M53:T1,M54:T6,M55:T10,M56:T3,M57:T2,M58:T8,M59:T7,M60:T5,M61:T4,M62:T5,M63:T7,M64:T9,M65:T1,M66:T6,M67:T8,M68:T3,M69:T2,M70:T4,M71:T9,M72:T7,M73:T2,M74:T1,M75:T4,M76:T3,M77:T1,M78:T7,M79:T5,M80:T6,M81:T2,M82:T4,M83:T9,M84:T3,M85:T8,M86:T10,M87:T7,M88:T5,M89:T6,M90:T4,M91:T8,M92:T9,M93:T9,M94:T7,M95:T4,M96:T8,M97:T5,M98:T10,M99:T1,M100:T7,M101:T4,M102:T2,M103:T8,M104:T6,M105:T5,M106:T6,M107:T5,M108:T8,M109:T6,M110:T5,M111:T8,M112:T7,M113:T2,M114:T10,M115:T7,M116:T2,M117:T3,M118:T9,M119:T8,M120:T6,M121:T5,M122:T3,M123:T4,M124:T5,M125:T7,M126:T9,M127:T6,M128:T8,M129:T5,M130:T4,M131:T6,M132:T5,M133:T1,M134:T2,M135:T7,M136:T9,M137:T3,M138:T4,M139:T10,M140:T6,M141:T8,M142:T2,M143:T1,M144:T3,M145:T10,M146:T4,M147:T3,M148:T4,M149:T2,M150:T8,M151:T4,M152:T6,M153:T2,M154:T7,M155:T5,M156:T9,M157:T10,M158:T8,M159:T1,M160:T3,M161:T1,M162:T9,M163:T5,M164:T6,M165:T10,M166:T8,M167:T4,M168:T7,M169:T2,M170:T4,M171:T7,M172:T9,M173:T10,M174:T1,M175:T7,M176:T8,M177:T4,M178:T5,M179:T9,M180:T3,M181:T1,M182:T9,M183:T6,M184:T4,M185:T2,M186:T3,M187:T3,M188:T4,M189:T7,M190:T6,M191:T5,M192:T2,M193:T7,M194:T7,M195:T10,M196:T2,M197:T3,M198:T6,M199:T1,M200:T5,M201:T3,M202:T9,M203:T10,M204:T4,M205:T5,M206:T7,M207:T8,M208:T3,M209:T6,M210:T1,M211:T4,M212:T5,M213:T7,M214:T1,M215:T3,M216:T6,M217:T9,M218:T3,M219:T8,M220:T2,M221:T8,M222:T4,M223:T7,M224:T3,M225:T6,M226:T5,M227:T9,M228:T1,M229:T10,M230:T8,M231:T6,M232:T4,M233:T7,M234:T8,M235:T6,M236:T9,M237:T5",1:M15 M30 M34 M45 M53 M65 M74 M77 M99 M133 M143 M159 M161 M174 M181 M199 M210 M214 M228 | 2:M8 M10 M27 M37 M44 M49 M57 M69 M73 M81 M102 M113 M116 M134 M142 M149 M153 M169 M185 M192 M196 M220 | 3:M4 M9 M12 M26 M33 M50 M56 M68 M76 M84 M117 M122 M137 M144 M147 M160 M180 M186 M187 M197 M201 M208 M215 M218 M224 | 4:M7 M16 M21 M35 M61 M70 M75 M82 M90 M95 M101 M123 M130 M138 M146 M148 M151 M167 M170 M177 M184 M188 M204 M211 M222 M232 | 5:M5 M13 M29 M40 M46 M48 M60 M62 M79 M88 M97 M105 M107 M110 M121 M124 M129 M132 M155 M163 M178 M191 M200 M205 M212 M226 M237 | 6:M6 M11 M31 M38 M43 M52 M54 M66 M80 M89 M104 M106 M109 M120 M127 M131 M140 M152 M164 M183 M190 M198 M209 M216 M225 M231 M235 | 7:M18 M23 M24 M36 M41 M59 M63 M72 M78 M87 M94 M100 M112 M115 M125 M135 M154 M168 M171 M175 M189 M193 M194 M206 M213 M223 M233 | 8:M1 M14 M19 M25 M39 M58 M67 M85 M91 M96 M103 M108 M111 M119 M128 M141 M150 M158 M166 M176 M207 M219 M221 M230 M234 | 9:M2 M17 M20 M28 M42 M64 M71 M83 M92 M93 M118 M126 M136 M156 M162 M172 M179 M182 M202 M217 M227 M236 | 10:M3 M22 M32 M47 M51 M55 M86 M98 M114 M139 M145 M157 M165 M173 M195 M203 M229,PASSED,,
tic-14crafc.prec15,SAT,OPTIMAL,1.141186,0.001019,0.30907,0.324269,130.996,peak_process_tree_rss_mb,28007,95539,7,95546,RC2,0,0,,"0,0,0,0,0,0,0,0,0,0,0,0,0,0,0,0,0,0,0,0,0,0,0,0,0,0,0,0,0,0,0,0,0,0,0,0,0,0,0,0,0,0,0,0,0,0,0,0,0,0,0,0,0,0,0,0,0,0,0,0","M1:T10,M2:T9,M3:T8,M4:T6,M5:T5,M6:T3,M7:T1,M8:T2,M9:T7,M10:T2,M11:T9,M12:T3,M13:T10,M14:T4,M15:T5,M16:T7,M17:T2,M18:T6,M19:T9,M20:T8,M21:T2,M22:T3,M23:T1,M24:T10,M25:T4,M26:T6,M27:T8,M28:T5,M29:T3,M30:T1,M31:T10,M32:T4,M33:T6,M34:T7,M35:T7,M36:T6,M37:T8,M38:T9,M39:T8,M40:T4,M41:T6,M42:T7,M43:T1,M44:T2,M45:T4,M46:T10,M47:T9,M48:T5,M49:T2,M50:T3,M51:T7,M52:T8,M53:T1,M54:T6,M55:T9,M56:T2,M57:T1,M58:T3,M59:T7,M60:T5,M61:T4,M62:T1,M63:T4,M64:T8,M65:T10,M66:T3,M67:T2,M68:T7,M69:T6,M70:T5,M71:T7,M72:T3,M73:T9,M74:T4,M75:T10,M76:T6,M77:T4,M78:T1,M79:T2,M80:T5,M81:T3,M82:T6,M83:T10,M84:T8,M85:T9,M86:T7,M87:T6,M88:T7,M89:T5,M90:T8,M91:T9,M92:T10,M93:T8,M94:T4,M95:T6,M96:T9,M97:T7,M98:T5,M99:T2,M100:T9,M101:T3,M102:T8,M103:T5,M104:T4,M105:T10,M106:T2,M107:T4,M108:T3,M109:T5,M110:T6,M111:T2,M112:T8,M113:T4,M114:T1,M115:T6,M116:T8,M117:T4,M118:T3,M119:T5,M120:T2,M121:T9,M122:T6,M123:T4,M124:T5,M125:T2,M126:T3,M127:T8,M128:T4,M129:T5,M130:T7,M131:T5,M132:T10,M133:T1,M134:T4,M135:T7,M136:T10,M137:T5,M138:T6,M139:T9,M140:T3,M141:T8,M142:T1,M143:T4,M144:T3,M145:T7,M146:T5,M147:T8,M148:T10,M149:T3,M150:T2,M151:T10,M152:T3,M153:T6,M154:T1,M155:T2,M156:T4,M157:T9,M158:T8,M159:T7,M160:T5,M161:T4,M162:T1,M163:T10,M164:T6,M165:T7,M166:T2,M167:T9,M168:T5,M169:T8,M170:T4,M171:T3,M172:T5,M173:T2,M174:T2,M175:T5,M176:T1,M177:T6,M178:T4,M179:T9,M180:T1,M181:T2,M182:T8,M183:T10,M184:T9,M185:T3,M186:T6,M187:T6,M188:T7,M189:T8,M190:T5,M191:T9,M192:T10,M193:T1,M194:T10,M195:T1,M196:T8,M197:T4,M198:T6,M199:T3,M200:T7,M201:T8,M202:T9,M203:T10,M204:T1,M205:T7,M206:T5,M207:T2,M208:T3,M209:T6,M210:T8,M211:T7,M212:T1,M213:T2,M214:T3,M215:T5,M216:T7,M217:T9,M218:T3,M219:T2,M220:T7,M221:T8,M222:T3,M223:T9,M224:T4,M225:T1,M226:T5,M227:T2,M228:T6,M229:T7,M230:T4,M231:T1,M232:T6,M233:T3,M234:T10,M235:T8,M236:T9,M237:T7",1:M7 M23 M30 M43 M53 M57 M62 M78 M114 M133 M142 M154 M162 M176 M180 M193 M195 M204 M212 M225 M231 | 2:M8 M10 M17 M21 M44 M49 M56 M67 M79 M99 M106 M111 M120 M125 M150 M155 M166 M173 M174 M181 M207 M213 M219 M227 | 3:M6 M12 M22 M29 M50 M58 M66 M72 M81 M101 M108 M118 M126 M140 M144 M149 M152 M171 M185 M199 M208 M214 M218 M222 M233 | 4:M14 M25 M32 M40 M45 M61 M63 M74 M77 M94 M104 M107 M113 M117 M123 M128 M134 M143 M156 M161 M170 M178 M197 M224 M230 | 5:M5 M15 M28 M48 M60 M70 M80 M89 M98 M103 M109 M119 M124 M129 M131 M137 M146 M160 M168 M172 M175 M190 M206 M215 M226 | 6:M4 M18 M26 M33 M36 M41 M54 M69 M76 M82 M87 M95 M110 M115 M122 M138 M153 M164 M177 M186 M187 M198 M209 M228 M232 | 7:M9 M16 M34 M35 M42 M51 M59 M68 M71 M86 M88 M97 M130 M135 M145 M159 M165 M188 M200 M205 M211 M216 M220 M229 M237 | 8:M3 M20 M27 M37 M39 M52 M64 M84 M90 M93 M102 M112 M116 M127 M141 M147 M158 M169 M182 M189 M196 M201 M210 M221 M235 | 9:M2 M11 M19 M38 M47 M55 M73 M85 M91 M96 M100 M121 M139 M157 M167 M179 M184 M191 M202 M217 M223 M236 | 10:M1 M13 M24 M31 M46 M65 M75 M83 M92 M105 M132 M136 M148 M151 M163 M183 M192 M194 M203 M234,PASSED,,
tic-14crafc.prec25,SAT,OPTIMAL,2.63189,0.0,0.335784,1.812024,132.672,peak_process_tree_rss_mb,28007,98234,7,98241,RC2,0,0,,"0,0,0,0,0,0,0,0,0,0,0,0,0,0,0,0,0,0,0,0,0,0,0,0,0,0,0,0,0,0,0,0,0,0,0,0,0,0,0,0,0,0,0,0,0,0,0,0,0,0,0,0,0,0,0,0,0,0,0,0","M1:T9,M2:T10,M3:T6,M4:T4,M5:T8,M6:T7,M7:T1,M8:T5,M9:T6,M10:T3,M11:T10,M12:T4,M13:T7,M14:T9,M15:T2,M16:T6,M17:T5,M18:T8,M19:T5,M20:T8,M21:T7,M22:T9,M23:T10,M24:T3,M25:T9,M26:T5,M27:T2,M28:T10,M29:T1,M30:T2,M31:T9,M32:T8,M33:T4,M34:T1,M35:T6,M36:T2,M37:T3,M38:T4,M39:T6,M40:T4,M41:T4,M42:T6,M43:T5,M44:T9,M45:T3,M46:T2,M47:T8,M48:T4,M49:T3,M50:T8,M51:T6,M52:T7,M53:T1,M54:T9,M55:T10,M56:T8,M57:T1,M58:T2,M59:T4,M60:T6,M61:T5,M62:T4,M63:T6,M64:T2,M65:T1,M66:T10,M67:T7,M68:T3,M69:T5,M70:T9,M71:T3,M72:T7,M73:T10,M74:T1,M75:T9,M76:T2,M77:T1,M78:T9,M79:T6,M80:T2,M81:T4,M82:T3,M83:T7,M84:T5,M85:T10,M86:T8,M87:T5,M88:T6,M89:T9,M90:T7,M91:T8,M92:T10,M93:T3,M94:T4,M95:T6,M96:T1,M97:T5,M98:T7,M99:T2,M100:T10,M101:T9,M102:T5,M103:T8,M104:T7,M105:T1,M106:T8,M107:T7,M108:T10,M109:T4,M110:T6,M111:T7,M112:T8,M113:T5,M114:T3,M115:T10,M116:T4,M117:T5,M118:T9,M119:T8,M120:T7,M121:T2,M122:T5,M123:T6,M124:T8,M125:T3,M126:T5,M127:T9,M128:T8,M129:T7,M130:T6,M131:T6,M132:T8,M133:T4,M134:T9,M135:T3,M136:T7,M137:T1,M138:T2,M139:T8,M140:T5,M141:T10,M142:T1,M143:T2,M144:T3,M145:T9,M146:T6,M147:T10,M148:T1,M149:T9,M150:T7,M151:T7,M152:T9,M153:T1,M154:T3,M155:T4,M156:T5,M157:T2,M158:T8,M159:T6,M160:T10,M161:T8,M162:T6,M163:T10,M164:T7,M165:T3,M166:T9,M167:T5,M168:T2,M169:T1,M170:T9,M171:T3,M172:T5,M173:T7,M174:T1,M175:T4,M176:T6,M177:T3,M178:T8,M179:T10,M180:T2,M181:T3,M182:T7,M183:T2,M184:T3,M185:T4,M186:T5,M187:T3,M188:T6,M189:T1,M190:T5,M191:T4,M192:T2,M193:T7,M194:T9,M195:T2,M196:T3,M197:T4,M198:T8,M199:T1,M200:T7,M201:T2,M202:T8,M203:T10,M204:T4,M205:T7,M206:T1,M207:T5,M208:T2,M209:T6,M210:T3,M211:T3,M212:T6,M213:T4,M214:T1,M215:T2,M216:T8,M217:T2,M218:T5,M219:T4,M220:T3,M221:T8,M222:T4,M223:T10,M224:T5,M225:T6,M226:T9,M227:T7,M228:T2,M229:T6,M230:T4,M231:T8,M232:T7,M233:T10,M234:T3,M235:T1,M236:T5,M237:T4",1:M7 M29 M34 M53 M57 M65 M74 M77 M96 M105 M137 M142 M148 M153 M169 M174 M189 M199 M206 M214 M235 | 2:M15 M27 M30 M36 M46 M58 M64 M76 M80 M99 M121 M138 M143 M157 M168 M180 M183 M192 M195 M201 M208 M215 M217 M228 | 3:M10 M24 M37 M45 M49 M68 M71 M82 M93 M114 M125 M135 M144 M154 M165 M171 M177 M181 M184 M187 M196 M210 M211 M220 M234 | 4:M4 M12 M33 M38 M40 M41 M48 M59 M62 M81 M94 M109 M116 M133 M155 M175 M185 M191 M197 M204 M213 M219 M222 M230 M237 | 5:M8 M17 M19 M26 M43 M61 M69 M84 M87 M97 M102 M113 M117 M122 M126 M140 M156 M167 M172 M186 M190 M207 M218 M224 M236 | 6:M3 M9 M16 M35 M39 M42 M51 M60 M63 M79 M88 M95 M110 M123 M130 M131 M146 M159 M162 M176 M188 M209 M212 M225 M229 | 7:M6 M13 M21 M52 M67 M72 M83 M90 M98 M104 M107 M111 M120 M129 M136 M150 M151 M164 M173 M182 M193 M200 M205 M227 M232 | 8:M5 M18 M20 M32 M47 M50 M56 M86 M91 M103 M106 M112 M119 M124 M128 M132 M139 M158 M161 M178 M198 M202 M216 M221 M231 | 9:M1 M14 M22 M25 M31 M44 M54 M70 M75 M78 M89 M101 M118 M127 M134 M145 M149 M152 M166 M170 M194 M226 | 10:M2 M11 M23 M28 M55 M66 M73 M85 M92 M100 M108 M115 M141 M147 M160 M163 M179 M203 M223 M233,PASSED,,
tic-14crafd.prec15,SAT,OPTIMAL,1.208155,0.001998,0.360196,0.340211,131.059,peak_process_tree_rss_mb,27815,95115,8,95123,RC2,0,0,,"0,0,0,0,0,0,0,0,0,0,0,0,0,0,0,0,0,0,0,0,0,0,0,0,0,0,0,0,0,0,0,0,0,0,0,0,0,0,0,0,0,0,0,0,0,0,0,0,0,0,0,0,0,0,0,0,0,0,0,0","M1:T1,M2:T8,M3:T5,M4:T10,M5:T9,M6:T6,M7:T4,M8:T3,M9:T3,M10:T9,M11:T8,M12:T10,M13:T10,M14:T4,M15:T8,M16:T2,M17:T6,M18:T5,M19:T7,M20:T3,M21:T9,M22:T5,M23:T9,M24:T7,M25:T6,M26:T4,M27:T2,M28:T2,M29:T10,M30:T1,M31:T3,M32:T4,M33:T6,M34:T3,M35:T7,M36:T6,M37:T4,M38:T8,M39:T7,M40:T4,M41:T10,M42:T6,M43:T1,M44:T9,M45:T5,M46:T3,M47:T7,M48:T8,M49:T6,M50:T5,M51:T4,M52:T7,M53:T10,M54:T1,M55:T3,M56:T1,M57:T8,M58:T2,M59:T7,M60:T6,M61:T10,M62:T5,M63:T10,M64:T6,M65:T8,M66:T3,M67:T4,M68:T9,M69:T1,M70:T5,M71:T2,M72:T7,M73:T2,M74:T7,M75:T6,M76:T5,M77:T1,M78:T5,M79:T9,M80:T1,M81:T8,M82:T10,M83:T2,M84:T4,M85:T6,M86:T3,M87:T7,M88:T2,M89:T5,M90:T7,M91:T9,M92:T8,M93:T6,M94:T3,M95:T4,M96:T7,M97:T2,M98:T8,M99:T3,M100:T9,M101:T6,M102:T2,M103:T9,M104:T4,M105:T1,M106:T3,M107:T4,M108:T1,M109:T5,M110:T2,M111:T3,M112:T8,M113:T9,M114:T3,M115:T4,M116:T10,M117:T6,M118:T2,M119:T7,M120:T5,M121:T9,M122:T7,M123:T5,M124:T2,M125:T6,M126:T7,M127:T3,M128:T4,M129:T1,M130:T8,M131:T9,M132:T1,M133:T10,M134:T1,M135:T3,M136:T4,M137:T5,M138:T10,M139:T7,M140:T9,M141:T8,M142:T2,M143:T5,M144:T2,M145:T8,M146:T6,M147:T3,M148:T4,M149:T7,M150:T2,M151:T10,M152:T3,M153:T2,M154:T1,M155:T8,M156:T5,M157:T7,M158:T9,M159:T4,M160:T6,M161:T4,M162:T10,M163:T8,M164:T5,M165:T3,M166:T2,M167:T1,M168:T7,M169:T6,M170:T8,M171:T3,M172:T4,M173:T9,M174:T6,M175:T4,M176:T10,M177:T1,M178:T3,M179:T7,M180:T9,M181:T8,M182:T10,M183:T2,M184:T8,M185:T5,M186:T6,M187:T7,M188:T5,M189:T6,M190:T9,M191:T10,M192:T8,M193:T1,M194:T8,M195:T9,M196:T5,M197:T2,M198:T1,M199:T7,M200:T10,M201:T5,M202:T8,M203:T3,M204:T9,M205:T6,M206:T2,M207:T7,M208:T5,M209:T1,M210:T4,M211:T6,M212:T5,M213:T3,M214:T4,M215:T4,M216:T10,M217:T9,M218:T2,M219:T8,M220:T1,M221:T7,M222:T3,M223:T6,M224:T4,M225:T5,M226:T1,M227:T3,M228:T5,M229:T9,M230:T2,M231:T8,M232:T6,M233:T7,M234:T4,M235:T8,M236:T2",1:M1 M30 M43 M54 M56 M69 M77 M80 M105 M108 M129 M132 M134 M154 M167 M177 M193 M198 M209 M220 M226 | 2:M16 M27 M28 M58 M71 M73 M83 M88 M97 M102 M110 M118 M124 M142 M144 M150 M153 M166 M183 M197 M206 M218 M230 M236 | 3:M8 M9 M20 M31 M34 M46 M55 M66 M86 M94 M99 M106 M111 M114 M127 M135 M147 M152 M165 M171 M178 M203 M213 M222 M227 | 4:M7 M14 M26 M32 M37 M40 M51 M67 M84 M95 M104 M107 M115 M128 M136 M148 M159 M161 M172 M175 M210 M214 M215 M224 M234 | 5:M3 M18 M22 M45 M50 M62 M70 M76 M78 M89 M109 M120 M123 M137 M143 M156 M164 M185 M188 M196 M201 M208 M212 M225 M228 | 6:M6 M17 M25 M33 M36 M42 M49 M60 M64 M75 M85 M93 M101 M117 M125 M146 M160 M169 M174 M186 M189 M205 M211 M223 M232 | 7:M19 M24 M35 M39 M47 M52 M59 M72 M74 M87 M90 M96 M119 M122 M126 M139 M149 M157 M168 M179 M187 M199 M207 M221 M233 | 8:M2 M11 M15 M38 M48 M57 M65 M81 M92 M98 M112 M130 M141 M145 M155 M163 M170 M181 M184 M192 M194 M202 M219 M231 M235 | 9:M5 M10 M21 M23 M44 M68 M79 M91 M100 M103 M113 M121 M131 M140 M158 M173 M180 M190 M195 M204 M217 M229 | 10:M4 M12 M13 M29 M41 M53 M61 M63 M82 M116 M133 M138 M151 M162 M176 M182 M191 M200 M216,PASSED,,
tic-14crafd.prec25,SAT,OPTIMAL,2.347044,0.0,0.315917,1.51546,131.738,peak_process_tree_rss_mb,27815,98140,8,98148,RC2,0,0,,"0,0,0,0,0,0,0,0,0,0,0,0,0,0,0,0,0,0,0,0,0,0,0,0,0,0,0,0,0,0,0,0,0,0,0,0,0,0,0,0,0,0,0,0,0,0,0,0,0,0,0,0,0,0,0,0,0,0,0,0","M1:T7,M2:T9,M3:T6,M4:T1,M5:T5,M6:T4,M7:T3,M8:T8,M9:T8,M10:T1,M11:T2,M12:T5,M13:T8,M14:T5,M15:T9,M16:T6,M17:T10,M18:T2,M19:T3,M20:T4,M21:T7,M22:T5,M23:T4,M24:T7,M25:T4,M26:T2,M27:T1,M28:T1,M29:T5,M30:T2,M31:T3,M32:T8,M33:T6,M34:T10,M35:T7,M36:T7,M37:T4,M38:T5,M39:T8,M40:T4,M41:T10,M42:T4,M43:T8,M44:T1,M45:T6,M46:T2,M47:T5,M48:T10,M49:T9,M50:T6,M51:T7,M52:T3,M53:T5,M54:T8,M55:T2,M56:T5,M57:T1,M58:T6,M59:T10,M60:T3,M61:T2,M62:T9,M63:T3,M64:T6,M65:T2,M66:T5,M67:T7,M68:T8,M69:T10,M70:T4,M71:T1,M72:T9,M73:T1,M74:T10,M75:T3,M76:T4,M77:T5,M78:T2,M79:T9,M80:T1,M81:T3,M82:T6,M83:T10,M84:T5,M85:T8,M86:T4,M87:T7,M88:T7,M89:T8,M90:T1,M91:T5,M92:T4,M93:T3,M94:T2,M95:T6,M96:T6,M97:T7,M98:T3,M99:T8,M100:T1,M101:T4,M102:T9,M103:T7,M104:T2,M105:T3,M106:T1,M107:T3,M108:T4,M109:T5,M110:T1,M111:T2,M112:T9,M113:T10,M114:T3,M115:T1,M116:T8,M117:T4,M118:T2,M119:T5,M120:T10,M121:T8,M122:T7,M123:T3,M124:T8,M125:T5,M126:T2,M127:T9,M128:T6,M129:T7,M130:T4,M131:T7,M132:T8,M133:T9,M134:T3,M135:T7,M136:T5,M137:T6,M138:T10,M139:T2,M140:T8,M141:T9,M142:T4,M143:T9,M144:T3,M145:T10,M146:T1,M147:T2,M148:T7,M149:T6,M150:T10,M151:T6,M152:T2,M153:T1,M154:T3,M155:T7,M156:T10,M157:T9,M158:T8,M159:T5,M160:T4,M161:T9,M162:T8,M163:T2,M164:T6,M165:T1,M166:T5,M167:T4,M168:T10,M169:T3,M170:T9,M171:T4,M172:T5,M173:T6,M174:T6,M175:T5,M176:T2,M177:T9,M178:T3,M179:T7,M180:T8,M181:T8,M182:T7,M183:T3,M184:T6,M185:T10,M186:T2,M187:T7,M188:T6,M189:T9,M190:T5,M191:T8,M192:T4,M193:T1,M194:T2,M195:T1,M196:T10,M197:T6,M198:T7,M199:T8,M200:T9,M201:T4,M202:T8,M203:T4,M204:T7,M205:T9,M206:T3,M207:T2,M208:T6,M209:T5,M210:T1,M211:T6,M212:T4,M213:T3,M214:T2,M215:T7,M216:T4,M217:T6,M218:T10,M219:T5,M220:T7,M221:T2,M222:T1,M223:T3,M224:T9,M225:T8,M226:T8,M227:T3,M228:T10,M229:T7,M230:T4,M231:T6,M232:T9,M233:T9,M234:T10,M235:T3,M236:T6",1:M4 M10 M27 M28 M44 M57 M71 M73 M80 M90 M100 M106 M110 M115 M146 M153 M165 M193 M195 M210 M222 | 2:M11 M18 M26 M30 M46 M55 M61 M65 M78 M94 M104 M111 M118 M126 M139 M147 M152 M163 M176 M186 M194 M207 M214 M221 | 3:M7 M19 M31 M52 M60 M63 M75 M81 M93 M98 M105 M107 M114 M123 M134 M144 M154 M169 M178 M183 M206 M213 M223 M227 M235 | 4:M6 M20 M23 M25 M37 M40 M42 M70 M76 M86 M92 M101 M108 M117 M130 M142 M160 M167 M171 M192 M201 M203 M212 M216 M230 | 5:M5 M12 M14 M22 M29 M38 M47 M53 M56 M66 M77 M84 M91 M109 M119 M125 M136 M159 M166 M172 M175 M190 M209 M219 | 6:M3 M16 M33 M45 M50 M58 M64 M82 M95 M96 M128 M137 M149 M151 M164 M173 M174 M184 M188 M197 M208 M211 M217 M231 M236 | 7:M1 M21 M24 M35 M36 M51 M67 M87 M88 M97 M103 M122 M129 M131 M135 M148 M155 M179 M182 M187 M198 M204 M215 M220 M229 | 8:M8 M9 M13 M32 M39 M43 M54 M68 M85 M89 M99 M116 M121 M124 M132 M140 M158 M162 M180 M181 M191 M199 M202 M225 M226 | 9:M2 M15 M49 M62 M72 M79 M102 M112 M127 M133 M141 M143 M157 M161 M170 M177 M189 M200 M205 M224 M232 M233 | 10:M17 M34 M41 M48 M59 M69 M74 M83 M113 M120 M138 M145 M150 M156 M168 M185 M196 M218 M228 M234,PASSED,,
ticf-13crafa.prec15,SAT,OPTIMAL,7.709174,0.000999,1.403972,4.300819,229.16,peak_process_tree_rss_mb,131823,368121,19,368140,RC2,0,0,,"0,0,0,0,0,0,0,0,0,0,0,0,0,0,0,0,0,0,0,0,0,0,0,0,0,0,0,0,0,0,0,0,0,0,0,0,0,0,0,0,0,0,0,0,0,0,0,0,0,0,0,0,0,0,0,0,0,0,0,0,0,0,0,0,0,0,0,0,0,0","M1:T4,M2:T5,M3:T3,M4:T8,M5:T10,M6:T7,M7:T11,M8:T9,M9:T6,M10:T14,M11:T2,M12:T5,M13:T8,M14:T6,M15:T7,M16:T1,M17:T3,M18:T4,M19:T3,M20:T7,M21:T4,M22:T6,M23:T2,M24:T5,M25:T5,M26:T7,M27:T6,M28:T5,M29:T7,M30:T11,M31:T8,M32:T9,M33:T10,M34:T7,M35:T9,M36:T12,M37:T13,M38:T8,M39:T10,M40:T11,M41:T12,M42:T13,M43:T14,M44:T16,M45:T15,M46:T5,M47:T3,M48:T8,M49:T6,M50:T12,M51:T8,M52:T4,M53:T10,M54:T5,M55:T11,M56:T9,M57:T7,M58:T11,M59:T13,M60:T12,M61:T10,M62:T4,M63:T9,M64:T10,M65:T13,M66:T12,M67:T11,M68:T4,M69:T8,M70:T10,M71:T6,M72:T12,M73:T9,M74:T11,M75:T3,M76:T7,M77:T5,M78:T9,M79:T5,M80:T12,M81:T11,M82:T13,M83:T7,M84:T6,M85:T8,M86:T10,M87:T4,M88:T3,M89:T6,M90:T4,M91:T9,M92:T7,M93:T5,M94:T8,M95:T11,M96:T13,M97:T10,M98:T12,M99:T12,M100:T10,M101:T9,M102:T13,M103:T11,M104:T8,M105:T1,M106:T3,M107:T7,M108:T5,M109:T6,M110:T4,M111:T9,M112:T8,M113:T2,M114:T9,M115:T12,M116:T11,M117:T5,M118:T6,M119:T4,M120:T10,M121:T7,M122:T6,M123:T9,M124:T13,M125:T14,M126:T7,M127:T11,M128:T10,M129:T4,M130:T3,M131:T12,M132:T5,M133:T8,M134:T5,M135:T8,M136:T2,M137:T7,M138:T1,M139:T11,M140:T15,M141:T9,M142:T13,M143:T6,M144:T12,M145:T4,M146:T14,M147:T3,M148:T10,M149:T13,M150:T9,M151:T10,M152:T12,M153:T11,M154:T8",1:M16 M105 M138 | 2:M11 M23 M113 M136 | 3:M3 M17 M19 M47 M75 M88 M106 M130 M147 | 4:M1 M18 M21 M52 M62 M68 M87 M90 M110 M119 M129 M145 | 5:M2 M12 M24 M25 M28 M46 M54 M77 M79 M93 M108 M117 M132 M134 | 6:M9 M14 M22 M27 M49 M71 M84 M89 M109 M118 M122 M143 | 7:M6 M15 M20 M26 M29 M34 M57 M76 M83 M92 M107 M121 M126 M137 | 8:M4 M13 M31 M38 M48 M51 M69 M85 M94 M104 M112 M133 M135 M154 | 9:M8 M32 M35 M56 M63 M73 M78 M91 M101 M111 M114 M123 M141 M150 | 10:M5 M33 M39 M53 M61 M64 M70 M86 M97 M100 M120 M128 M148 M151 | 11:M7 M30 M40 M55 M58 M67 M74 M81 M95 M103 M116 M127 M139 M153 | 12:M36 M41 M50 M60 M66 M72 M80 M98 M99 M115 M131 M144 M152 | 13:M37 M42 M59 M65 M82 M96 M102 M124 M142 M149 | 14:M10 M43 M125 M146 | 15:M45 M140 | 16:M44 | 17: | 18: | 19: | 20: | 21:,PASSED,,
ticf-13crafa.prec25,UNSAT,UNSAT,3.997222,0.0,1.549011,0.417369,220.168,peak_process_tree_rss_mb,131823,375975,19,375994,RC2,,,,,,1: | 2: | 3: | 4: | 5: | 6: | 7: | 8: | 9: | 10: | 11: | 12: | 13: | 14: | 15: | 16: | 17: | 18: | 19: | 20: | 21:,NOT_RUN,,
ticf-13crafb.prec15,UNSAT,UNSAT,4.21095,0.0,1.570335,0.499457,229.539,peak_process_tree_rss_mb,138450,409137,20,409157,RC2,,,,,,1: | 2: | 3: | 4: | 5: | 6: | 7: | 8: | 9: | 10: | 11: | 12: | 13: | 14: | 15: | 16: | 17: | 18: | 19: | 20: | 21: | 22:,NOT_RUN,,
ticf-13crafb.prec25,UNSAT,UNSAT,4.314457,0.0,1.614547,0.464888,238.734,peak_process_tree_rss_mb,138450,419763,20,419783,RC2,,,,,,1: | 2: | 3: | 4: | 5: | 6: | 7: | 8: | 9: | 10: | 11: | 12: | 13: | 14: | 15: | 16: | 17: | 18: | 19: | 20: | 21: | 22:,NOT_RUN,,
ticf-13crafc.prec15,SAT,OPTIMAL,21.200971,0.0,1.482328,17.735598,244.105,peak_process_tree_rss_mb,131991,368499,19,368518,RC2,1,1,,"1,0,1,1,1,1,1,0,1,1,1,1,1,0,1,0,0,0,1,0,0,0,1,1,1,1,1,0,1,1,1,1,0,0,1,0,0,1,1,1,1,1,0,1,1,1,1,1,1,0,0,0,1,1,0,1,1,0,1,1,0,1,1,1,1,1,0,0,0,1","M1:T1,M2:T7,M3:T10,M4:T6,M5:T8,M6:T5,M7:T9,M8:T3,M9:T4,M10:T14,M11:T7,M12:T6,M13:T5,M14:T9,M15:T1,M16:T4,M17:T8,M18:T2,M19:T4,M20:T5,M21:T8,M22:T3,M23:T2,M24:T6,M25:T5,M26:T11,M27:T9,M28:T12,M29:T7,M30:T13,M31:T6,M32:T11,M33:T10,M34:T8,M35:T9,M36:T12,M37:T13,M38:T10,M39:T11,M40:T6,M41:T13,M42:T12,M43:T14,M44:T15,M45:T16,M46:T3,M47:T4,M48:T1,M49:T4,M50:T10,M51:T6,M52:T3,M53:T8,M54:T2,M55:T11,M56:T5,M57:T7,M58:T10,M59:T13,M60:T12,M61:T9,M62:T6,M63:T11,M64:T9,M65:T12,M66:T13,M67:T14,M68:T11,M69:T4,M70:T7,M71:T5,M72:T12,M73:T6,M74:T10,M75:T3,M76:T8,M77:T2,M78:T9,M79:T2,M80:T10,M81:T11,M82:T13,M83:T8,M84:T3,M85:T6,M86:T12,M87:T4,M88:T5,M89:T2,M90:T6,M91:T8,M92:T3,M93:T9,M94:T7,M95:T12,M96:T5,M97:T4,M98:T11,M99:T10,M100:T12,M101:T7,M102:T13,M103:T11,M104:T9,M105:T7,M106:T5,M107:T8,M108:T4,M109:T9,M110:T2,M111:T3,M112:T10,M113:T1,M114:T8,M115:T10,M116:T7,M117:T2,M118:T1,M119:T3,M120:T4,M121:T5,M122:T4,M123:T12,M124:T11,M125:T14,M126:T7,M127:T10,M128:T8,M129:T3,M130:T2,M131:T13,M132:T5,M133:T6,M134:T3,M135:T11,M136:T9,M137:T6,M138:T1,M139:T8,M140:T13,M141:T7,M142:T14,M143:T5,M144:T12,M145:T4,M146:T15,M147:T2,M148:T16,M149:T11,M150:T7,M151:T12,M152:T10,M153:T13,M154:T9",1:M1 M15 M48 M113 M118 M138 | 2:M18 M23 M54 M77 M79 M89 M110 M117 M130 M147 | 3:M8 M22 M46 M52 M75 M84 M92 M111 M119 M129 M134 | 4:M9 M16 M19 M47 M49 M69 M87 M97 M108 M120 M122 M145 | 5:M6 M13 M20 M25 M56 M71 M88 M96 M106 M121 M132 M143 | 6:M4 M12 M24 M31 M40 M51 M62 M73 M85 M90 M133 M137 | 7:M2 M11 M29 M57 M70 M94 M101 M105 M116 M126 M141 M150 | 8:M5 M17 M21 M34 M53 M76 M83 M91 M107 M114 M128 M139 | 9:M7 M14 M27 M35 M61 M64 M78 M93 M104 M109 M136 M154 | 10:M3 M33 M38 M50 M58 M74 M80 M99 M112 M115 M127 M152 | 11:M26 M32 M39 M55 M63 M68 M81 M98 M103 M124 M135 M149 | 12:M28 M36 M42 M60 M65 M72 M86 M95 M100 M123 M144 M151 | 13:M30 M37 M41 M59 M66 M82 M102 M131 M140 M153 | 14:M10 M43 M67 M125 M142 | 15:M44 M146 | 16:M45 M148 | 17: | 18: | 19: | 20: | 21:,PASSED,,
ticf-13crafc.prec25,UNSAT,UNSAT,3.898283,0.0,1.491889,0.469147,220.242,peak_process_tree_rss_mb,131991,376353,19,376372,RC2,,,,,,1: | 2: | 3: | 4: | 5: | 6: | 7: | 8: | 9: | 10: | 11: | 12: | 13: | 14: | 15: | 16: | 17: | 18: | 19: | 20: | 21:,NOT_RUN,,
ticf-14crafa.prec15,SAT,OPTIMAL,354.149591,0.0,1.931441,349.646221,343.539,peak_process_tree_rss_mb,162929,505913,20,505933,RC2,0,0,,"0,0,0,0,0,0,0,0,0,0,0,0,0,0,0,0,0,0,0,0,0,0,0,0,0,0,0,0,0,0,0,0,0,0,0,0,0,0,0,0,0,0,0,0,0,0,0,0,0,0,0,0,0,0,0,0,0,0,0,0,0,0,0,0,0,0,0,0,0,0,0,0,0,0,0,0,0,0","M1:T11,M2:T15,M3:T9,M4:T13,M5:T16,M6:T17,M7:T13,M8:T14,M9:T13,M10:T15,M11:T14,M12:T2,M13:T8,M14:T4,M15:T12,M16:T9,M17:T1,M18:T5,M19:T11,M20:T3,M21:T9,M22:T4,M23:T6,M24:T5,M25:T7,M26:T8,M27:T9,M28:T13,M29:T8,M30:T16,M31:T10,M32:T16,M33:T14,M34:T8,M35:T6,M36:T20,M37:T4,M38:T13,M39:T10,M40:T18,M41:T9,M42:T12,M43:T11,M44:T12,M45:T18,M46:T15,M47:T10,M48:T19,M49:T16,M50:T11,M51:T14,M52:T9,M53:T7,M54:T3,M55:T5,M56:T11,M57:T8,M58:T12,M59:T8,M60:T13,M61:T11,M62:T14,M63:T16,M64:T13,M65:T14,M66:T19,M67:T16,M68:T10,M69:T7,M70:T9,M71:T4,M72:T3,M73:T2,M74:T6,M75:T5,M76:T11,M77:T7,M78:T18,M79:T10,M80:T17,M81:T6,M82:T13,M83:T12,M84:T15,M85:T8,M86:T14,M87:T9,M88:T4,M89:T5,M90:T10,M91:T8,M92:T9,M93:T7,M94:T16,M95:T12,M96:T11,M97:T6,M98:T10,M99:T9,M100:T5,M101:T7,M102:T18,M103:T19,M104:T14,M105:T15,M106:T12,M107:T13,M108:T17,M109:T17,M110:T21,M111:T15,M112:T20,M113:T13,M114:T14,M115:T12,M116:T10,M117:T6,M118:T12,M119:T11,M120:T4,M121:T3,M122:T7,M123:T9,M124:T5,M125:T6,M126:T4,M127:T12,M128:T8,M129:T3,M130:T10,M131:T9,M132:T12,M133:T6,M134:T15,M135:T17,M136:T13,M137:T18,M138:T5,M139:T14,M140:T7,M141:T11,M142:T6,M143:T4,M144:T14,M145:T13,M146:T7,M147:T8,M148:T10,M149:T11,M150:T7,M151:T12,M152:T15,M153:T6,M154:T10,M155:T16,M156:T13,M157:T9,M158:T12,M159:T13,M160:T15,M161:T16,M162:T8,M163:T18,M164:T20,M165:T11,M166:T13,M167:T19,M168:T12,M169:T5,M170:T17,M171:T14,M172:T2,M173:T6,M174:T15,M175:T1,M176:T3,M177:T10,M178:T15,M179:T13,M180:T6,M181:T7,M182:T5,M183:T8,M184:T2,M185:T14,M186:T8,M187:T9,M188:T6,M189:T2,M190:T3,M191:T4,M192:T1,M193:T5,M194:T7,M195:T12,M196:T8,M197:T13,M198:T10,M199:T11,M200:T14,M201:T7,M202:T8,M203:T12,M204:T10,M205:T13,M206:T9,M207:T10,M208:T15,M209:T11,M210:T13,M211:T7,M212:T14,M213:T8,M214:T5,M215:T9,M216:T6,M217:T12,M218:T21,M219:T13,M220:T5,M221:T6,M222:T12,M223:T9,M224:T2,M225:T17,M226:T18,M227:T1,M228:T19,M229:T16,M230:T3,M231:T7,M232:T14,M233:T8,M234:T4,M235:T20,M236:T22,M237:T10,M238:T15,M239:T11,M240:T7,M241:T12,M242:T11,M243:T13,M244:T9,M245:T10,M246:T7,M247:T3,M248:T6,M249:T4,M250:T11,M251:T5,M252:T8,M253:T6,M254:T11,M255:T8,M256:T7,M257:T10,M258:T9,M259:T8,M260:T3,M261:T5,M262:T12,M263:T9,M264:T11,M265:T2,M266:T10,M267:T6,M268:T1,M269:T7,M270:T4,M271:T6,M272:T5,M273:T3,M274:T7,M275:T4,M276:T7,M277:T10,M278:T9,M279:T5,M280:T8,M281:T3,M282:T11,M283:T6,M284:T14,M285:T15,M286:T16,M287:T13,M288:T11,M289:T12,M290:T10,M291:T10,M292:T5,M293:T2,M294:T12,M295:T3,M296:T7,M297:T4,M298:T9,M299:T6,M300:T8,M301:T1,M302:T11",1:M17 M175 M192 M227 M268 M301 | 2:M12 M73 M172 M184 M189 M224 M265 M293 | 3:M20 M54 M72 M121 M129 M176 M190 M230 M247 M260 M273 M281 M295 | 4:M14 M22 M37 M71 M88 M120 M126 M143 M191 M234 M249 M270 M275 M297 | 5:M18 M24 M55 M75 M89 M100 M124 M138 M169 M182 M193 M214 M220 M251 M261 M272 M279 M292 | 6:M23 M35 M74 M81 M97 M117 M125 M133 M142 M153 M173 M180 M188 M216 M221 M248 M253 M267 M271 M283 M299 | 7:M25 M53 M69 M77 M93 M101 M122 M140 M146 M150 M181 M194 M201 M211 M231 M240 M246 M256 M269 M274 M276 M296 | 8:M13 M26 M29 M34 M57 M59 M85 M91 M128 M147 M162 M183 M186 M196 M202 M213 M233 M252 M255 M259 M280 M300 | 9:M3 M16 M21 M27 M41 M52 M70 M87 M92 M99 M123 M131 M157 M187 M206 M215 M223 M244 M258 M263 M278 M298 | 10:M31 M39 M47 M68 M79 M90 M98 M116 M130 M148 M154 M177 M198 M204 M207 M237 M245 M257 M266 M277 M290 M291 | 11:M1 M19 M43 M50 M56 M61 M76 M96 M119 M141 M149 M165 M199 M209 M239 M242 M250 M254 M264 M282 M288 M302 | 12:M15 M42 M44 M58 M83 M95 M106 M115 M118 M127 M132 M151 M158 M168 M195 M203 M217 M222 M241 M262 M289 M294 | 13:M4 M7 M9 M28 M38 M60 M64 M82 M107 M113 M136 M145 M156 M159 M166 M179 M197 M205 M210 M219 M243 M287 | 14:M8 M11 M33 M51 M62 M65 M86 M104 M114 M139 M144 M171 M185 M200 M212 M232 M284 | 15:M2 M10 M46 M84 M105 M111 M134 M152 M160 M174 M178 M208 M238 M285 | 16:M5 M30 M32 M49 M63 M67 M94 M155 M161 M229 M286 | 17:M6 M80 M108 M109 M135 M170 M225 | 18:M40 M45 M78 M102 M137 M163 M226 | 19:M48 M66 M103 M167 M228 | 20:M36 M112 M164 M235 | 21:M110 M218 | 22:M236,PASSED,,
ticf-14crafa.prec25,UNSAT,UNSAT,5.391211,0.0,2.036661,0.595991,264.449,peak_process_tree_rss_mb,162929,524382,20,524402,RC2,,,,,,1: | 2: | 3: | 4: | 5: | 6: | 7: | 8: | 9: | 10: | 11: | 12: | 13: | 14: | 15: | 16: | 17: | 18: | 19: | 20: | 21: | 22:,NOT_RUN,,
