instance,precedence_encoding,precedence_graph,precedence_configuration,domain_filter_graph,solver,objective,domain_mode,basic,imp1,imp2,imp12,imp12+,n/a
forum-13.prec50,pairwise,direct,pairwise+direct,direct,incremental,IdleRange(P*),reduced,-,-,-,-,0.6 3,-
forum-13.prec50,pairwise,direct,pairwise+direct,direct,maxsat,IdleRange(P*),reduced,-,-,-,-,0.8 3,-
forum-13.prec50,pairwise,direct,pairwise+direct,direct,multiple,IdleRange(P*),reduced,-,-,-,-,0.7 3,-
forum-13.prec50,pairwise,distance_closure,pairwise+distance_closure,direct,incremental,IdleRange(P*),reduced,-,-,-,-,0.6 3,-
forum-13.prec50,pairwise,distance_closure,pairwise+distance_closure,direct,maxsat,IdleRange(P*),reduced,-,-,-,-,0.8 3,-
forum-13.prec50,pairwise,distance_closure,pairwise+distance_closure,direct,multiple,IdleRange(P*),reduced,-,-,-,-,0.7 3,-
forum-13.prec50,sparse_suffix,direct,sparse_suffix+direct,direct,incremental,IdleRange(P*),reduced,-,-,-,-,0.5 3,-
forum-13.prec50,sparse_suffix,direct,sparse_suffix+direct,direct,maxsat,IdleRange(P*),reduced,-,-,-,-,0.7 3,-
forum-13.prec50,sparse_suffix,direct,sparse_suffix+direct,direct,multiple,IdleRange(P*),reduced,-,-,-,-,0.7 3,-
forum-13.prec50,sparse_suffix,distance_closure,sparse_suffix+distance_closure,direct,incremental,IdleRange(P*),reduced,-,-,-,-,0.5 3,-
forum-13.prec50,sparse_suffix,distance_closure,sparse_suffix+distance_closure,direct,maxsat,IdleRange(P*),reduced,-,-,-,-,0.8 3,-
forum-13.prec50,sparse_suffix,distance_closure,sparse_suffix+distance_closure,direct,multiple,IdleRange(P*),reduced,-,-,-,-,0.7 3,-
forum-13.prec60,pairwise,direct,pairwise+direct,direct,incremental,IdleRange(P*),reduced,-,-,-,-,0.5 3,-
forum-13.prec60,pairwise,direct,pairwise+direct,direct,maxsat,IdleRange(P*),reduced,-,-,-,-,0.7 3,-
forum-13.prec60,pairwise,direct,pairwise+direct,direct,multiple,IdleRange(P*),reduced,-,-,-,-,0.7 3,-
forum-13.prec60,pairwise,distance_closure,pairwise+distance_closure,direct,incremental,IdleRange(P*),reduced,-,-,-,-,0.5 3,-
forum-13.prec60,pairwise,distance_closure,pairwise+distance_closure,direct,maxsat,IdleRange(P*),reduced,-,-,-,-,0.7 3,-
forum-13.prec60,pairwise,distance_closure,pairwise+distance_closure,direct,multiple,IdleRange(P*),reduced,-,-,-,-,0.7 3,-
forum-13.prec60,sparse_suffix,direct,sparse_suffix+direct,direct,incremental,IdleRange(P*),reduced,-,-,-,-,0.5 3,-
forum-13.prec60,sparse_suffix,direct,sparse_suffix+direct,direct,maxsat,IdleRange(P*),reduced,-,-,-,-,0.7 3,-
forum-13.prec60,sparse_suffix,direct,sparse_suffix+direct,direct,multiple,IdleRange(P*),reduced,-,-,-,-,0.7 3,-
forum-13.prec60,sparse_suffix,distance_closure,sparse_suffix+distance_closure,direct,incremental,IdleRange(P*),reduced,-,-,-,-,0.5 3,-
forum-13.prec60,sparse_suffix,distance_closure,sparse_suffix+distance_closure,direct,maxsat,IdleRange(P*),reduced,-,-,-,-,0.7 3,-
forum-13.prec60,sparse_suffix,distance_closure,sparse_suffix+distance_closure,direct,multiple,IdleRange(P*),reduced,-,-,-,-,0.6 3,-
forum-13crafb.prec50,pairwise,direct,pairwise+direct,direct,incremental,IdleRange(P*),reduced,-,-,-,-,0.8 5,-
forum-13crafb.prec50,pairwise,direct,pairwise+direct,direct,maxsat,IdleRange(P*),reduced,-,-,-,-,1.4 5,-
forum-13crafb.prec50,pairwise,direct,pairwise+direct,direct,multiple,IdleRange(P*),reduced,-,-,-,-,1.1 5,-
forum-13crafb.prec50,pairwise,distance_closure,pairwise+distance_closure,direct,incremental,IdleRange(P*),reduced,-,-,-,-,0.9 5,-
forum-13crafb.prec50,pairwise,distance_closure,pairwise+distance_closure,direct,maxsat,IdleRange(P*),reduced,-,-,-,-,1.4 5,-
forum-13crafb.prec50,pairwise,distance_closure,pairwise+distance_closure,direct,multiple,IdleRange(P*),reduced,-,-,-,-,1.1 5,-
forum-13crafb.prec50,sparse_suffix,direct,sparse_suffix+direct,direct,incremental,IdleRange(P*),reduced,-,-,-,-,0.8 5,-
forum-13crafb.prec50,sparse_suffix,direct,sparse_suffix+direct,direct,maxsat,IdleRange(P*),reduced,-,-,-,-,1.4 5,-
forum-13crafb.prec50,sparse_suffix,direct,sparse_suffix+direct,direct,multiple,IdleRange(P*),reduced,-,-,-,-,1.1 5,-
forum-13crafb.prec50,sparse_suffix,distance_closure,sparse_suffix+distance_closure,direct,incremental,IdleRange(P*),reduced,-,-,-,-,0.9 5,-
forum-13crafb.prec50,sparse_suffix,distance_closure,sparse_suffix+distance_closure,direct,maxsat,IdleRange(P*),reduced,-,-,-,-,1.4 5,-
forum-13crafb.prec50,sparse_suffix,distance_closure,sparse_suffix+distance_closure,direct,multiple,IdleRange(P*),reduced,-,-,-,-,1.1 5,-
forum-13crafb.prec60,pairwise,direct,pairwise+direct,direct,incremental,IdleRange(P*),reduced,-,-,-,-,0.9 6,-
forum-13crafb.prec60,pairwise,direct,pairwise+direct,direct,maxsat,IdleRange(P*),reduced,-,-,-,-,1.5 6,-
forum-13crafb.prec60,pairwise,direct,pairwise+direct,direct,multiple,IdleRange(P*),reduced,-,-,-,-,1.1 6,-
forum-13crafb.prec60,pairwise,distance_closure,pairwise+distance_closure,direct,incremental,IdleRange(P*),reduced,-,-,-,-,0.9 6,-
forum-13crafb.prec60,pairwise,distance_closure,pairwise+distance_closure,direct,maxsat,IdleRange(P*),reduced,-,-,-,-,1.5 6,-
forum-13crafb.prec60,pairwise,distance_closure,pairwise+distance_closure,direct,multiple,IdleRange(P*),reduced,-,-,-,-,1.1 6,-
forum-13crafb.prec60,sparse_suffix,direct,sparse_suffix+direct,direct,incremental,IdleRange(P*),reduced,-,-,-,-,0.9 6,-
forum-13crafb.prec60,sparse_suffix,direct,sparse_suffix+direct,direct,maxsat,IdleRange(P*),reduced,-,-,-,-,1.5 6,-
forum-13crafb.prec60,sparse_suffix,direct,sparse_suffix+direct,direct,multiple,IdleRange(P*),reduced,-,-,-,-,1.1 6,-
forum-13crafb.prec60,sparse_suffix,distance_closure,sparse_suffix+distance_closure,direct,incremental,IdleRange(P*),reduced,-,-,-,-,0.9 6,-
forum-13crafb.prec60,sparse_suffix,distance_closure,sparse_suffix+distance_closure,direct,maxsat,IdleRange(P*),reduced,-,-,-,-,1.4 6,-
forum-13crafb.prec60,sparse_suffix,distance_closure,sparse_suffix+distance_closure,direct,multiple,IdleRange(P*),reduced,-,-,-,-,1.2 6,-
forum-13crafc.prec50,pairwise,direct,pairwise+direct,direct,incremental,IdleRange(P*),reduced,-,-,-,-,1.0 2,-
forum-13crafc.prec50,pairwise,direct,pairwise+direct,direct,maxsat,IdleRange(P*),reduced,-,-,-,-,1.4 2,-
forum-13crafc.prec50,pairwise,direct,pairwise+direct,direct,multiple,IdleRange(P*),reduced,-,-,-,-,0.9 2,-
forum-13crafc.prec50,pairwise,distance_closure,pairwise+distance_closure,direct,incremental,IdleRange(P*),reduced,-,-,-,-,0.6 2,-
forum-13crafc.prec50,pairwise,distance_closure,pairwise+distance_closure,direct,maxsat,IdleRange(P*),reduced,-,-,-,-,1.4 2,-
forum-13crafc.prec50,pairwise,distance_closure,pairwise+distance_closure,direct,multiple,IdleRange(P*),reduced,-,-,-,-,0.8 2,-
forum-13crafc.prec50,sparse_suffix,direct,sparse_suffix+direct,direct,incremental,IdleRange(P*),reduced,-,-,-,-,1.1 2,-
forum-13crafc.prec50,sparse_suffix,direct,sparse_suffix+direct,direct,maxsat,IdleRange(P*),reduced,-,-,-,-,1.1 2,-
forum-13crafc.prec50,sparse_suffix,direct,sparse_suffix+direct,direct,multiple,IdleRange(P*),reduced,-,-,-,-,0.8 2,-
forum-13crafc.prec50,sparse_suffix,distance_closure,sparse_suffix+distance_closure,direct,incremental,IdleRange(P*),reduced,-,-,-,-,0.7 2,-
forum-13crafc.prec50,sparse_suffix,distance_closure,sparse_suffix+distance_closure,direct,maxsat,IdleRange(P*),reduced,-,-,-,-,1.1 2,-
forum-13crafc.prec50,sparse_suffix,distance_closure,sparse_suffix+distance_closure,direct,multiple,IdleRange(P*),reduced,-,-,-,-,0.8 2,-
forum-13crafc.prec60,pairwise,direct,pairwise+direct,direct,incremental,IdleRange(P*),reduced,-,-,-,-,0.6 3,-
forum-13crafc.prec60,pairwise,direct,pairwise+direct,direct,maxsat,IdleRange(P*),reduced,-,-,-,-,1.1 3,-
forum-13crafc.prec60,pairwise,direct,pairwise+direct,direct,multiple,IdleRange(P*),reduced,-,-,-,-,0.9 3,-
forum-13crafc.prec60,pairwise,distance_closure,pairwise+distance_closure,direct,incremental,IdleRange(P*),reduced,-,-,-,-,0.5 3,-
forum-13crafc.prec60,pairwise,distance_closure,pairwise+distance_closure,direct,maxsat,IdleRange(P*),reduced,-,-,-,-,1.2 3,-
forum-13crafc.prec60,pairwise,distance_closure,pairwise+distance_closure,direct,multiple,IdleRange(P*),reduced,-,-,-,-,0.9 3,-
forum-13crafc.prec60,sparse_suffix,direct,sparse_suffix+direct,direct,incremental,IdleRange(P*),reduced,-,-,-,-,0.5 3,-
forum-13crafc.prec60,sparse_suffix,direct,sparse_suffix+direct,direct,maxsat,IdleRange(P*),reduced,-,-,-,-,1.1 3,-
forum-13crafc.prec60,sparse_suffix,direct,sparse_suffix+direct,direct,multiple,IdleRange(P*),reduced,-,-,-,-,0.8 3,-
forum-13crafc.prec60,sparse_suffix,distance_closure,sparse_suffix+distance_closure,direct,incremental,IdleRange(P*),reduced,-,-,-,-,0.6 3,-
forum-13crafc.prec60,sparse_suffix,distance_closure,sparse_suffix+distance_closure,direct,maxsat,IdleRange(P*),reduced,-,-,-,-,1.1 3,-
forum-13crafc.prec60,sparse_suffix,distance_closure,sparse_suffix+distance_closure,direct,multiple,IdleRange(P*),reduced,-,-,-,-,0.8 3,-
forum-14.prec50,pairwise,direct,pairwise+direct,direct,incremental,IdleRange(P*),reduced,-,-,-,-,1.9 4,-
forum-14.prec50,pairwise,direct,pairwise+direct,direct,maxsat,IdleRange(P*),reduced,-,-,-,-,2.5 4,-
forum-14.prec50,pairwise,direct,pairwise+direct,direct,multiple,IdleRange(P*),reduced,-,-,-,-,2.4 4,-
forum-14.prec50,pairwise,distance_closure,pairwise+distance_closure,direct,incremental,IdleRange(P*),reduced,-,-,-,-,1.8 4,-
forum-14.prec50,pairwise,distance_closure,pairwise+distance_closure,direct,maxsat,IdleRange(P*),reduced,-,-,-,-,2.6 4,-
forum-14.prec50,pairwise,distance_closure,pairwise+distance_closure,direct,multiple,IdleRange(P*),reduced,-,-,-,-,2.4 4,-
forum-14.prec50,sparse_suffix,direct,sparse_suffix+direct,direct,incremental,IdleRange(P*),reduced,-,-,-,-,1.8 4,-
forum-14.prec50,sparse_suffix,direct,sparse_suffix+direct,direct,maxsat,IdleRange(P*),reduced,-,-,-,-,2.5 4,-
forum-14.prec50,sparse_suffix,direct,sparse_suffix+direct,direct,multiple,IdleRange(P*),reduced,-,-,-,-,2.4 4,-
forum-14.prec50,sparse_suffix,distance_closure,sparse_suffix+distance_closure,direct,incremental,IdleRange(P*),reduced,-,-,-,-,1.8 4,-
forum-14.prec50,sparse_suffix,distance_closure,sparse_suffix+distance_closure,direct,maxsat,IdleRange(P*),reduced,-,-,-,-,2.6 4,-
forum-14.prec50,sparse_suffix,distance_closure,sparse_suffix+distance_closure,direct,multiple,IdleRange(P*),reduced,-,-,-,-,2.4 4,-
forum-14.prec60,pairwise,direct,pairwise+direct,direct,incremental,IdleRange(P*),reduced,-,-,-,-,1.6 4,-
forum-14.prec60,pairwise,direct,pairwise+direct,direct,maxsat,IdleRange(P*),reduced,-,-,-,-,2.4 4,-
forum-14.prec60,pairwise,direct,pairwise+direct,direct,multiple,IdleRange(P*),reduced,-,-,-,-,2.2 4,-
forum-14.prec60,pairwise,distance_closure,pairwise+distance_closure,direct,incremental,IdleRange(P*),reduced,-,-,-,-,2.4 4,-
forum-14.prec60,pairwise,distance_closure,pairwise+distance_closure,direct,maxsat,IdleRange(P*),reduced,-,-,-,-,2.4 4,-
forum-14.prec60,pairwise,distance_closure,pairwise+distance_closure,direct,multiple,IdleRange(P*),reduced,-,-,-,-,3.2 4,-
forum-14.prec60,sparse_suffix,direct,sparse_suffix+direct,direct,incremental,IdleRange(P*),reduced,-,-,-,-,2.7 4,-
forum-14.prec60,sparse_suffix,direct,sparse_suffix+direct,direct,maxsat,IdleRange(P*),reduced,-,-,-,-,2.3 4,-
forum-14.prec60,sparse_suffix,direct,sparse_suffix+direct,direct,multiple,IdleRange(P*),reduced,-,-,-,-,2.2 4,-
forum-14.prec60,sparse_suffix,distance_closure,sparse_suffix+distance_closure,direct,incremental,IdleRange(P*),reduced,-,-,-,-,2.4 4,-
forum-14.prec60,sparse_suffix,distance_closure,sparse_suffix+distance_closure,direct,maxsat,IdleRange(P*),reduced,-,-,-,-,2.4 4,-
forum-14.prec60,sparse_suffix,distance_closure,sparse_suffix+distance_closure,direct,multiple,IdleRange(P*),reduced,-,-,-,-,2.2 4,-
forumt-14.prec50,pairwise,direct,pairwise+direct,direct,incremental,IdleRange(P*),reduced,-,-,-,-,0.4 2,-
forumt-14.prec50,pairwise,direct,pairwise+direct,direct,maxsat,IdleRange(P*),reduced,-,-,-,-,0.6 2,-
forumt-14.prec50,pairwise,direct,pairwise+direct,direct,multiple,IdleRange(P*),reduced,-,-,-,-,0.5 2,-
forumt-14.prec50,pairwise,distance_closure,pairwise+distance_closure,direct,incremental,IdleRange(P*),reduced,-,-,-,-,0.4 2,-
forumt-14.prec50,pairwise,distance_closure,pairwise+distance_closure,direct,maxsat,IdleRange(P*),reduced,-,-,-,-,0.6 2,-
forumt-14.prec50,pairwise,distance_closure,pairwise+distance_closure,direct,multiple,IdleRange(P*),reduced,-,-,-,-,0.5 2,-
forumt-14.prec50,sparse_suffix,direct,sparse_suffix+direct,direct,incremental,IdleRange(P*),reduced,-,-,-,-,0.4 2,-
forumt-14.prec50,sparse_suffix,direct,sparse_suffix+direct,direct,maxsat,IdleRange(P*),reduced,-,-,-,-,0.6 2,-
forumt-14.prec50,sparse_suffix,direct,sparse_suffix+direct,direct,multiple,IdleRange(P*),reduced,-,-,-,-,0.5 2,-
forumt-14.prec50,sparse_suffix,distance_closure,sparse_suffix+distance_closure,direct,incremental,IdleRange(P*),reduced,-,-,-,-,0.4 2,-
forumt-14.prec50,sparse_suffix,distance_closure,sparse_suffix+distance_closure,direct,maxsat,IdleRange(P*),reduced,-,-,-,-,0.6 2,-
forumt-14.prec50,sparse_suffix,distance_closure,sparse_suffix+distance_closure,direct,multiple,IdleRange(P*),reduced,-,-,-,-,0.4 2,-
forumt-14.prec60,pairwise,direct,pairwise+direct,direct,incremental,IdleRange(P*),reduced,-,-,-,-,0.4 2,-
forumt-14.prec60,pairwise,direct,pairwise+direct,direct,maxsat,IdleRange(P*),reduced,-,-,-,-,0.6 2,-
forumt-14.prec60,pairwise,direct,pairwise+direct,direct,multiple,IdleRange(P*),reduced,-,-,-,-,0.5 2,-
forumt-14.prec60,pairwise,distance_closure,pairwise+distance_closure,direct,incremental,IdleRange(P*),reduced,-,-,-,-,0.4 2,-
forumt-14.prec60,pairwise,distance_closure,pairwise+distance_closure,direct,maxsat,IdleRange(P*),reduced,-,-,-,-,0.6 2,-
forumt-14.prec60,pairwise,distance_closure,pairwise+distance_closure,direct,multiple,IdleRange(P*),reduced,-,-,-,-,0.5 2,-
forumt-14.prec60,sparse_suffix,direct,sparse_suffix+direct,direct,incremental,IdleRange(P*),reduced,-,-,-,-,0.4 2,-
forumt-14.prec60,sparse_suffix,direct,sparse_suffix+direct,direct,maxsat,IdleRange(P*),reduced,-,-,-,-,0.6 2,-
forumt-14.prec60,sparse_suffix,direct,sparse_suffix+direct,direct,multiple,IdleRange(P*),reduced,-,-,-,-,0.5 2,-
forumt-14.prec60,sparse_suffix,distance_closure,sparse_suffix+distance_closure,direct,incremental,IdleRange(P*),reduced,-,-,-,-,0.4 2,-
forumt-14.prec60,sparse_suffix,distance_closure,sparse_suffix+distance_closure,direct,maxsat,IdleRange(P*),reduced,-,-,-,-,0.6 2,-
forumt-14.prec60,sparse_suffix,distance_closure,sparse_suffix+distance_closure,direct,multiple,IdleRange(P*),reduced,-,-,-,-,0.5 2,-
forumt-14crafc.prec50,pairwise,direct,pairwise+direct,direct,incremental,IdleRange(P*),reduced,-,-,-,-,0.4 2,-
forumt-14crafc.prec50,pairwise,direct,pairwise+direct,direct,maxsat,IdleRange(P*),reduced,-,-,-,-,0.4 2,-
forumt-14crafc.prec50,pairwise,direct,pairwise+direct,direct,multiple,IdleRange(P*),reduced,-,-,-,-,0.4 2,-
forumt-14crafc.prec50,pairwise,distance_closure,pairwise+distance_closure,direct,incremental,IdleRange(P*),reduced,-,-,-,-,0.4 2,-
forumt-14crafc.prec50,pairwise,distance_closure,pairwise+distance_closure,direct,maxsat,IdleRange(P*),reduced,-,-,-,-,0.4 2,-
forumt-14crafc.prec50,pairwise,distance_closure,pairwise+distance_closure,direct,multiple,IdleRange(P*),reduced,-,-,-,-,0.5 2,-
forumt-14crafc.prec50,sparse_suffix,direct,sparse_suffix+direct,direct,incremental,IdleRange(P*),reduced,-,-,-,-,0.4 2,-
forumt-14crafc.prec50,sparse_suffix,direct,sparse_suffix+direct,direct,maxsat,IdleRange(P*),reduced,-,-,-,-,0.5 2,-
forumt-14crafc.prec50,sparse_suffix,direct,sparse_suffix+direct,direct,multiple,IdleRange(P*),reduced,-,-,-,-,0.5 2,-
forumt-14crafc.prec50,sparse_suffix,distance_closure,sparse_suffix+distance_closure,direct,incremental,IdleRange(P*),reduced,-,-,-,-,0.4 2,-
forumt-14crafc.prec50,sparse_suffix,distance_closure,sparse_suffix+distance_closure,direct,maxsat,IdleRange(P*),reduced,-,-,-,-,0.5 2,-
forumt-14crafc.prec50,sparse_suffix,distance_closure,sparse_suffix+distance_closure,direct,multiple,IdleRange(P*),reduced,-,-,-,-,0.4 2,-
forumt-14crafc.prec60,pairwise,direct,pairwise+direct,direct,incremental,IdleRange(P*),reduced,-,-,-,-,0.4 2,-
forumt-14crafc.prec60,pairwise,direct,pairwise+direct,direct,maxsat,IdleRange(P*),reduced,-,-,-,-,0.4 2,-
forumt-14crafc.prec60,pairwise,direct,pairwise+direct,direct,multiple,IdleRange(P*),reduced,-,-,-,-,0.4 2,-
forumt-14crafc.prec60,pairwise,distance_closure,pairwise+distance_closure,direct,incremental,IdleRange(P*),reduced,-,-,-,-,0.3 2,-
forumt-14crafc.prec60,pairwise,distance_closure,pairwise+distance_closure,direct,maxsat,IdleRange(P*),reduced,-,-,-,-,0.4 2,-
forumt-14crafc.prec60,pairwise,distance_closure,pairwise+distance_closure,direct,multiple,IdleRange(P*),reduced,-,-,-,-,0.4 2,-
forumt-14crafc.prec60,sparse_suffix,direct,sparse_suffix+direct,direct,incremental,IdleRange(P*),reduced,-,-,-,-,0.3 2,-
forumt-14crafc.prec60,sparse_suffix,direct,sparse_suffix+direct,direct,maxsat,IdleRange(P*),reduced,-,-,-,-,0.4 2,-
forumt-14crafc.prec60,sparse_suffix,direct,sparse_suffix+direct,direct,multiple,IdleRange(P*),reduced,-,-,-,-,0.4 2,-
forumt-14crafc.prec60,sparse_suffix,distance_closure,sparse_suffix+distance_closure,direct,incremental,IdleRange(P*),reduced,-,-,-,-,0.4 2,-
forumt-14crafc.prec60,sparse_suffix,distance_closure,sparse_suffix+distance_closure,direct,maxsat,IdleRange(P*),reduced,-,-,-,-,0.4 2,-
forumt-14crafc.prec60,sparse_suffix,distance_closure,sparse_suffix+distance_closure,direct,multiple,IdleRange(P*),reduced,-,-,-,-,0.4 2,-
forumt-14crafd.prec50,pairwise,direct,pairwise+direct,direct,incremental,IdleRange(P*),reduced,-,-,-,-,0.4 2,-
forumt-14crafd.prec50,pairwise,direct,pairwise+direct,direct,maxsat,IdleRange(P*),reduced,-,-,-,-,0.5 2,-
forumt-14crafd.prec50,pairwise,direct,pairwise+direct,direct,multiple,IdleRange(P*),reduced,-,-,-,-,0.5 2,-
forumt-14crafd.prec50,pairwise,distance_closure,pairwise+distance_closure,direct,incremental,IdleRange(P*),reduced,-,-,-,-,0.4 2,-
forumt-14crafd.prec50,pairwise,distance_closure,pairwise+distance_closure,direct,maxsat,IdleRange(P*),reduced,-,-,-,-,0.5 2,-
forumt-14crafd.prec50,pairwise,distance_closure,pairwise+distance_closure,direct,multiple,IdleRange(P*),reduced,-,-,-,-,0.5 2,-
forumt-14crafd.prec50,sparse_suffix,direct,sparse_suffix+direct,direct,incremental,IdleRange(P*),reduced,-,-,-,-,0.5 2,-
forumt-14crafd.prec50,sparse_suffix,direct,sparse_suffix+direct,direct,maxsat,IdleRange(P*),reduced,-,-,-,-,0.5 2,-
forumt-14crafd.prec50,sparse_suffix,direct,sparse_suffix+direct,direct,multiple,IdleRange(P*),reduced,-,-,-,-,0.5 2,-
forumt-14crafd.prec50,sparse_suffix,distance_closure,sparse_suffix+distance_closure,direct,incremental,IdleRange(P*),reduced,-,-,-,-,0.4 2,-
forumt-14crafd.prec50,sparse_suffix,distance_closure,sparse_suffix+distance_closure,direct,maxsat,IdleRange(P*),reduced,-,-,-,-,0.5 2,-
forumt-14crafd.prec50,sparse_suffix,distance_closure,sparse_suffix+distance_closure,direct,multiple,IdleRange(P*),reduced,-,-,-,-,0.5 2,-
forumt-14crafd.prec60,pairwise,direct,pairwise+direct,direct,incremental,IdleRange(P*),reduced,-,-,-,-,0.4 2,-
forumt-14crafd.prec60,pairwise,direct,pairwise+direct,direct,maxsat,IdleRange(P*),reduced,-,-,-,-,0.4 2,-
forumt-14crafd.prec60,pairwise,direct,pairwise+direct,direct,multiple,IdleRange(P*),reduced,-,-,-,-,0.4 2,-
forumt-14crafd.prec60,pairwise,distance_closure,pairwise+distance_closure,direct,incremental,IdleRange(P*),reduced,-,-,-,-,0.4 2,-
forumt-14crafd.prec60,pairwise,distance_closure,pairwise+distance_closure,direct,maxsat,IdleRange(P*),reduced,-,-,-,-,0.4 2,-
forumt-14crafd.prec60,pairwise,distance_closure,pairwise+distance_closure,direct,multiple,IdleRange(P*),reduced,-,-,-,-,0.4 2,-
forumt-14crafd.prec60,sparse_suffix,direct,sparse_suffix+direct,direct,incremental,IdleRange(P*),reduced,-,-,-,-,0.4 2,-
forumt-14crafd.prec60,sparse_suffix,direct,sparse_suffix+direct,direct,maxsat,IdleRange(P*),reduced,-,-,-,-,0.4 2,-
forumt-14crafd.prec60,sparse_suffix,direct,sparse_suffix+direct,direct,multiple,IdleRange(P*),reduced,-,-,-,-,0.4 2,-
forumt-14crafd.prec60,sparse_suffix,distance_closure,sparse_suffix+distance_closure,direct,incremental,IdleRange(P*),reduced,-,-,-,-,0.4 2,-
forumt-14crafd.prec60,sparse_suffix,distance_closure,sparse_suffix+distance_closure,direct,maxsat,IdleRange(P*),reduced,-,-,-,-,0.4 2,-
forumt-14crafd.prec60,sparse_suffix,distance_closure,sparse_suffix+distance_closure,direct,multiple,IdleRange(P*),reduced,-,-,-,-,0.5 2,-
forumt-14crafe.prec50,pairwise,direct,pairwise+direct,direct,incremental,IdleRange(P*),reduced,-,-,-,-,0.4 2,-
forumt-14crafe.prec50,pairwise,direct,pairwise+direct,direct,maxsat,IdleRange(P*),reduced,-,-,-,-,0.6 2,-
forumt-14crafe.prec50,pairwise,direct,pairwise+direct,direct,multiple,IdleRange(P*),reduced,-,-,-,-,0.5 2,-
forumt-14crafe.prec50,pairwise,distance_closure,pairwise+distance_closure,direct,incremental,IdleRange(P*),reduced,-,-,-,-,0.4 2,-
forumt-14crafe.prec50,pairwise,distance_closure,pairwise+distance_closure,direct,maxsat,IdleRange(P*),reduced,-,-,-,-,0.6 2,-
forumt-14crafe.prec50,pairwise,distance_closure,pairwise+distance_closure,direct,multiple,IdleRange(P*),reduced,-,-,-,-,0.6 2,-
forumt-14crafe.prec50,sparse_suffix,direct,sparse_suffix+direct,direct,incremental,IdleRange(P*),reduced,-,-,-,-,0.9 2,-
forumt-14crafe.prec50,sparse_suffix,direct,sparse_suffix+direct,direct,maxsat,IdleRange(P*),reduced,-,-,-,-,0.5 2,-
forumt-14crafe.prec50,sparse_suffix,direct,sparse_suffix+direct,direct,multiple,IdleRange(P*),reduced,-,-,-,-,0.5 2,-
forumt-14crafe.prec50,sparse_suffix,distance_closure,sparse_suffix+distance_closure,direct,incremental,IdleRange(P*),reduced,-,-,-,-,0.5 2,-
forumt-14crafe.prec50,sparse_suffix,distance_closure,sparse_suffix+distance_closure,direct,maxsat,IdleRange(P*),reduced,-,-,-,-,0.6 2,-
forumt-14crafe.prec50,sparse_suffix,distance_closure,sparse_suffix+distance_closure,direct,multiple,IdleRange(P*),reduced,-,-,-,-,0.4 2,-
forumt-14crafe.prec60,pairwise,direct,pairwise+direct,direct,incremental,IdleRange(P*),reduced,-,-,-,-,0.8 2,-
forumt-14crafe.prec60,pairwise,direct,pairwise+direct,direct,maxsat,IdleRange(P*),reduced,-,-,-,-,0.6 2,-
forumt-14crafe.prec60,pairwise,direct,pairwise+direct,direct,multiple,IdleRange(P*),reduced,-,-,-,-,0.5 2,-
forumt-14crafe.prec60,pairwise,distance_closure,pairwise+distance_closure,direct,incremental,IdleRange(P*),reduced,-,-,-,-,0.8 2,-
forumt-14crafe.prec60,pairwise,distance_closure,pairwise+distance_closure,direct,maxsat,IdleRange(P*),reduced,-,-,-,-,0.8 2,-
forumt-14crafe.prec60,pairwise,distance_closure,pairwise+distance_closure,direct,multiple,IdleRange(P*),reduced,-,-,-,-,0.5 2,-
forumt-14crafe.prec60,sparse_suffix,direct,sparse_suffix+direct,direct,incremental,IdleRange(P*),reduced,-,-,-,-,0.5 2,-
forumt-14crafe.prec60,sparse_suffix,direct,sparse_suffix+direct,direct,maxsat,IdleRange(P*),reduced,-,-,-,-,0.6 2,-
forumt-14crafe.prec60,sparse_suffix,direct,sparse_suffix+direct,direct,multiple,IdleRange(P*),reduced,-,-,-,-,0.6 2,-
forumt-14crafe.prec60,sparse_suffix,distance_closure,sparse_suffix+distance_closure,direct,incremental,IdleRange(P*),reduced,-,-,-,-,0.5 2,-
forumt-14crafe.prec60,sparse_suffix,distance_closure,sparse_suffix+distance_closure,direct,maxsat,IdleRange(P*),reduced,-,-,-,-,0.9 2,-
forumt-14crafe.prec60,sparse_suffix,distance_closure,sparse_suffix+distance_closure,direct,multiple,IdleRange(P*),reduced,-,-,-,-,1.0 2,-
tic-12.prec50,pairwise,direct,pairwise+direct,direct,incremental,IdleRange(P*),reduced,-,-,-,-,0.1 1,-
tic-12.prec50,pairwise,direct,pairwise+direct,direct,maxsat,IdleRange(P*),reduced,-,-,-,-,0.1 1,-
tic-12.prec50,pairwise,direct,pairwise+direct,direct,multiple,IdleRange(P*),reduced,-,-,-,-,0.1 1,-
tic-12.prec50,pairwise,distance_closure,pairwise+distance_closure,direct,incremental,IdleRange(P*),reduced,-,-,-,-,0.1 1,-
tic-12.prec50,pairwise,distance_closure,pairwise+distance_closure,direct,maxsat,IdleRange(P*),reduced,-,-,-,-,0.1 1,-
tic-12.prec50,pairwise,distance_closure,pairwise+distance_closure,direct,multiple,IdleRange(P*),reduced,-,-,-,-,0.1 1,-
tic-12.prec50,sparse_suffix,direct,sparse_suffix+direct,direct,incremental,IdleRange(P*),reduced,-,-,-,-,0.1 1,-
tic-12.prec50,sparse_suffix,direct,sparse_suffix+direct,direct,maxsat,IdleRange(P*),reduced,-,-,-,-,0.1 1,-
tic-12.prec50,sparse_suffix,direct,sparse_suffix+direct,direct,multiple,IdleRange(P*),reduced,-,-,-,-,0.1 1,-
tic-12.prec50,sparse_suffix,distance_closure,sparse_suffix+distance_closure,direct,incremental,IdleRange(P*),reduced,-,-,-,-,0.1 1,-
tic-12.prec50,sparse_suffix,distance_closure,sparse_suffix+distance_closure,direct,maxsat,IdleRange(P*),reduced,-,-,-,-,0.1 1,-
tic-12.prec50,sparse_suffix,distance_closure,sparse_suffix+distance_closure,direct,multiple,IdleRange(P*),reduced,-,-,-,-,0.1 1,-
tic-12.prec60,pairwise,direct,pairwise+direct,direct,incremental,IdleRange(P*),reduced,-,-,-,-,0.1 1,-
tic-12.prec60,pairwise,direct,pairwise+direct,direct,maxsat,IdleRange(P*),reduced,-,-,-,-,0.1 1,-
tic-12.prec60,pairwise,direct,pairwise+direct,direct,multiple,IdleRange(P*),reduced,-,-,-,-,0.1 1,-
tic-12.prec60,pairwise,distance_closure,pairwise+distance_closure,direct,incremental,IdleRange(P*),reduced,-,-,-,-,0.1 1,-
tic-12.prec60,pairwise,distance_closure,pairwise+distance_closure,direct,maxsat,IdleRange(P*),reduced,-,-,-,-,0.1 1,-
tic-12.prec60,pairwise,distance_closure,pairwise+distance_closure,direct,multiple,IdleRange(P*),reduced,-,-,-,-,0.1 1,-
tic-12.prec60,sparse_suffix,direct,sparse_suffix+direct,direct,incremental,IdleRange(P*),reduced,-,-,-,-,0.1 1,-
tic-12.prec60,sparse_suffix,direct,sparse_suffix+direct,direct,maxsat,IdleRange(P*),reduced,-,-,-,-,0.1 1,-
tic-12.prec60,sparse_suffix,direct,sparse_suffix+direct,direct,multiple,IdleRange(P*),reduced,-,-,-,-,0.1 1,-
tic-12.prec60,sparse_suffix,distance_closure,sparse_suffix+distance_closure,direct,incremental,IdleRange(P*),reduced,-,-,-,-,0.1 1,-
tic-12.prec60,sparse_suffix,distance_closure,sparse_suffix+distance_closure,direct,maxsat,IdleRange(P*),reduced,-,-,-,-,0.1 1,-
tic-12.prec60,sparse_suffix,distance_closure,sparse_suffix+distance_closure,direct,multiple,IdleRange(P*),reduced,-,-,-,-,0.1 1,-
tic-12crafc.prec50,pairwise,direct,pairwise+direct,direct,incremental,IdleRange(P*),reduced,-,-,-,-,0.2 1,-
tic-12crafc.prec50,pairwise,direct,pairwise+direct,direct,maxsat,IdleRange(P*),reduced,-,-,-,-,0.2 1,-
tic-12crafc.prec50,pairwise,direct,pairwise+direct,direct,multiple,IdleRange(P*),reduced,-,-,-,-,0.2 1,-
tic-12crafc.prec50,pairwise,distance_closure,pairwise+distance_closure,direct,incremental,IdleRange(P*),reduced,-,-,-,-,0.3 1,-
tic-12crafc.prec50,pairwise,distance_closure,pairwise+distance_closure,direct,maxsat,IdleRange(P*),reduced,-,-,-,-,0.2 1,-
tic-12crafc.prec50,pairwise,distance_closure,pairwise+distance_closure,direct,multiple,IdleRange(P*),reduced,-,-,-,-,0.2 1,-
tic-12crafc.prec50,sparse_suffix,direct,sparse_suffix+direct,direct,incremental,IdleRange(P*),reduced,-,-,-,-,0.2 1,-
tic-12crafc.prec50,sparse_suffix,direct,sparse_suffix+direct,direct,maxsat,IdleRange(P*),reduced,-,-,-,-,0.3 1,-
tic-12crafc.prec50,sparse_suffix,direct,sparse_suffix+direct,direct,multiple,IdleRange(P*),reduced,-,-,-,-,0.2 1,-
tic-12crafc.prec50,sparse_suffix,distance_closure,sparse_suffix+distance_closure,direct,incremental,IdleRange(P*),reduced,-,-,-,-,0.2 1,-
tic-12crafc.prec50,sparse_suffix,distance_closure,sparse_suffix+distance_closure,direct,maxsat,IdleRange(P*),reduced,-,-,-,-,0.2 1,-
tic-12crafc.prec50,sparse_suffix,distance_closure,sparse_suffix+distance_closure,direct,multiple,IdleRange(P*),reduced,-,-,-,-,0.2 1,-
tic-12crafc.prec60,pairwise,direct,pairwise+direct,direct,incremental,IdleRange(P*),reduced,-,-,-,-,0.2 1,-
tic-12crafc.prec60,pairwise,direct,pairwise+direct,direct,maxsat,IdleRange(P*),reduced,-,-,-,-,0.2 1,-
tic-12crafc.prec60,pairwise,direct,pairwise+direct,direct,multiple,IdleRange(P*),reduced,-,-,-,-,0.2 1,-
tic-12crafc.prec60,pairwise,distance_closure,pairwise+distance_closure,direct,incremental,IdleRange(P*),reduced,-,-,-,-,0.2 1,-
tic-12crafc.prec60,pairwise,distance_closure,pairwise+distance_closure,direct,maxsat,IdleRange(P*),reduced,-,-,-,-,0.2 1,-
tic-12crafc.prec60,pairwise,distance_closure,pairwise+distance_closure,direct,multiple,IdleRange(P*),reduced,-,-,-,-,0.2 1,-
tic-12crafc.prec60,sparse_suffix,direct,sparse_suffix+direct,direct,incremental,IdleRange(P*),reduced,-,-,-,-,0.2 1,-
tic-12crafc.prec60,sparse_suffix,direct,sparse_suffix+direct,direct,maxsat,IdleRange(P*),reduced,-,-,-,-,0.2 1,-
tic-12crafc.prec60,sparse_suffix,direct,sparse_suffix+direct,direct,multiple,IdleRange(P*),reduced,-,-,-,-,0.2 1,-
tic-12crafc.prec60,sparse_suffix,distance_closure,sparse_suffix+distance_closure,direct,incremental,IdleRange(P*),reduced,-,-,-,-,0.2 1,-
tic-12crafc.prec60,sparse_suffix,distance_closure,sparse_suffix+distance_closure,direct,maxsat,IdleRange(P*),reduced,-,-,-,-,0.2 1,-
tic-12crafc.prec60,sparse_suffix,distance_closure,sparse_suffix+distance_closure,direct,multiple,IdleRange(P*),reduced,-,-,-,-,0.2 1,-
tic-13.prec50,pairwise,direct,pairwise+direct,direct,incremental,IdleRange(P*),reduced,-,-,-,-,0.6 1,-
tic-13.prec50,pairwise,direct,pairwise+direct,direct,maxsat,IdleRange(P*),reduced,-,-,-,-,1.0 1,-
tic-13.prec50,pairwise,direct,pairwise+direct,direct,multiple,IdleRange(P*),reduced,-,-,-,-,0.7 1,-
tic-13.prec50,pairwise,distance_closure,pairwise+distance_closure,direct,incremental,IdleRange(P*),reduced,-,-,-,-,0.8 1,-
tic-13.prec50,pairwise,distance_closure,pairwise+distance_closure,direct,maxsat,IdleRange(P*),reduced,-,-,-,-,1.1 1,-
tic-13.prec50,pairwise,distance_closure,pairwise+distance_closure,direct,multiple,IdleRange(P*),reduced,-,-,-,-,0.8 1,-
tic-13.prec50,sparse_suffix,direct,sparse_suffix+direct,direct,incremental,IdleRange(P*),reduced,-,-,-,-,0.8 1,-
tic-13.prec50,sparse_suffix,direct,sparse_suffix+direct,direct,maxsat,IdleRange(P*),reduced,-,-,-,-,1.0 1,-
tic-13.prec50,sparse_suffix,direct,sparse_suffix+direct,direct,multiple,IdleRange(P*),reduced,-,-,-,-,0.7 1,-
tic-13.prec50,sparse_suffix,distance_closure,sparse_suffix+distance_closure,direct,incremental,IdleRange(P*),reduced,-,-,-,-,0.8 1,-
tic-13.prec50,sparse_suffix,distance_closure,sparse_suffix+distance_closure,direct,maxsat,IdleRange(P*),reduced,-,-,-,-,1.2 1,-
tic-13.prec50,sparse_suffix,distance_closure,sparse_suffix+distance_closure,direct,multiple,IdleRange(P*),reduced,-,-,-,-,0.8 1,-
tic-13.prec60,pairwise,direct,pairwise+direct,direct,incremental,IdleRange(P*),reduced,-,-,-,-,0.3 1,-
tic-13.prec60,pairwise,direct,pairwise+direct,direct,maxsat,IdleRange(P*),reduced,-,-,-,-,0.3 1,-
tic-13.prec60,pairwise,direct,pairwise+direct,direct,multiple,IdleRange(P*),reduced,-,-,-,-,0.4 1,-
tic-13.prec60,pairwise,distance_closure,pairwise+distance_closure,direct,incremental,IdleRange(P*),reduced,-,-,-,-,0.3 1,-
tic-13.prec60,pairwise,distance_closure,pairwise+distance_closure,direct,maxsat,IdleRange(P*),reduced,-,-,-,-,0.3 1,-
tic-13.prec60,pairwise,distance_closure,pairwise+distance_closure,direct,multiple,IdleRange(P*),reduced,-,-,-,-,0.4 1,-
tic-13.prec60,sparse_suffix,direct,sparse_suffix+direct,direct,incremental,IdleRange(P*),reduced,-,-,-,-,0.3 1,-
tic-13.prec60,sparse_suffix,direct,sparse_suffix+direct,direct,maxsat,IdleRange(P*),reduced,-,-,-,-,0.3 1,-
tic-13.prec60,sparse_suffix,direct,sparse_suffix+direct,direct,multiple,IdleRange(P*),reduced,-,-,-,-,0.3 1,-
tic-13.prec60,sparse_suffix,distance_closure,sparse_suffix+distance_closure,direct,incremental,IdleRange(P*),reduced,-,-,-,-,0.2 1,-
tic-13.prec60,sparse_suffix,distance_closure,sparse_suffix+distance_closure,direct,maxsat,IdleRange(P*),reduced,-,-,-,-,0.4 1,-
tic-13.prec60,sparse_suffix,distance_closure,sparse_suffix+distance_closure,direct,multiple,IdleRange(P*),reduced,-,-,-,-,0.3 1,-
tic-13crafb.prec50,pairwise,direct,pairwise+direct,direct,incremental,IdleRange(P*),reduced,-,-,-,-,0.4 1,-
tic-13crafb.prec50,pairwise,direct,pairwise+direct,direct,maxsat,IdleRange(P*),reduced,-,-,-,-,0.4 1,-
tic-13crafb.prec50,pairwise,direct,pairwise+direct,direct,multiple,IdleRange(P*),reduced,-,-,-,-,0.4 1,-
tic-13crafb.prec50,pairwise,distance_closure,pairwise+distance_closure,direct,incremental,IdleRange(P*),reduced,-,-,-,-,0.4 1,-
tic-13crafb.prec50,pairwise,distance_closure,pairwise+distance_closure,direct,maxsat,IdleRange(P*),reduced,-,-,-,-,0.4 1,-
tic-13crafb.prec50,pairwise,distance_closure,pairwise+distance_closure,direct,multiple,IdleRange(P*),reduced,-,-,-,-,0.4 1,-
tic-13crafb.prec50,sparse_suffix,direct,sparse_suffix+direct,direct,incremental,IdleRange(P*),reduced,-,-,-,-,0.4 1,-
tic-13crafb.prec50,sparse_suffix,direct,sparse_suffix+direct,direct,maxsat,IdleRange(P*),reduced,-,-,-,-,0.4 1,-
tic-13crafb.prec50,sparse_suffix,direct,sparse_suffix+direct,direct,multiple,IdleRange(P*),reduced,-,-,-,-,0.4 1,-
tic-13crafb.prec50,sparse_suffix,distance_closure,sparse_suffix+distance_closure,direct,incremental,IdleRange(P*),reduced,-,-,-,-,0.4 1,-
tic-13crafb.prec50,sparse_suffix,distance_closure,sparse_suffix+distance_closure,direct,maxsat,IdleRange(P*),reduced,-,-,-,-,0.4 1,-
tic-13crafb.prec50,sparse_suffix,distance_closure,sparse_suffix+distance_closure,direct,multiple,IdleRange(P*),reduced,-,-,-,-,0.5 1,-
tic-13crafb.prec60,pairwise,direct,pairwise+direct,direct,incremental,IdleRange(P*),reduced,-,-,-,-,0.3 1,-
tic-13crafb.prec60,pairwise,direct,pairwise+direct,direct,maxsat,IdleRange(P*),reduced,-,-,-,-,0.4 1,-
tic-13crafb.prec60,pairwise,direct,pairwise+direct,direct,multiple,IdleRange(P*),reduced,-,-,-,-,0.4 1,-
tic-13crafb.prec60,pairwise,distance_closure,pairwise+distance_closure,direct,incremental,IdleRange(P*),reduced,-,-,-,-,0.3 1,-
tic-13crafb.prec60,pairwise,distance_closure,pairwise+distance_closure,direct,maxsat,IdleRange(P*),reduced,-,-,-,-,0.4 1,-
tic-13crafb.prec60,pairwise,distance_closure,pairwise+distance_closure,direct,multiple,IdleRange(P*),reduced,-,-,-,-,0.4 1,-
tic-13crafb.prec60,sparse_suffix,direct,sparse_suffix+direct,direct,incremental,IdleRange(P*),reduced,-,-,-,-,0.3 1,-
tic-13crafb.prec60,sparse_suffix,direct,sparse_suffix+direct,direct,maxsat,IdleRange(P*),reduced,-,-,-,-,0.4 1,-
tic-13crafb.prec60,sparse_suffix,direct,sparse_suffix+direct,direct,multiple,IdleRange(P*),reduced,-,-,-,-,0.4 1,-
tic-13crafb.prec60,sparse_suffix,distance_closure,sparse_suffix+distance_closure,direct,incremental,IdleRange(P*),reduced,-,-,-,-,0.3 1,-
tic-13crafb.prec60,sparse_suffix,distance_closure,sparse_suffix+distance_closure,direct,maxsat,IdleRange(P*),reduced,-,-,-,-,0.4 1,-
tic-13crafb.prec60,sparse_suffix,distance_closure,sparse_suffix+distance_closure,direct,multiple,IdleRange(P*),reduced,-,-,-,-,0.4 1,-
tic-13crafc.prec50,pairwise,direct,pairwise+direct,direct,incremental,IdleRange(P*),reduced,-,-,-,-,17.4 1,-
tic-13crafc.prec50,pairwise,direct,pairwise+direct,direct,maxsat,IdleRange(P*),reduced,-,-,-,-,12.5 1,-
tic-13crafc.prec50,pairwise,direct,pairwise+direct,direct,multiple,IdleRange(P*),reduced,-,-,-,-,4.5 1,-
tic-13crafc.prec50,pairwise,distance_closure,pairwise+distance_closure,direct,incremental,IdleRange(P*),reduced,-,-,-,-,46.0 1,-
tic-13crafc.prec50,pairwise,distance_closure,pairwise+distance_closure,direct,maxsat,IdleRange(P*),reduced,-,-,-,-,5.8 1,-
tic-13crafc.prec50,pairwise,distance_closure,pairwise+distance_closure,direct,multiple,IdleRange(P*),reduced,-,-,-,-,0.9 1,-
tic-13crafc.prec50,sparse_suffix,direct,sparse_suffix+direct,direct,incremental,IdleRange(P*),reduced,-,-,-,-,2.8 1,-
tic-13crafc.prec50,sparse_suffix,direct,sparse_suffix+direct,direct,maxsat,IdleRange(P*),reduced,-,-,-,-,2.0 1,-
tic-13crafc.prec50,sparse_suffix,direct,sparse_suffix+direct,direct,multiple,IdleRange(P*),reduced,-,-,-,-,15.5 1,-
tic-13crafc.prec50,sparse_suffix,distance_closure,sparse_suffix+distance_closure,direct,incremental,IdleRange(P*),reduced,-,-,-,-,10.1 1,-
tic-13crafc.prec50,sparse_suffix,distance_closure,sparse_suffix+distance_closure,direct,maxsat,IdleRange(P*),reduced,-,-,-,-,5.2 1,-
tic-13crafc.prec50,sparse_suffix,distance_closure,sparse_suffix+distance_closure,direct,multiple,IdleRange(P*),reduced,-,-,-,-,2.8 1,-
tic-13crafc.prec60,pairwise,direct,pairwise+direct,direct,incremental,IdleRange(P*),reduced,-,-,-,-,27.6 1,-
tic-13crafc.prec60,pairwise,direct,pairwise+direct,direct,maxsat,IdleRange(P*),reduced,-,-,-,-,9.1 1,-
tic-13crafc.prec60,pairwise,direct,pairwise+direct,direct,multiple,IdleRange(P*),reduced,-,-,-,-,46.8 1,-
tic-13crafc.prec60,pairwise,distance_closure,pairwise+distance_closure,direct,incremental,IdleRange(P*),reduced,-,-,-,-,69.5 1,-
tic-13crafc.prec60,pairwise,distance_closure,pairwise+distance_closure,direct,maxsat,IdleRange(P*),reduced,-,-,-,-,9.5 1,-
tic-13crafc.prec60,pairwise,distance_closure,pairwise+distance_closure,direct,multiple,IdleRange(P*),reduced,-,-,-,-,286.2 1,-
tic-13crafc.prec60,sparse_suffix,direct,sparse_suffix+direct,direct,incremental,IdleRange(P*),reduced,-,-,-,-,10.7 1,-
tic-13crafc.prec60,sparse_suffix,direct,sparse_suffix+direct,direct,maxsat,IdleRange(P*),reduced,-,-,-,-,28.5 1,-
tic-13crafc.prec60,sparse_suffix,direct,sparse_suffix+direct,direct,multiple,IdleRange(P*),reduced,-,-,-,-,3.7 1,-
tic-13crafc.prec60,sparse_suffix,distance_closure,sparse_suffix+distance_closure,direct,incremental,IdleRange(P*),reduced,-,-,-,-,2.9 1,-
tic-13crafc.prec60,sparse_suffix,distance_closure,sparse_suffix+distance_closure,direct,maxsat,IdleRange(P*),reduced,-,-,-,-,3.4 1,-
tic-13crafc.prec60,sparse_suffix,distance_closure,sparse_suffix+distance_closure,direct,multiple,IdleRange(P*),reduced,-,-,-,-,46.6 1,-
tic-14crafa.prec50,pairwise,direct,pairwise+direct,direct,incremental,IdleRange(P*),reduced,-,-,-,-,3.0 0,-
tic-14crafa.prec50,pairwise,direct,pairwise+direct,direct,maxsat,IdleRange(P*),reduced,-,-,-,-,5.2 0,-
tic-14crafa.prec50,pairwise,direct,pairwise+direct,direct,multiple,IdleRange(P*),reduced,-,-,-,-,2.3 0,-
tic-14crafa.prec50,pairwise,distance_closure,pairwise+distance_closure,direct,incremental,IdleRange(P*),reduced,-,-,-,-,2.4 0,-
tic-14crafa.prec50,pairwise,distance_closure,pairwise+distance_closure,direct,maxsat,IdleRange(P*),reduced,-,-,-,-,1.7 0,-
tic-14crafa.prec50,pairwise,distance_closure,pairwise+distance_closure,direct,multiple,IdleRange(P*),reduced,-,-,-,-,2.3 0,-
tic-14crafa.prec50,sparse_suffix,direct,sparse_suffix+direct,direct,incremental,IdleRange(P*),reduced,-,-,-,-,2.9 0,-
tic-14crafa.prec50,sparse_suffix,direct,sparse_suffix+direct,direct,maxsat,IdleRange(P*),reduced,-,-,-,-,6.8 0,-
tic-14crafa.prec50,sparse_suffix,direct,sparse_suffix+direct,direct,multiple,IdleRange(P*),reduced,-,-,-,-,2.6 0,-
tic-14crafa.prec50,sparse_suffix,distance_closure,sparse_suffix+distance_closure,direct,incremental,IdleRange(P*),reduced,-,-,-,-,2.9 0,-
tic-14crafa.prec50,sparse_suffix,distance_closure,sparse_suffix+distance_closure,direct,maxsat,IdleRange(P*),reduced,-,-,-,-,4.9 0,-
tic-14crafa.prec50,sparse_suffix,distance_closure,sparse_suffix+distance_closure,direct,multiple,IdleRange(P*),reduced,-,-,-,-,2.4 0,-
tic-14crafa.prec60,pairwise,direct,pairwise+direct,direct,incremental,IdleRange(P*),reduced,-,-,-,-,0.4 1,-
tic-14crafa.prec60,pairwise,direct,pairwise+direct,direct,maxsat,IdleRange(P*),reduced,-,-,-,-,0.6 1,-
tic-14crafa.prec60,pairwise,direct,pairwise+direct,direct,multiple,IdleRange(P*),reduced,-,-,-,-,0.6 1,-
tic-14crafa.prec60,pairwise,distance_closure,pairwise+distance_closure,direct,incremental,IdleRange(P*),reduced,-,-,-,-,0.4 1,-
tic-14crafa.prec60,pairwise,distance_closure,pairwise+distance_closure,direct,maxsat,IdleRange(P*),reduced,-,-,-,-,0.6 1,-
tic-14crafa.prec60,pairwise,distance_closure,pairwise+distance_closure,direct,multiple,IdleRange(P*),reduced,-,-,-,-,0.5 1,-
tic-14crafa.prec60,sparse_suffix,direct,sparse_suffix+direct,direct,incremental,IdleRange(P*),reduced,-,-,-,-,0.4 1,-
tic-14crafa.prec60,sparse_suffix,direct,sparse_suffix+direct,direct,maxsat,IdleRange(P*),reduced,-,-,-,-,0.6 1,-
tic-14crafa.prec60,sparse_suffix,direct,sparse_suffix+direct,direct,multiple,IdleRange(P*),reduced,-,-,-,-,0.6 1,-
tic-14crafa.prec60,sparse_suffix,distance_closure,sparse_suffix+distance_closure,direct,incremental,IdleRange(P*),reduced,-,-,-,-,0.4 1,-
tic-14crafa.prec60,sparse_suffix,distance_closure,sparse_suffix+distance_closure,direct,maxsat,IdleRange(P*),reduced,-,-,-,-,0.6 1,-
tic-14crafa.prec60,sparse_suffix,distance_closure,sparse_suffix+distance_closure,direct,multiple,IdleRange(P*),reduced,-,-,-,-,0.7 1,-
tic-14crafc.prec50,pairwise,direct,pairwise+direct,direct,incremental,IdleRange(P*),reduced,-,-,-,-,3.1 1,-
tic-14crafc.prec50,pairwise,direct,pairwise+direct,direct,maxsat,IdleRange(P*),reduced,-,-,-,-,14.9 1,-
tic-14crafc.prec50,pairwise,direct,pairwise+direct,direct,multiple,IdleRange(P*),reduced,-,-,-,-,1.3 1,-
tic-14crafc.prec50,pairwise,distance_closure,pairwise+distance_closure,direct,incremental,IdleRange(P*),reduced,-,-,-,-,1.1 1,-
tic-14crafc.prec50,pairwise,distance_closure,pairwise+distance_closure,direct,maxsat,IdleRange(P*),reduced,-,-,-,-,11.4 1,-
tic-14crafc.prec50,pairwise,distance_closure,pairwise+distance_closure,direct,multiple,IdleRange(P*),reduced,-,-,-,-,1.5 1,-
tic-14crafc.prec50,sparse_suffix,direct,sparse_suffix+direct,direct,incremental,IdleRange(P*),reduced,-,-,-,-,3.4 1,-
tic-14crafc.prec50,sparse_suffix,direct,sparse_suffix+direct,direct,maxsat,IdleRange(P*),reduced,-,-,-,-,3.4 1,-
tic-14crafc.prec50,sparse_suffix,direct,sparse_suffix+direct,direct,multiple,IdleRange(P*),reduced,-,-,-,-,1.2 1,-
tic-14crafc.prec50,sparse_suffix,distance_closure,sparse_suffix+distance_closure,direct,incremental,IdleRange(P*),reduced,-,-,-,-,4.2 1,-
tic-14crafc.prec50,sparse_suffix,distance_closure,sparse_suffix+distance_closure,direct,maxsat,IdleRange(P*),reduced,-,-,-,-,3.0 1,-
tic-14crafc.prec50,sparse_suffix,distance_closure,sparse_suffix+distance_closure,direct,multiple,IdleRange(P*),reduced,-,-,-,-,1.5 1,-
tic-14crafc.prec60,pairwise,direct,pairwise+direct,direct,incremental,IdleRange(P*),reduced,-,-,-,-,103.2 1,-
tic-14crafc.prec60,pairwise,direct,pairwise+direct,direct,maxsat,IdleRange(P*),reduced,-,-,-,-,21.0 1,-
tic-14crafc.prec60,pairwise,direct,pairwise+direct,direct,multiple,IdleRange(P*),reduced,-,-,-,-,38.1 1,-
tic-14crafc.prec60,pairwise,distance_closure,pairwise+distance_closure,direct,incremental,IdleRange(P*),reduced,-,-,-,-,26.6 1,-
tic-14crafc.prec60,pairwise,distance_closure,pairwise+distance_closure,direct,maxsat,IdleRange(P*),reduced,-,-,-,-,43.8 1,-
tic-14crafc.prec60,pairwise,distance_closure,pairwise+distance_closure,direct,multiple,IdleRange(P*),reduced,-,-,-,-,71.4 1,-
tic-14crafc.prec60,sparse_suffix,direct,sparse_suffix+direct,direct,incremental,IdleRange(P*),reduced,-,-,-,-,4.7 1,-
tic-14crafc.prec60,sparse_suffix,direct,sparse_suffix+direct,direct,maxsat,IdleRange(P*),reduced,-,-,-,-,18.5 1,-
tic-14crafc.prec60,sparse_suffix,direct,sparse_suffix+direct,direct,multiple,IdleRange(P*),reduced,-,-,-,-,323.7 1,-
tic-14crafc.prec60,sparse_suffix,distance_closure,sparse_suffix+distance_closure,direct,incremental,IdleRange(P*),reduced,-,-,-,-,48.2 1,-
tic-14crafc.prec60,sparse_suffix,distance_closure,sparse_suffix+distance_closure,direct,maxsat,IdleRange(P*),reduced,-,-,-,-,15.3 1,-
tic-14crafc.prec60,sparse_suffix,distance_closure,sparse_suffix+distance_closure,direct,multiple,IdleRange(P*),reduced,-,-,-,-,15.2 1,-
tic-14crafd.prec50,pairwise,direct,pairwise+direct,direct,incremental,IdleRange(P*),reduced,-,-,-,-,2.5 1,-
tic-14crafd.prec50,pairwise,direct,pairwise+direct,direct,maxsat,IdleRange(P*),reduced,-,-,-,-,0.6 1,-
tic-14crafd.prec50,pairwise,direct,pairwise+direct,direct,multiple,IdleRange(P*),reduced,-,-,-,-,1.3 1,-
tic-14crafd.prec50,pairwise,distance_closure,pairwise+distance_closure,direct,incremental,IdleRange(P*),reduced,-,-,-,-,1.1 1,-
tic-14crafd.prec50,pairwise,distance_closure,pairwise+distance_closure,direct,maxsat,IdleRange(P*),reduced,-,-,-,-,0.6 1,-
tic-14crafd.prec50,pairwise,distance_closure,pairwise+distance_closure,direct,multiple,IdleRange(P*),reduced,-,-,-,-,0.6 1,-
tic-14crafd.prec50,sparse_suffix,direct,sparse_suffix+direct,direct,incremental,IdleRange(P*),reduced,-,-,-,-,1.5 1,-
tic-14crafd.prec50,sparse_suffix,direct,sparse_suffix+direct,direct,maxsat,IdleRange(P*),reduced,-,-,-,-,2.9 1,-
tic-14crafd.prec50,sparse_suffix,direct,sparse_suffix+direct,direct,multiple,IdleRange(P*),reduced,-,-,-,-,1.1 1,-
tic-14crafd.prec50,sparse_suffix,distance_closure,sparse_suffix+distance_closure,direct,incremental,IdleRange(P*),reduced,-,-,-,-,1.2 1,-
tic-14crafd.prec50,sparse_suffix,distance_closure,sparse_suffix+distance_closure,direct,maxsat,IdleRange(P*),reduced,-,-,-,-,0.7 1,-
tic-14crafd.prec50,sparse_suffix,distance_closure,sparse_suffix+distance_closure,direct,multiple,IdleRange(P*),reduced,-,-,-,-,0.7 1,-
tic-14crafd.prec60,pairwise,direct,pairwise+direct,direct,incremental,IdleRange(P*),reduced,-,-,-,-,0.4 2,-
tic-14crafd.prec60,pairwise,direct,pairwise+direct,direct,maxsat,IdleRange(P*),reduced,-,-,-,-,0.5 2,-
tic-14crafd.prec60,pairwise,direct,pairwise+direct,direct,multiple,IdleRange(P*),reduced,-,-,-,-,0.4 2,-
tic-14crafd.prec60,pairwise,distance_closure,pairwise+distance_closure,direct,incremental,IdleRange(P*),reduced,-,-,-,-,0.4 2,-
tic-14crafd.prec60,pairwise,distance_closure,pairwise+distance_closure,direct,maxsat,IdleRange(P*),reduced,-,-,-,-,0.4 2,-
tic-14crafd.prec60,pairwise,distance_closure,pairwise+distance_closure,direct,multiple,IdleRange(P*),reduced,-,-,-,-,0.4 2,-
tic-14crafd.prec60,sparse_suffix,direct,sparse_suffix+direct,direct,incremental,IdleRange(P*),reduced,-,-,-,-,0.4 2,-
tic-14crafd.prec60,sparse_suffix,direct,sparse_suffix+direct,direct,maxsat,IdleRange(P*),reduced,-,-,-,-,0.5 2,-
tic-14crafd.prec60,sparse_suffix,direct,sparse_suffix+direct,direct,multiple,IdleRange(P*),reduced,-,-,-,-,0.4 2,-
tic-14crafd.prec60,sparse_suffix,distance_closure,sparse_suffix+distance_closure,direct,incremental,IdleRange(P*),reduced,-,-,-,-,0.4 2,-
tic-14crafd.prec60,sparse_suffix,distance_closure,sparse_suffix+distance_closure,direct,maxsat,IdleRange(P*),reduced,-,-,-,-,0.5 2,-
tic-14crafd.prec60,sparse_suffix,distance_closure,sparse_suffix+distance_closure,direct,multiple,IdleRange(P*),reduced,-,-,-,-,0.6 2,-
ticf-13crafa.prec50,pairwise,direct,pairwise+direct,direct,incremental,IdleRange(P*),reduced,-,-,-,-,0.5 4,-
ticf-13crafa.prec50,pairwise,direct,pairwise+direct,direct,maxsat,IdleRange(P*),reduced,-,-,-,-,0.7 4,-
ticf-13crafa.prec50,pairwise,direct,pairwise+direct,direct,multiple,IdleRange(P*),reduced,-,-,-,-,0.7 4,-
ticf-13crafa.prec50,pairwise,distance_closure,pairwise+distance_closure,direct,incremental,IdleRange(P*),reduced,-,-,-,-,0.5 4,-
ticf-13crafa.prec50,pairwise,distance_closure,pairwise+distance_closure,direct,maxsat,IdleRange(P*),reduced,-,-,-,-,0.7 4,-
ticf-13crafa.prec50,pairwise,distance_closure,pairwise+distance_closure,direct,multiple,IdleRange(P*),reduced,-,-,-,-,0.7 4,-
ticf-13crafa.prec50,sparse_suffix,direct,sparse_suffix+direct,direct,incremental,IdleRange(P*),reduced,-,-,-,-,0.5 4,-
ticf-13crafa.prec50,sparse_suffix,direct,sparse_suffix+direct,direct,maxsat,IdleRange(P*),reduced,-,-,-,-,0.7 4,-
ticf-13crafa.prec50,sparse_suffix,direct,sparse_suffix+direct,direct,multiple,IdleRange(P*),reduced,-,-,-,-,0.7 4,-
ticf-13crafa.prec50,sparse_suffix,distance_closure,sparse_suffix+distance_closure,direct,incremental,IdleRange(P*),reduced,-,-,-,-,0.5 4,-
ticf-13crafa.prec50,sparse_suffix,distance_closure,sparse_suffix+distance_closure,direct,maxsat,IdleRange(P*),reduced,-,-,-,-,0.7 4,-
ticf-13crafa.prec50,sparse_suffix,distance_closure,sparse_suffix+distance_closure,direct,multiple,IdleRange(P*),reduced,-,-,-,-,0.7 4,-
ticf-13crafa.prec60,pairwise,direct,pairwise+direct,direct,incremental,IdleRange(P*),reduced,-,-,-,-,0.5 4,-
ticf-13crafa.prec60,pairwise,direct,pairwise+direct,direct,maxsat,IdleRange(P*),reduced,-,-,-,-,0.7 4,-
ticf-13crafa.prec60,pairwise,direct,pairwise+direct,direct,multiple,IdleRange(P*),reduced,-,-,-,-,0.7 4,-
ticf-13crafa.prec60,pairwise,distance_closure,pairwise+distance_closure,direct,incremental,IdleRange(P*),reduced,-,-,-,-,0.5 4,-
ticf-13crafa.prec60,pairwise,distance_closure,pairwise+distance_closure,direct,maxsat,IdleRange(P*),reduced,-,-,-,-,0.7 4,-
ticf-13crafa.prec60,pairwise,distance_closure,pairwise+distance_closure,direct,multiple,IdleRange(P*),reduced,-,-,-,-,0.7 4,-
ticf-13crafa.prec60,sparse_suffix,direct,sparse_suffix+direct,direct,incremental,IdleRange(P*),reduced,-,-,-,-,0.5 4,-
ticf-13crafa.prec60,sparse_suffix,direct,sparse_suffix+direct,direct,maxsat,IdleRange(P*),reduced,-,-,-,-,0.7 4,-
ticf-13crafa.prec60,sparse_suffix,direct,sparse_suffix+direct,direct,multiple,IdleRange(P*),reduced,-,-,-,-,0.7 4,-
ticf-13crafa.prec60,sparse_suffix,distance_closure,sparse_suffix+distance_closure,direct,incremental,IdleRange(P*),reduced,-,-,-,-,0.5 4,-
ticf-13crafa.prec60,sparse_suffix,distance_closure,sparse_suffix+distance_closure,direct,maxsat,IdleRange(P*),reduced,-,-,-,-,0.7 4,-
ticf-13crafa.prec60,sparse_suffix,distance_closure,sparse_suffix+distance_closure,direct,multiple,IdleRange(P*),reduced,-,-,-,-,0.7 4,-
ticf-13crafb.prec50,pairwise,direct,pairwise+direct,direct,incremental,IdleRange(P*),reduced,-,-,-,-,1.5 5,-
ticf-13crafb.prec50,pairwise,direct,pairwise+direct,direct,maxsat,IdleRange(P*),reduced,-,-,-,-,1.9 5,-
ticf-13crafb.prec50,pairwise,direct,pairwise+direct,direct,multiple,IdleRange(P*),reduced,-,-,-,-,1.3 5,-
ticf-13crafb.prec50,pairwise,distance_closure,pairwise+distance_closure,direct,incremental,IdleRange(P*),reduced,-,-,-,-,0.9 5,-
ticf-13crafb.prec50,pairwise,distance_closure,pairwise+distance_closure,direct,maxsat,IdleRange(P*),reduced,-,-,-,-,1.7 5,-
ticf-13crafb.prec50,pairwise,distance_closure,pairwise+distance_closure,direct,multiple,IdleRange(P*),reduced,-,-,-,-,1.3 5,-
ticf-13crafb.prec50,sparse_suffix,direct,sparse_suffix+direct,direct,incremental,IdleRange(P*),reduced,-,-,-,-,1.5 5,-
ticf-13crafb.prec50,sparse_suffix,direct,sparse_suffix+direct,direct,maxsat,IdleRange(P*),reduced,-,-,-,-,1.8 5,-
ticf-13crafb.prec50,sparse_suffix,direct,sparse_suffix+direct,direct,multiple,IdleRange(P*),reduced,-,-,-,-,1.2 5,-
ticf-13crafb.prec50,sparse_suffix,distance_closure,sparse_suffix+distance_closure,direct,incremental,IdleRange(P*),reduced,-,-,-,-,1.5 5,-
ticf-13crafb.prec50,sparse_suffix,distance_closure,sparse_suffix+distance_closure,direct,maxsat,IdleRange(P*),reduced,-,-,-,-,1.9 5,-
ticf-13crafb.prec50,sparse_suffix,distance_closure,sparse_suffix+distance_closure,direct,multiple,IdleRange(P*),reduced,-,-,-,-,1.2 5,-
ticf-13crafb.prec60,pairwise,direct,pairwise+direct,direct,incremental,IdleRange(P*),reduced,-,-,-,-,1.5 5,-
ticf-13crafb.prec60,pairwise,direct,pairwise+direct,direct,maxsat,IdleRange(P*),reduced,-,-,-,-,1.8 5,-
ticf-13crafb.prec60,pairwise,direct,pairwise+direct,direct,multiple,IdleRange(P*),reduced,-,-,-,-,1.9 5,-
ticf-13crafb.prec60,pairwise,distance_closure,pairwise+distance_closure,direct,incremental,IdleRange(P*),reduced,-,-,-,-,0.9 5,-
ticf-13crafb.prec60,pairwise,distance_closure,pairwise+distance_closure,direct,maxsat,IdleRange(P*),reduced,-,-,-,-,1.6 5,-
ticf-13crafb.prec60,pairwise,distance_closure,pairwise+distance_closure,direct,multiple,IdleRange(P*),reduced,-,-,-,-,1.2 5,-
ticf-13crafb.prec60,sparse_suffix,direct,sparse_suffix+direct,direct,incremental,IdleRange(P*),reduced,-,-,-,-,0.9 5,-
ticf-13crafb.prec60,sparse_suffix,direct,sparse_suffix+direct,direct,maxsat,IdleRange(P*),reduced,-,-,-,-,1.6 5,-
ticf-13crafb.prec60,sparse_suffix,direct,sparse_suffix+direct,direct,multiple,IdleRange(P*),reduced,-,-,-,-,1.1 5,-
ticf-13crafb.prec60,sparse_suffix,distance_closure,sparse_suffix+distance_closure,direct,incremental,IdleRange(P*),reduced,-,-,-,-,0.9 5,-
ticf-13crafb.prec60,sparse_suffix,distance_closure,sparse_suffix+distance_closure,direct,maxsat,IdleRange(P*),reduced,-,-,-,-,1.6 5,-
ticf-13crafb.prec60,sparse_suffix,distance_closure,sparse_suffix+distance_closure,direct,multiple,IdleRange(P*),reduced,-,-,-,-,1.1 5,-
ticf-13crafc.prec50,pairwise,direct,pairwise+direct,direct,incremental,IdleRange(P*),reduced,-,-,-,-,0.6 2,-
ticf-13crafc.prec50,pairwise,direct,pairwise+direct,direct,maxsat,IdleRange(P*),reduced,-,-,-,-,0.9 2,-
ticf-13crafc.prec50,pairwise,direct,pairwise+direct,direct,multiple,IdleRange(P*),reduced,-,-,-,-,0.9 2,-
ticf-13crafc.prec50,pairwise,distance_closure,pairwise+distance_closure,direct,incremental,IdleRange(P*),reduced,-,-,-,-,0.6 2,-
ticf-13crafc.prec50,pairwise,distance_closure,pairwise+distance_closure,direct,maxsat,IdleRange(P*),reduced,-,-,-,-,1.0 2,-
ticf-13crafc.prec50,pairwise,distance_closure,pairwise+distance_closure,direct,multiple,IdleRange(P*),reduced,-,-,-,-,0.9 2,-
ticf-13crafc.prec50,sparse_suffix,direct,sparse_suffix+direct,direct,incremental,IdleRange(P*),reduced,-,-,-,-,0.7 2,-
ticf-13crafc.prec50,sparse_suffix,direct,sparse_suffix+direct,direct,maxsat,IdleRange(P*),reduced,-,-,-,-,1.0 2,-
ticf-13crafc.prec50,sparse_suffix,direct,sparse_suffix+direct,direct,multiple,IdleRange(P*),reduced,-,-,-,-,0.9 2,-
ticf-13crafc.prec50,sparse_suffix,distance_closure,sparse_suffix+distance_closure,direct,incremental,IdleRange(P*),reduced,-,-,-,-,0.7 2,-
ticf-13crafc.prec50,sparse_suffix,distance_closure,sparse_suffix+distance_closure,direct,maxsat,IdleRange(P*),reduced,-,-,-,-,1.0 2,-
ticf-13crafc.prec50,sparse_suffix,distance_closure,sparse_suffix+distance_closure,direct,multiple,IdleRange(P*),reduced,-,-,-,-,0.9 2,-
ticf-13crafc.prec60,pairwise,direct,pairwise+direct,direct,incremental,IdleRange(P*),reduced,-,-,-,-,0.5 4,-
ticf-13crafc.prec60,pairwise,direct,pairwise+direct,direct,maxsat,IdleRange(P*),reduced,-,-,-,-,0.8 4,-
ticf-13crafc.prec60,pairwise,direct,pairwise+direct,direct,multiple,IdleRange(P*),reduced,-,-,-,-,0.7 4,-
ticf-13crafc.prec60,pairwise,distance_closure,pairwise+distance_closure,direct,incremental,IdleRange(P*),reduced,-,-,-,-,0.5 4,-
ticf-13crafc.prec60,pairwise,distance_closure,pairwise+distance_closure,direct,maxsat,IdleRange(P*),reduced,-,-,-,-,0.7 4,-
ticf-13crafc.prec60,pairwise,distance_closure,pairwise+distance_closure,direct,multiple,IdleRange(P*),reduced,-,-,-,-,0.7 4,-
ticf-13crafc.prec60,sparse_suffix,direct,sparse_suffix+direct,direct,incremental,IdleRange(P*),reduced,-,-,-,-,0.5 4,-
ticf-13crafc.prec60,sparse_suffix,direct,sparse_suffix+direct,direct,maxsat,IdleRange(P*),reduced,-,-,-,-,0.8 4,-
ticf-13crafc.prec60,sparse_suffix,direct,sparse_suffix+direct,direct,multiple,IdleRange(P*),reduced,-,-,-,-,0.7 4,-
ticf-13crafc.prec60,sparse_suffix,distance_closure,sparse_suffix+distance_closure,direct,incremental,IdleRange(P*),reduced,-,-,-,-,0.5 4,-
ticf-13crafc.prec60,sparse_suffix,distance_closure,sparse_suffix+distance_closure,direct,maxsat,IdleRange(P*),reduced,-,-,-,-,0.8 4,-
ticf-13crafc.prec60,sparse_suffix,distance_closure,sparse_suffix+distance_closure,direct,multiple,IdleRange(P*),reduced,-,-,-,-,0.7 4,-
ticf-14crafa.prec50,pairwise,direct,pairwise+direct,direct,incremental,IdleRange(P*),reduced,-,-,-,-,3.9 4,-
ticf-14crafa.prec50,pairwise,direct,pairwise+direct,direct,maxsat,IdleRange(P*),reduced,-,-,-,-,5.3 4,-
ticf-14crafa.prec50,pairwise,direct,pairwise+direct,direct,multiple,IdleRange(P*),reduced,-,-,-,-,3.5 4,-
ticf-14crafa.prec50,pairwise,distance_closure,pairwise+distance_closure,direct,incremental,IdleRange(P*),reduced,-,-,-,-,3.5 4,-
ticf-14crafa.prec50,pairwise,distance_closure,pairwise+distance_closure,direct,maxsat,IdleRange(P*),reduced,-,-,-,-,4.2 4,-
ticf-14crafa.prec50,pairwise,distance_closure,pairwise+distance_closure,direct,multiple,IdleRange(P*),reduced,-,-,-,-,3.5 4,-
ticf-14crafa.prec50,sparse_suffix,direct,sparse_suffix+direct,direct,incremental,IdleRange(P*),reduced,-,-,-,-,3.7 4,-
ticf-14crafa.prec50,sparse_suffix,direct,sparse_suffix+direct,direct,maxsat,IdleRange(P*),reduced,-,-,-,-,4.1 4,-
ticf-14crafa.prec50,sparse_suffix,direct,sparse_suffix+direct,direct,multiple,IdleRange(P*),reduced,-,-,-,-,3.4 4,-
ticf-14crafa.prec50,sparse_suffix,distance_closure,sparse_suffix+distance_closure,direct,incremental,IdleRange(P*),reduced,-,-,-,-,2.7 4,-
ticf-14crafa.prec50,sparse_suffix,distance_closure,sparse_suffix+distance_closure,direct,maxsat,IdleRange(P*),reduced,-,-,-,-,4.2 4,-
ticf-14crafa.prec50,sparse_suffix,distance_closure,sparse_suffix+distance_closure,direct,multiple,IdleRange(P*),reduced,-,-,-,-,3.4 4,-
ticf-14crafa.prec60,pairwise,direct,pairwise+direct,direct,incremental,IdleRange(P*),reduced,-,-,-,-,3.0 6,-
ticf-14crafa.prec60,pairwise,direct,pairwise+direct,direct,maxsat,IdleRange(P*),reduced,-,-,-,-,3.6 6,-
ticf-14crafa.prec60,pairwise,direct,pairwise+direct,direct,multiple,IdleRange(P*),reduced,-,-,-,-,2.8 6,-
ticf-14crafa.prec60,pairwise,distance_closure,pairwise+distance_closure,direct,incremental,IdleRange(P*),reduced,-,-,-,-,2.3 6,-
ticf-14crafa.prec60,pairwise,distance_closure,pairwise+distance_closure,direct,maxsat,IdleRange(P*),reduced,-,-,-,-,3.2 6,-
ticf-14crafa.prec60,pairwise,distance_closure,pairwise+distance_closure,direct,multiple,IdleRange(P*),reduced,-,-,-,-,2.8 6,-
ticf-14crafa.prec60,sparse_suffix,direct,sparse_suffix+direct,direct,incremental,IdleRange(P*),reduced,-,-,-,-,2.3 6,-
ticf-14crafa.prec60,sparse_suffix,direct,sparse_suffix+direct,direct,maxsat,IdleRange(P*),reduced,-,-,-,-,3.6 6,-
ticf-14crafa.prec60,sparse_suffix,direct,sparse_suffix+direct,direct,multiple,IdleRange(P*),reduced,-,-,-,-,2.9 6,-
ticf-14crafa.prec60,sparse_suffix,distance_closure,sparse_suffix+distance_closure,direct,incremental,IdleRange(P*),reduced,-,-,-,-,2.9 6,-
ticf-14crafa.prec60,sparse_suffix,distance_closure,sparse_suffix+distance_closure,direct,maxsat,IdleRange(P*),reduced,-,-,-,-,3.3 6,-
ticf-14crafa.prec60,sparse_suffix,distance_closure,sparse_suffix+distance_closure,direct,multiple,IdleRange(P*),reduced,-,-,-,-,2.7 6,-
